game_id,white_rating,rolling_10_white
1,1500,1500.0
2,1322,1411.0
3,1496,1439.3333333333333
4,1439,1439.25
5,1523,1456.0
6,1250,1421.6666666666667
7,1520,1435.7142857142858
8,1413,1432.875
9,1439,1433.5555555555557
10,1381,1428.3
11,1381,1416.4
12,1381,1422.3
13,1381,1410.8
14,1381,1405.0
15,1094,1362.1
16,1141,1351.2
17,1094,1308.6
18,1141,1281.4
19,1094,1246.9
20,1500,1258.8
21,1094,1230.1
22,1094,1201.4
23,1500,1213.3
24,1307,1205.9
25,1113,1207.8
26,1078,1201.5
27,1825,1274.6
28,1328,1293.3
29,1056,1289.5
30,1077,1247.2
31,1358,1273.6
32,1200,1284.2
33,1203,1254.5
34,1019,1225.7
35,1422,1256.6
36,976,1246.4
37,1569,1220.8
38,978,1185.8
39,1500,1230.2
40,2449,1367.4
41,1207,1352.3
42,1241,1356.4
43,1500,1386.1
44,2443,1528.5
45,1500,1536.3
46,1500,1588.7
47,978,1529.6
48,1343,1566.1
49,2436,1659.7
50,2436,1658.4
51,978,1635.5
52,1500,1661.4
53,978,1609.2
54,1500,1514.9
55,1521,1517.0
56,1407,1507.7
57,1492,1559.1
58,1414,1566.2
59,1457,1468.3
60,1525,1377.2
61,1207,1400.1
62,1567,1406.8
63,1578,1466.8
64,1939,1510.7
65,1618,1520.4
66,1755,1555.2
67,1561,1562.1
68,1500,1570.7
69,1544,1579.4
70,1563,1583.2
71,1579,1620.4
72,1617,1625.4
73,1207,1588.3
74,1595,1553.9
75,1855,1577.6
76,1589,1561.0
77,1571,1562.0
78,1720,1584.0
79,1579,1587.5
80,1768,1608.0
81,1552,1605.3
82,1536,1597.2
83,1521,1628.6
84,1251,1594.2
85,1537,1562.4
86,1522,1555.7
87,1602,1558.8
88,1543,1541.1
89,1556,1538.8
90,1409,1502.9
91,1539,1501.6
92,1603,1508.3
93,1542,1510.4
94,1546,1539.9
95,1134,1499.6
96,1513,1498.7
97,1501,1488.6
98,1500,1484.3
99,1745,1503.2
100,1734,1535.7
101,1942,1576.0
102,1724,1588.1
103,1951,1629.0
104,1726,1647.0
105,1735,1707.1
106,1597,1715.5
107,1743,1739.7
108,1721,1761.8
109,1746,1761.9
110,1744,1762.9
111,1749,1743.6
112,1769,1748.1
113,1795,1732.5
114,1729,1732.8
115,1795,1738.8
116,1770,1756.1
117,1783,1760.1
118,1884,1776.4
119,1756,1777.4
120,1724,1775.4
121,2036,1804.1
122,1706,1797.8
123,1244,1742.7
124,1215,1691.3
125,1350,1646.8
126,1210,1590.8
127,1139,1526.4
128,1220,1460.0
129,1234,1407.8
130,1275,1362.9
131,1433,1302.6
132,1132,1245.2
133,1276,1248.4
134,1228,1249.7
135,1273,1242.0
136,1338,1254.8
137,1263,1267.2
138,1316,1276.8
139,1248,1278.2
140,1335,1284.2
141,1223,1263.2
142,1443,1294.3
143,1227,1289.4
144,1215,1288.1
145,1227,1283.5
146,1550,1304.7
147,1325,1310.9
148,1212,1300.5
149,1226,1298.3
150,1228,1287.6
151,1191,1284.4
152,1422,1282.3
153,1186,1278.2
154,1212,1277.9
155,1228,1278.0
156,1865,1309.5
157,1852,1362.2
158,1833,1424.3
159,1851,1486.8
160,1861,1550.1
161,1853,1616.3
162,1910,1665.1
163,1851,1731.6
164,1860,1796.4
165,1828,1856.4
166,1855,1855.4
167,1847,1854.9
168,1885,1860.1
169,1847,1859.7
170,1847,1858.3
171,1840,1857.0
172,1848,1850.8
173,1860,1851.7
174,1854,1851.1
175,1895,1857.8
176,1866,1858.9
177,1866,1860.8
178,1835,1855.8
179,1877,1858.8
180,1849,1859.0
181,1835,1858.5
182,1866,1860.3
183,1856,1859.9
184,1845,1859.0
185,1834,1852.9
186,1846,1850.9
187,1845,1848.8
188,1858,1851.1
189,1871,1850.5
190,1846,1850.2
191,1843,1851.0
192,1800,1844.4
193,1283,1787.1
194,1290,1731.6
195,1331,1681.3
196,1304,1627.1
197,1305,1573.1
198,1308,1518.1
199,1296,1460.6
200,968,1372.8
201,1293,1317.8
202,1500,1287.8
203,1288,1288.3
204,1289,1288.2
205,1431,1298.2
206,1806,1348.4
207,1289,1346.8
208,1431,1359.1
209,1289,1358.4
210,1289,1390.5
211,1806,1441.8
212,1289,1420.7
213,1409,1432.8
214,1280,1431.9
215,1280,1416.8
216,1211,1357.3
217,1281,1356.5
218,1288,1342.2
219,1560,1369.3
220,1274,1367.8
221,1259,1313.1
222,1614,1345.6
223,1221,1326.8
224,1222,1321.0
225,1232,1316.2
226,1240,1319.1
227,1590,1350.0
228,1568,1378.0
229,1500,1372.0
230,1384,1383.0
231,1384,1395.5
232,1384,1372.5
233,1377,1388.1
234,1375,1403.4
235,1378,1418.0
236,1261,1420.1
237,1380,1399.1
238,1369,1379.2
239,1290,1358.2
240,1372,1357.0
241,1361,1354.7
242,1217,1338.0
243,1387,1339.0
244,1474,1348.9
245,1377,1348.8
246,1389,1361.6
247,1389,1362.5
248,1849,1410.5
249,1395,1421.0
250,1370,1420.8
251,1360,1420.7
252,1311,1430.1
253,1714,1462.8
254,1354,1450.8
255,1245,1437.6
256,1346,1433.3
257,1336,1428.0
258,1580,1401.1
259,1555,1417.1
260,1649,1445.0
261,1426,1451.6
262,1557,1476.2
263,1557,1460.5
264,1607,1485.8
265,1557,1517.0
266,1535,1535.9
267,1713,1573.6
268,1497,1565.3
269,1437,1553.5
270,1516,1540.2
271,1513,1548.9
272,1355,1528.7
273,1638,1536.8
274,1613,1537.4
275,1865,1568.2
276,1776,1592.3
277,1568,1577.8
278,1605,1588.6
279,1518,1596.7
280,1728,1617.9
281,1515,1618.1
282,1538,1636.4
283,1511,1623.7
284,1464,1608.8
285,1470,1569.3
286,1490,1540.7
287,1611,1545.0
288,1611,1545.6
289,1584,1552.2
290,1942,1573.6
291,1217,1543.8
292,1611,1551.1
293,1611,1561.1
294,1486,1563.3
295,1453,1561.6
296,1340,1546.6
297,1532,1538.7
298,1560,1533.6
299,1571,1532.3
300,1580,1496.1
301,1531,1527.5
302,1449,1511.3
303,1743,1524.5
304,1604,1536.3
305,1550,1546.0
306,1630,1575.0
307,1475,1569.3
308,1605,1573.8
309,1475,1564.2
310,1570,1563.2
311,1605,1570.6
312,1500,1575.7
313,1605,1561.9
314,1513,1552.8
315,1790,1576.8
316,1864,1600.2
317,1496,1602.3
318,1851,1626.9
319,1861,1665.5
320,1618,1670.3
321,1620,1671.8
322,1621,1683.9
323,1633,1686.7
324,1623,1697.7
325,1612,1679.9
326,1605,1654.0
327,1693,1673.7
328,1631,1651.7
329,1636,1629.2
330,1613,1628.7
331,1627,1629.4
332,1480,1615.3
333,1631,1615.1
334,1687,1621.5
335,1630,1623.3
336,1414,1604.2
337,1619,1596.8
338,1629,1596.6
339,1649,1597.9
340,1677,1604.3
341,1705,1612.1
342,1647,1628.8
343,1637,1629.4
344,1626,1623.3
345,1602,1620.5
346,1634,1642.5
347,1611,1641.7
348,1579,1636.7
349,1995,1671.3
350,1589,1662.5
351,1570,1649.0
352,1559,1640.2
353,1546,1631.1
354,1550,1623.5
355,1560,1619.3
356,1840,1639.9
357,1660,1644.8
358,1534,1640.3
359,1789,1619.7
360,1841,1644.9
361,1926,1680.5
362,1629,1687.5
363,1860,1718.9
364,1500,1713.9
365,1780,1735.9
366,966,1648.5
367,884,1570.9
368,945,1512.0
369,971,1430.2
370,1238,1369.9
371,972,1274.5
372,1107,1222.3
373,974,1133.7
374,1203,1104.0
375,998,1025.8
376,1016,1030.8
377,1025,1044.9
378,1047,1055.1
379,998,1057.8
380,1127,1046.7
381,1020,1051.5
382,1069,1047.7
383,1071,1057.4
384,1115,1048.6
385,1190,1067.8
386,1337,1099.9
387,1500,1147.4
388,1500,1192.7
389,1367,1229.6
390,1590,1275.9
391,1377,1311.6
392,1558,1360.5
393,1476,1401.0
394,1376,1427.1
395,1460,1454.1
396,1372,1457.6
397,1373,1444.9
398,1500,1444.9
399,1382,1446.4
400,1320,1419.4
401,1383,1420.0
402,1383,1402.5
403,1469,1401.8
404,959,1360.1
405,1357,1349.8
406,959,1308.5
407,1588,1330.0
408,1541,1334.1
409,1517,1347.6
410,1569,1372.5
411,1563,1390.5
412,1903,1442.5
413,1612,1456.8
414,1327,1493.6
415,1245,1482.4
416,1921,1578.6
417,1462,1566.0
418,1450,1556.9
419,1439,1549.1
420,1728,1565.0
421,1547,1563.4
422,1863,1559.4
423,1559,1554.1
424,1570,1578.4
425,1562,1610.1
426,1576,1575.6
427,1353,1564.7
428,1591,1578.8
429,1560,1590.9
430,1727,1590.8
431,1579,1594.0
432,1877,1595.4
433,1536,1593.1
434,1529,1589.0
435,1590,1591.8
436,1653,1599.5
437,1675,1631.7
438,1547,1627.3
439,1507,1622.0
440,1641,1613.4
441,1496,1605.1
442,1482,1565.6
443,1486,1560.6
444,1919,1599.6
445,1488,1589.4
446,1470,1571.1
447,1465,1550.1
448,1586,1554.0
449,1548,1558.1
450,1500,1544.0
451,1509,1545.3
452,1356,1532.7
453,1495,1533.6
454,1529,1494.6
455,1631,1508.9
456,1546,1516.5
457,1568,1526.8
458,1354,1503.6
459,1626,1511.4
460,1639,1525.3
461,1646,1539.0
462,1646,1568.0
463,1657,1584.2
464,1667,1598.0
465,1683,1603.2
466,1596,1608.2
467,1769,1628.3
468,1668,1659.7
469,1752,1672.3
470,1688,1677.2
471,1582,1670.8
472,1693,1675.5
473,1676,1677.4
474,1142,1624.9
475,1678,1624.4
476,1154,1580.2
477,1686,1571.9
478,1102,1515.3
479,1684,1508.5
480,1493,1489.0
481,1525,1483.3
482,1709,1484.9
483,1692,1486.5
484,1688,1541.1
485,1699,1543.2
486,1703,1598.1
487,1694,1598.9
488,1696,1658.3
489,1572,1647.1
490,1392,1637.0
491,1707,1655.2
492,1684,1652.7
493,1733,1656.8
494,1721,1660.1
495,1724,1662.6
496,1746,1666.9
497,1741,1671.6
498,1295,1631.5
499,1430,1617.3
500,1302,1608.3
501,1314,1569.0
502,1445,1545.1
503,1321,1503.9
504,1300,1461.8
505,1318,1421.2
506,1450,1391.6
507,1290,1346.5
508,1300,1347.0
509,1209,1324.9
510,1299,1324.6
511,1814,1374.6
512,1348,1364.9
513,1318,1364.6
514,1324,1367.0
515,1345,1369.7
516,1352,1359.9
517,1350,1365.9
518,1403,1376.2
519,1322,1387.5
520,1331,1390.7
521,1373,1346.6
522,1350,1346.8
523,1270,1342.0
524,1223,1331.9
525,1289,1326.3
526,1007,1291.8
527,1170,1273.8
528,1442,1277.7
529,1172,1262.7
530,1178,1247.4
531,1171,1227.2
532,1175,1209.7
533,1273,1210.0
534,1154,1203.1
535,1167,1190.9
536,1439,1234.1
537,1245,1241.6
538,1250,1222.4
539,1164,1221.6
540,1173,1221.1
541,1089,1212.9
542,1278,1223.2
543,1178,1213.7
544,1164,1214.7
545,1353,1233.3
546,1030,1192.4
547,1176,1185.5
548,1353,1195.8
549,1184,1197.8
550,1171,1197.6
551,1157,1204.4
552,1034,1180.0
553,1156,1177.8
554,1142,1175.6
555,1042,1144.5
556,1123,1153.8
557,1247,1160.9
558,1070,1132.6
559,1099,1124.1
560,1114,1118.4
561,914,1094.1
562,1125,1103.2
563,1242,1111.8
564,1133,1110.9
565,981,1104.8
566,1111,1103.6
567,1126,1091.5
568,1147,1099.2
569,914,1080.7
570,1984,1167.7
571,1954,1271.7
572,2008,1360.0
573,1954,1431.2
574,2008,1518.7
575,1954,1616.0
576,2100,1714.9
577,1945,1796.8
578,1982,1880.3
579,1974,1986.3
580,2068,1994.7
581,1959,1995.2
582,2005,1994.9
583,1960,1995.5
584,1964,1991.1
585,1914,1987.1
586,1951,1972.2
587,2149,1992.6
588,1599,1954.3
589,1882,1945.1
590,1699,1908.2
591,1916,1903.9
592,1936,1897.0
593,1758,1876.8
594,1265,1806.9
595,1954,1810.9
596,1984,1814.2
597,2050,1804.3
598,1627,1807.1
599,2050,1823.9
600,1627,1816.7
601,1617,1786.8
602,2050,1798.2
603,1981,1820.5
604,2050,1899.0
605,1901,1893.7
606,1164,1811.7
607,1435,1750.2
608,1164,1703.9
609,1164,1615.3
610,1245,1577.1
611,1287,1544.1
612,1866,1525.7
613,1211,1448.7
614,1344,1378.1
615,1834,1371.4
616,1500,1405.0
617,1635,1425.0
618,1456,1454.2
619,1378,1475.6
620,1500,1501.1
621,1714,1543.8
622,1613,1518.5
623,1731,1570.5
624,1739,1610.0
625,1760,1602.6
626,1708,1623.4
627,1721,1632.0
628,1707,1657.1
629,1170,1636.3
630,1261,1612.4
631,1100,1551.0
632,1590,1548.7
633,1100,1485.6
634,1302,1441.9
635,1234,1389.3
636,1522,1370.7
637,2306,1429.2
638,2422,1500.7
639,2373,1621.0
640,2325,1727.4
641,2336,1851.0
642,2334,1925.4
643,2329,2048.3
644,1879,2106.0
645,2323,2214.9
646,1622,2224.9
647,1933,2187.6
648,1983,2143.7
649,2312,2137.6
650,1866,2091.7
651,1835,2041.6
652,2300,2038.2
653,2288,2034.1
654,2283,2074.5
655,2275,2069.7
656,1909,2098.4
657,2263,2131.4
658,1293,2062.4
659,2257,2056.9
660,2191,2089.4
661,1380,2043.9
662,1796,1993.5
663,1879,1952.6
664,2217,1946.0
665,2336,1952.1
666,2175,1978.7
667,2161,1968.5
668,2150,2054.2
669,1976,2026.1
670,1830,1990.0
671,2001,2052.1
672,2104,2082.9
673,1918,2086.8
674,2082,2073.3
675,1774,2017.1
676,1778,1977.4
677,1783,1939.6
678,1788,1903.4
679,1609,1866.7
680,1701,1853.8
681,2091,1862.8
682,1931,1845.5
683,1408,1794.5
684,1398,1726.1
685,1387,1687.4
686,1394,1649.0
687,1479,1618.6
688,1371,1576.9
689,1372,1553.2
690,1351,1518.2
691,1209,1430.0
692,1221,1359.0
693,1332,1351.4
694,1528,1364.4
695,1231,1348.8
696,1142,1323.6
697,1263,1302.0
698,1392,1304.1
699,1906,1357.5
700,1841,1406.5
701,1905,1476.1
702,1467,1500.7
703,1478,1515.3
704,1500,1512.5
705,1478,1537.2
706,1478,1570.8
707,1453,1589.8
708,1466,1597.2
709,1466,1553.2
710,1466,1515.7
711,1479,1473.1
712,1566,1483.0
713,1454,1480.6
714,1444,1475.0
715,1387,1465.9
716,1417,1459.8
717,1436,1458.1
718,1455,1457.0
719,1318,1442.2
720,1437,1439.3
721,1448,1436.2
722,1308,1410.4
723,1708,1435.8
724,1960,1487.4
725,1969,1545.6
726,1325,1536.4
727,1325,1525.3
728,1322,1512.0
729,1224,1502.6
730,1353,1494.2
731,1131,1462.5
732,1197,1451.4
733,1163,1396.9
734,1362,1337.1
735,1348,1275.0
736,1375,1280.0
737,911,1238.6
738,1030,1209.4
739,1352,1222.2
740,2035,1290.4
741,1787,1356.0
742,1810,1417.3
743,1783,1479.3
744,1723,1515.4
745,1645,1545.1
746,1800,1587.6
747,1798,1676.3
748,1602,1733.5
749,1415,1739.8
750,1758,1712.1
751,1815,1714.9
752,1800,1713.9
753,1820,1717.6
754,1830,1728.3
755,1914,1755.2
756,1856,1760.8
757,2153,1796.3
758,2474,1883.5
759,2469,1988.9
760,2220,2035.1
761,1973,2050.9
762,2465,2117.4
763,2460,2181.4
764,2104,2208.8
765,2301,2247.5
766,2447,2306.6
767,2306,2321.9
768,2432,2317.7
769,2255,2296.3
770,2428,2317.1
771,2208,2340.6
772,2418,2335.9
773,2083,2298.2
774,2409,2328.7
775,2281,2326.7
776,2015,2283.5
777,1426,2195.5
778,1437,2096.0
779,1719,2042.4
780,1689,1968.5
781,1672,1914.9
782,1695,1842.6
783,1706,1804.9
784,1687,1732.7
785,1728,1677.4
786,1648,1640.7
787,1719,1670.0
788,1648,1691.1
789,1696,1688.8
790,1732,1693.1
791,1833,1709.2
792,1433,1683.0
793,1729,1685.3
794,1722,1688.8
795,1713,1687.3
796,1605,1683.0
797,1690,1680.1
798,1622,1677.5
799,1702,1678.1
800,1568,1661.7
801,1707,1649.1
802,1453,1651.1
803,1735,1651.7
804,1744,1653.9
805,1854,1668.0
806,1705,1678.0
807,1709,1679.9
808,1694,1687.1
809,1651,1682.0
810,1706,1695.8
811,1683,1693.4
812,1707,1718.8
813,1758,1721.1
814,1713,1718.0
815,1724,1705.0
816,1730,1707.5
817,2334,1770.0
818,1680,1768.6
819,1774,1780.9
820,1711,1781.4
821,1760,1789.1
822,1713,1789.7
823,1710,1784.9
824,1374,1751.0
825,1603,1738.9
826,1564,1722.3
827,1821,1671.0
828,1512,1654.2
829,1821,1658.9
830,1832,1671.0
831,1821,1677.1
832,1832,1689.0
833,1500,1668.0
834,1821,1712.7
835,1500,1702.4
836,1877,1733.7
837,1902,1741.8
838,1830,1773.6
839,1824,1773.9
840,1548,1745.5
841,1858,1749.2
842,1891,1755.1
843,1876,1792.7
844,1867,1797.3
845,1864,1833.7
846,1922,1838.2
847,1861,1834.1
848,1527,1803.8
849,1878,1809.2
850,1878,1842.2
851,1660,1822.4
852,1707,1804.0
853,1806,1797.0
854,1864,1796.7
855,1853,1795.6
856,1882,1791.6
857,1832,1788.7
858,1704,1806.4
859,1841,1802.7
860,1695,1784.4
861,1851,1803.5
862,1527,1785.5
863,1527,1757.6
864,1500,1721.2
865,1533,1689.2
866,1894,1690.4
867,1545,1661.7
868,1552,1646.5
869,1923,1654.7
870,1961,1681.3
871,2215,1717.7
872,2215,1786.5
873,2215,1855.3
874,1803,1885.6
875,2210,1953.3
876,1807,1944.6
877,2200,2010.1
878,1805,2035.4
879,2189,2062.0
880,2051,2071.0
881,2121,2061.6
882,1500,1990.1
883,2078,1976.4
884,2151,2011.2
885,1986,1988.8
886,2143,2022.4
887,1904,1992.8
888,1547,1967.0
889,1950,1943.1
890,1902,1928.2
891,1879,1904.0
892,1805,1934.5
893,1787,1905.4
894,1560,1846.3
895,1500,1797.7
896,1541,1737.5
897,1567,1703.8
898,1540,1703.1
899,1550,1663.1
900,1435,1616.4
901,1534,1581.9
902,1524,1553.8
903,1548,1529.9
904,1545,1528.4
905,2621,1640.5
906,1544,1640.8
907,1432,1627.3
908,1369,1610.2
909,1553,1610.5
910,1543,1621.3
911,1544,1622.3
912,1519,1621.8
913,1545,1621.5
914,1529,1619.9
915,1546,1512.4
916,1500,1508.0
917,2105,1575.3
918,813,1519.7
919,857,1450.1
920,857,1381.5
921,1478,1374.9
922,859,1308.9
923,1574,1311.8
924,1186,1277.5
925,1391,1262.0
926,1271,1239.1
927,1203,1148.9
928,901,1157.7
929,1500,1222.0
930,922,1228.5
931,989,1179.6
932,1026,1196.3
933,1057,1144.6
934,1057,1131.7
935,1331,1125.7
936,1266,1125.2
937,1155,1120.4
938,1222,1152.5
939,1214,1123.9
940,1034,1135.1
941,1535,1189.7
942,1500,1237.1
943,1950,1326.4
944,1950,1415.7
945,1950,1477.6
946,1950,1546.0
947,1950,1625.5
948,1950,1698.3
949,1950,1771.9
950,1950,1863.5
951,2036,1913.6
952,1795,1943.1
953,2023,1950.4
954,1675,1922.9
955,1990,1926.9
956,1990,1930.9
957,1990,1934.9
958,1990,1938.9
959,1990,1942.9
960,1458,1893.7
961,1967,1886.8
962,1967,1904.0
963,2102,1911.9
964,1647,1909.1
965,1500,1860.1
966,1668,1827.9
967,1613,1790.2
968,1500,1741.2
969,1528,1695.0
970,1500,1699.2
971,1887,1691.2
972,1826,1677.1
973,1297,1596.6
974,1297,1561.6
975,1625,1574.1
976,1719,1579.2
977,1625,1580.4
978,1619,1592.3
979,1551,1594.6
980,1862,1630.8
981,1807,1622.8
982,1862,1626.4
983,1474,1644.1
984,1862,1700.6
985,1720,1710.1
986,1862,1724.4
987,1884,1750.3
988,1396,1728.0
989,1674,1740.3
990,2203,1774.4
991,1862,1779.9
992,1862,1779.9
993,1598,1792.3
994,1708,1776.9
995,1862,1791.1
996,1862,1791.1
997,1500,1752.7
998,1862,1799.3
999,1862,1818.1
1000,1704,1768.2
1001,1862,1768.2
1002,1701,1752.1
1003,1799,1772.2
1004,1862,1787.6
1005,1699,1771.3
1006,1862,1771.3
1007,1862,1807.5
1008,1862,1807.5
1009,1567,1778.0
1010,1564,1764.0
1011,1862,1764.0
1012,1972,1791.1
1013,1960,1807.2
1014,2199,1840.9
1015,1955,1866.5
1016,1937,1874.0
1017,1951,1882.9
1018,1944,1891.1
1019,1553,1889.7
1020,1236,1856.9
1021,1500,1820.7
1022,1500,1773.5
1023,1500,1727.5
1024,1500,1657.6
1025,1500,1612.1
1026,1500,1568.4
1027,1452,1518.5
1028,1343,1458.4
1029,1803,1483.4
1030,1670,1526.8
1031,1500,1526.8
1032,1500,1526.8
1033,1500,1526.8
1034,1851,1561.9
1035,1712,1583.1
1036,1500,1583.1
1037,1705,1608.4
1038,1712,1645.3
1039,1712,1636.2
1040,1712,1640.4
1041,1712,1661.6
1042,1860,1697.6
1043,2108,1758.4
1044,1712,1744.5
1045,1712,1744.5
1046,1780,1772.5
1047,2180,1820.0
1048,1328,1781.6
1049,1896,1800.0
1050,1500,1778.8
1051,1582,1765.8
1052,1726,1752.4
1053,1577,1699.3
1054,1577,1685.8
1055,1693,1683.9
1056,1573,1663.2
1057,1597,1604.9
1058,1603,1632.4
1059,1586,1601.4
1060,1592,1610.6
1061,1602,1612.6
1062,1516,1591.6
1063,1475,1581.4
1064,1575,1581.2
1065,1585,1570.4
1066,2065,1619.6
1067,1976,1657.5
1068,1976,1694.8
1069,2035,1739.7
1070,1975,1778.0
1071,1463,1764.1
1072,1997,1812.2
1073,1950,1859.7
1074,2229,1925.1
1075,1819,1948.5
1076,2014,1943.4
1077,1807,1926.5
1078,2013,1930.2
1079,2008,1927.5
1080,2179,1947.9
1081,1777,1979.3
1082,1982,1977.8
1083,1749,1957.7
1084,1781,1912.9
1085,2040,1935.0
1086,1890,1922.6
1087,2131,1955.0
1088,2116,1965.3
1089,1687,1933.2
1090,1689,1884.2
1091,1651,1871.6
1092,1500,1823.4
1093,1786,1827.1
1094,1663,1815.3
1095,1779,1789.2
1096,1500,1750.2
1097,1654,1702.5
1098,1690,1659.9
1099,1818,1673.0
1100,1813,1685.4
1101,1775,1697.8
1102,1873,1735.1
1103,1868,1743.3
1104,1860,1763.0
1105,1748,1759.9
1106,1365,1746.4
1107,1861,1767.1
1108,1833,1781.4
1109,1821,1781.7
1110,2004,1800.8
1111,1895,1812.8
1112,1560,1781.5
1113,1901,1784.8
1114,1729,1771.7
1115,1613,1758.2
1116,1864,1808.1
1117,1905,1812.5
1118,1784,1807.6
1119,1893,1814.8
1120,1750,1789.4
1121,1882,1788.1
1122,1712,1803.3
1123,1878,1801.0
1124,1895,1817.6
1125,1672,1823.5
1126,1881,1825.2
1127,1972,1831.9
1128,1868,1840.3
1129,1819,1832.9
1130,1871,1845.0
1131,1828,1839.6
1132,1727,1841.1
1133,1891,1842.4
1134,1650,1817.9
1135,1968,1847.5
1136,1907,1850.1
1137,1903,1843.2
1138,1725,1828.9
1139,1894,1836.4
1140,1890,1838.3
1141,1522,1807.7
1142,1708,1805.8
1143,1744,1791.1
1144,1759,1802.0
1145,1750,1780.2
1146,1686,1758.1
1147,1840,1751.8
1148,1713,1750.6
1149,1791,1740.3
1150,1716,1722.9
1151,1804,1751.1
1152,1850,1765.3
1153,1804,1771.3
1154,1701,1765.5
1155,1005,1691.0
1156,1148,1637.2
1157,1142,1567.4
1158,1066,1502.7
1159,1625,1486.1
1160,1805,1495.0
1161,1500,1464.6
1162,1687,1448.3
1163,1678,1435.7
1164,2313,1496.9
1165,1855,1581.9
1166,2353,1702.4
1167,2291,1817.3
1168,2272,1937.9
1169,2344,2009.8
1170,2063,2035.6
1171,2109,2096.5
1172,2062,2134.0
1173,1996,2165.8
1174,1968,2131.3
1175,1756,2121.4
1176,1785,2064.6
1177,1432,1978.7
1178,1870,1938.5
1179,1859,1890.0
1180,2108,1894.5
1181,1299,1813.5
1182,1501,1757.4
1183,1513,1709.1
1184,1126,1624.9
1185,1286,1577.9
1186,1433,1542.7
1187,1406,1540.1
1188,1510,1504.1
1189,1534,1471.6
1190,1547,1415.5
1191,1602,1445.8
1192,1444,1440.1
1193,1627,1451.5
1194,1267,1465.6
1195,1604,1497.4
1196,1453,1499.4
1197,1740,1532.8
1198,1552,1537.0
1199,1810,1564.6
1200,1436,1553.5
1201,1638,1557.1
1202,2053,1618.0
1203,2021,1657.4
1204,1930,1723.7
1205,2000,1763.3
1206,1885,1806.5
1207,1776,1810.1
1208,1845,1839.4
1209,1707,1829.1
1210,1500,1835.5
1211,1185,1790.2
1212,1230,1707.9
1213,1262,1632.0
1214,1250,1564.0
1215,1133,1477.3
1216,1257,1414.5
1217,1279,1364.8
1218,1315,1311.8
1219,1277,1268.8
1220,1332,1252.0
1221,1291,1262.6
1222,1194,1259.0
1223,1136,1246.4
1224,1291,1250.5
1225,1286,1265.8
1226,1278,1267.9
1227,1175,1257.5
1228,1173,1243.3
1229,1329,1248.5
1230,1282,1243.5
1231,1235,1237.9
1232,1284,1246.9
1233,1279,1261.2
1234,1239,1256.0
1235,1152,1242.6
1236,1277,1242.5
1237,1264,1251.4
1238,1442,1278.3
1239,1260,1271.4
1240,1767,1319.9
1241,1268,1323.2
1242,1259,1320.7
1243,1263,1319.1
1244,1342,1329.4
1245,1783,1392.5
1246,1257,1390.5
1247,1265,1390.6
1248,1016,1348.0
1249,1247,1346.7
1250,1662,1336.2
1251,1542,1363.6
1252,1199,1357.6
1253,1501,1381.4
1254,1199,1367.1
1255,1501,1338.9
1256,1597,1372.9
1257,1501,1396.5
1258,1567,1451.6
1259,1585,1485.4
1260,1501,1469.3
1261,1501,1465.2
1262,1702,1515.5
1263,1514,1516.8
1264,1501,1547.0
1265,1501,1547.0
1266,1500,1537.3
1267,1501,1537.3
1268,1501,1530.7
1269,1694,1541.6
1270,1501,1541.6
1271,1694,1560.9
1272,1501,1540.8
1273,1500,1539.4
1274,1500,1539.3
1275,1787,1567.9
1276,1501,1568.0
1277,1707,1588.6
1278,1501,1588.6
1279,1645,1583.7
1280,1501,1583.7
1281,1501,1564.4
1282,1501,1564.4
1283,1501,1564.5
1284,1500,1564.5
1285,1501,1535.9
1286,1501,1535.9
1287,1501,1515.3
1288,1500,1515.2
1289,1585,1509.2
1290,1501,1509.2
1291,1501,1509.2
1292,1501,1509.2
1293,1598,1518.9
1294,1104,1479.3
1295,1104,1439.6
1296,1104,1399.9
1297,1104,1360.2
1298,1104,1320.6
1299,1104,1272.5
1300,1104,1232.8
1301,1104,1193.1
1302,1104,1153.4
1303,1104,1104.0
1304,1104,1104.0
1305,1104,1104.0
1306,1104,1104.0
1307,1104,1104.0
1308,1104,1104.0
1309,1273,1120.9
1310,1500,1160.5
1311,1481,1198.2
1312,1104,1198.2
1313,1500,1237.8
1314,1356,1263.0
1315,1024,1255.0
1316,1336,1278.2
1317,1500,1317.8
1318,1104,1317.8
1319,1430,1333.5
1320,1408,1324.3
1321,1408,1317.0
1322,1499,1356.5
1323,1412,1347.7
1324,1072,1319.3
1325,1245,1341.4
1326,1233,1331.1
1327,1251,1306.2
1328,1174,1313.2
1329,1225,1292.7
1330,1216,1273.5
1331,1007,1233.4
1332,1226,1206.1
1333,1277,1192.6
1334,1233,1208.7
1335,1225,1206.7
1336,1026,1186.0
1337,1339,1194.8
1338,1390,1216.4
1339,1339,1227.8
1340,1327,1238.9
1341,1327,1270.9
1342,1444,1292.7
1343,1327,1297.7
1344,1500,1324.4
1345,1500,1351.9
1346,1313,1380.6
1347,1500,1396.7
1348,958,1353.5
1349,1313,1350.9
1350,1223,1340.5
1351,1291,1336.9
1352,1313,1323.8
1353,1500,1341.1
1354,1313,1322.4
1355,1313,1303.7
1356,1428,1315.2
1357,1313,1296.5
1358,1307,1331.4
1359,1313,1331.4
1360,1313,1340.4
1361,1412,1352.5
1362,1563,1377.5
1363,1327,1360.2
1364,1412,1370.1
1365,1337,1372.5
1366,1382,1367.9
1367,1337,1370.3
1368,1516,1391.2
1369,1418,1401.7
1370,2003,1470.7
1371,1418,1471.3
1372,1787,1493.7
1373,1802,1541.2
1374,1799,1579.9
1375,2019,1648.1
1376,1812,1691.1
1377,1757,1733.1
1378,2150,1796.5
1379,1766,1831.3
1380,1827,1813.7
1381,1834,1855.3
1382,1590,1835.6
1383,1844,1839.8
1384,1723,1832.2
1385,1853,1815.6
1386,1859,1820.3
1387,1834,1828.0
1388,1804,1793.4
1389,1850,1801.8
1390,1834,1802.5
1391,1526,1771.7
1392,1843,1797.0
1393,1844,1797.0
1394,1845,1809.2
1395,1728,1796.7
1396,1865,1797.3
1397,2096,1823.5
1398,1860,1829.1
1399,1610,1805.1
1400,1846,1806.3
1401,1936,1847.3
1402,1842,1847.2
1403,1862,1849.0
1404,1865,1851.0
1405,1785,1856.7
1406,1771,1847.3
1407,1844,1822.1
1408,1848,1820.9
1409,1789,1838.8
1410,1820,1836.2
1411,1891,1831.7
1412,1785,1826.0
1413,1769,1816.7
1414,1967,1826.9
1415,1711,1819.5
1416,1754,1817.8
1417,1756,1809.0
1418,1778,1802.0
1419,1225,1745.6
1420,1211,1684.7
1421,1243,1619.9
1422,1256,1567.0
1423,1312,1521.3
1424,1245,1449.1
1425,1335,1411.5
1426,1237,1359.8
1427,1335,1317.7
1428,1237,1263.6
1429,1253,1266.4
1430,1227,1268.0
1431,1214,1265.1
1432,1197,1259.2
1433,1176,1245.6
1434,1678,1288.9
1435,2186,1374.0
1436,1108,1361.1
1437,2008,1428.4
1438,1362,1440.9
1439,1362,1451.8
1440,1657,1494.8
1441,1804,1553.8
1442,1453,1579.4
1443,1414,1603.2
1444,1171,1552.5
1445,1697,1503.6
1446,1705,1563.3
1447,1567,1519.2
1448,1401,1523.1
1449,1401,1527.0
1450,1588,1520.1
1451,1401,1479.8
1452,1413,1475.8
1453,1539,1488.3
1454,1445,1515.7
1455,1394,1485.4
1456,1383,1453.2
1457,1397,1436.2
1458,1405,1436.6
1459,1430,1439.5
1460,1467,1427.4
1461,1426,1429.9
1462,1500,1438.6
1463,1426,1427.3
1464,1549,1437.7
1465,1464,1444.7
1466,1413,1447.7
1467,1500,1458.0
1468,1413,1458.8
1469,1688,1484.6
1470,1220,1459.9
1471,1500,1467.3
1472,1407,1458.0
1473,1500,1465.4
1474,1430,1453.5
1475,2139,1521.0
1476,1259,1505.6
1477,1162,1471.8
1478,1288,1459.3
1479,1154,1405.9
1480,1159,1399.8
1481,1217,1371.5
1482,1205,1351.3
1483,1210,1322.3
1484,1396,1318.9
1485,1237,1228.7
1486,1753,1278.1
1487,1699,1331.8
1488,1699,1372.9
1489,1500,1407.5
1490,1364,1428.0
1491,1374,1443.7
1492,1324,1455.6
1493,1376,1472.2
1494,1340,1466.6
1495,1278,1470.7
1496,1250,1420.4
1497,1388,1389.3
1498,1301,1349.5
1499,1390,1338.5
1500,1403,1342.4
1501,1384,1343.4
1502,1403,1351.3
1503,1381,1351.8
1504,1405,1358.3
1505,1397,1370.2
1506,1397,1384.9
1507,1374,1383.5
1508,1414,1394.8
1509,1306,1386.4
1510,1423,1388.4
1511,1463,1396.3
1512,1440,1400.0
1513,1432,1405.1
1514,1437,1408.3
1515,1412,1409.8
1516,1443,1414.4
1517,1418,1418.8
1518,1261,1403.5
1519,1406,1413.5
1520,1349,1406.1
1521,1412,1401.0
1522,1424,1399.4
1523,1413,1397.5
1524,1408,1394.6
1525,1500,1403.4
1526,1343,1393.4
1527,1697,1421.3
1528,1693,1464.5
1529,1588,1482.7
1530,1596,1507.4
1531,1721,1538.3
1532,1721,1568.0
1533,1735,1600.2
1534,1731,1632.5
1535,1643,1646.8
1536,1228,1635.3
1537,1716,1637.2
1538,1710,1638.9
1539,1828,1662.9
1540,1685,1671.8
1541,1472,1646.9
1542,1472,1622.0
1543,1472,1595.7
1544,1161,1538.7
1545,1493,1523.7
1546,1493,1550.2
1547,1463,1524.9
1548,1493,1503.2
1549,1744,1494.8
1550,1482,1474.5
1551,1500,1477.3
1552,1477,1477.8
1553,1476,1478.2
1554,1476,1509.7
1555,1500,1510.4
1556,1170,1478.1
1557,1229,1454.7
1558,1219,1427.3
1559,1659,1418.8
1560,1032,1373.8
1561,1037,1327.5
1562,1147,1294.5
1563,1209,1267.8
1564,1500,1270.2
1565,1500,1270.2
1566,2352,1388.4
1567,2351,1500.6
1568,1500,1528.7
1569,1724,1535.2
1570,1364,1568.4
1571,1327,1597.4
1572,1367,1619.4
1573,1361,1634.6
1574,1327,1617.3
1575,1347,1602.0
1576,1334,1500.2
1577,1348,1399.9
1578,1329,1382.8
1579,1295,1339.9
1580,1329,1336.4
1581,1285,1332.2
1582,1099,1305.4
1583,1275,1296.8
1584,1350,1299.1
1585,1383,1302.7
1586,1297,1299.0
1587,1273,1291.5
1588,1282,1286.8
1589,1231,1280.4
1590,1306,1278.1
1591,1195,1269.1
1592,1383,1297.5
1593,1296,1299.6
1594,1600,1324.6
1595,1282,1314.5
1596,1386,1323.4
1597,1264,1322.5
1598,1393,1333.6
1599,1278,1338.3
1600,1267,1334.4
1601,1349,1349.8
1602,1285,1340.0
1603,1526,1363.0
1604,1460,1349.0
1605,1299,1350.7
1606,1279,1340.0
1607,1455,1359.1
1608,1253,1345.1
1609,1258,1343.1
1610,1500,1366.4
1611,2165,1448.0
1612,2179,1537.4
1613,1857,1570.5
1614,2173,1641.8
1615,2177,1729.6
1616,2156,1817.3
1617,2175,1889.3
1618,1856,1949.6
1619,2030,2026.8
1620,2179,2094.7
1621,1450,2023.2
1622,1507,1956.0
1623,1511,1921.4
1624,1402,1844.3
1625,1492,1775.8
1626,1558,1716.0
1627,1491,1647.6
1628,1447,1606.7
1629,1455,1549.2
1630,1570,1488.3
1631,1238,1467.1
1632,1500,1466.4
1633,1500,1465.3
1634,1500,1475.1
1635,1443,1470.2
1636,1500,1464.4
1637,1319,1447.2
1638,1278,1430.3
1639,1317,1416.5
1640,1258,1385.3
1641,1320,1393.5
1642,1331,1376.6
1643,1340,1360.6
1644,1134,1324.0
1645,1336,1313.3
1646,1515,1314.8
1647,1295,1312.4
1648,1295,1314.1
1649,1278,1310.2
1650,1363,1320.7
1651,1275,1316.2
1652,1201,1303.2
1653,1214,1290.6
1654,966,1273.8
1655,951,1235.3
1656,784,1162.2
1657,1161,1148.8
1658,972,1116.5
1659,1148,1103.5
1660,972,1064.4
1661,1181,1055.0
1662,958,1030.7
1663,1015,1010.8
1664,972,1011.4
1665,983,1014.6
1666,964,1032.6
1667,1058,1022.3
1668,808,1005.9
1669,1095,1000.6
1670,999,1003.3
1671,912,976.4
1672,1032,983.8
1673,1199,1002.2
1674,1029,1007.9
1675,1048,1014.4
1676,1082,1026.2
1677,1044,1024.8
1678,1070,1051.0
1679,1206,1062.1
1680,1099,1072.1
1681,1062,1087.1
1682,1038,1087.7
1683,1266,1094.4
1684,1099,1101.4
1685,1141,1110.7
1686,954,1097.9
1687,1196,1113.1
1688,937,1099.8
1689,1638,1143.0
1690,1649,1198.0
1691,1676,1259.4
1692,1711,1326.7
1693,1655,1365.6
1694,1666,1422.3
1695,1645,1472.7
1696,1591,1536.4
1697,1648,1581.6
1698,1595,1647.4
1699,1671,1650.7
1700,1660,1651.8
1701,1682,1652.4
1702,1683,1649.6
1703,1693,1653.4
1704,1730,1659.8
1705,1799,1675.2
1706,1143,1630.4
1707,1686,1634.2
1708,1711,1645.8
1709,1701,1648.8
1710,1964,1679.2
1711,1720,1683.0
1712,1728,1687.5
1713,1755,1693.7
1714,1704,1691.1
1715,1772,1688.4
1716,1699,1744.0
1717,1610,1736.4
1718,1679,1733.2
1719,1576,1720.7
1720,1661,1690.4
1721,1661,1684.5
1722,1748,1686.5
1723,1637,1674.7
1724,1540,1658.3
1725,1620,1643.1
1726,1535,1626.7
1727,1347,1600.4
1728,1400,1572.5
1729,1500,1564.9
1730,1258,1524.6
1731,1088,1467.3
1732,1297,1422.2
1733,1605,1419.0
1734,1420,1407.0
1735,1621,1407.1
1736,1500,1403.6
1737,1576,1426.5
1738,1191,1405.6
1739,1595,1415.1
1740,1301,1419.4
1741,1611,1471.7
1742,1383,1480.3
1743,1498,1469.6
1744,1355,1463.1
1745,1593,1460.3
1746,1532,1463.5
1747,1569,1462.8
1748,1728,1516.5
1749,1560,1513.0
1750,1550,1537.9
1751,1553,1532.1
1752,1775,1571.3
1753,1549,1576.4
1754,1577,1598.6
1755,1276,1566.9
1756,1585,1572.2
1757,1408,1556.1
1758,1575,1540.8
1759,1814,1566.2
1760,1585,1569.7
1761,1574,1571.8
1762,1528,1547.1
1763,1651,1557.3
1764,1569,1556.5
1765,1390,1567.9
1766,1349,1544.3
1767,1418,1545.3
1768,1403,1528.1
1769,1395,1486.2
1770,1408,1468.5
1771,1345,1445.6
1772,1545,1447.3
1773,1410,1423.2
1774,1500,1416.3
1775,1232,1400.5
1776,1372,1402.8
1777,1384,1399.4
1778,1285,1387.6
1779,1412,1389.3
1780,1416,1390.1
1781,1406,1396.2
1782,1564,1398.1
1783,1102,1367.3
1784,1243,1341.6
1785,1586,1377.0
1786,1045,1344.3
1787,1383,1344.2
1788,1383,1354.0
1789,1383,1351.1
1790,1383,1347.8
1791,1383,1345.5
1792,1383,1327.4
1793,1500,1367.2
1794,1980,1440.9
1795,1171,1399.4
1796,1403,1435.2
1797,1446,1441.5
1798,1369,1440.1
1799,1468,1448.6
1800,1331,1443.4
1801,1985,1503.6
1802,1227,1488.0
1803,1009,1438.9
1804,1344,1375.3
1805,1018,1360.0
1806,1018,1321.5
1807,1018,1278.7
1808,1500,1291.8
1809,998,1244.8
1810,1055,1217.2
1811,1166,1135.3
1812,1100,1122.6
1813,1009,1122.6
1814,1500,1138.2
1815,1038,1140.2
1816,1653,1203.7
1817,1038,1205.7
1818,955,1151.2
1819,1063,1157.7
1820,1067,1158.9
1821,1072,1149.5
1822,1324,1171.9
1823,1150,1186.0
1824,1918,1227.8
1825,1352,1259.2
1826,1352,1229.1
1827,1353,1260.6
1828,1377,1302.8
1829,1351,1331.6
1830,1363,1361.2
1831,1403,1394.3
1832,1323,1394.2
1833,1287,1407.9
1834,1345,1350.6
1835,1331,1348.5
1836,1343,1347.6
1837,1343,1346.6
1838,1293,1338.2
1839,1210,1324.1
1840,1325,1320.3
1841,1690,1349.0
1842,1763,1393.0
1843,1776,1441.9
1844,1840,1491.4
1845,1786,1536.9
1846,1711,1573.7
1847,1848,1624.2
1848,1865,1681.4
1849,1880,1748.4
1850,1835,1799.4
1851,1854,1815.8
1852,1805,1820.0
1853,1873,1829.7
1854,1989,1844.6
1855,1884,1854.4
1856,1839,1867.2
1857,1844,1866.8
1858,1844,1864.7
1859,1832,1859.9
1860,1844,1860.8
1861,1845,1859.9
1862,1837,1863.1
1863,1810,1856.8
1864,1981,1856.0
1865,1805,1848.1
1866,1815,1845.7
1867,1946,1855.9
1868,1843,1855.8
1869,1859,1858.5
1870,1825,1856.6
1871,1864,1858.5
1872,1879,1862.7
1873,1895,1871.2
1874,1812,1854.3
1875,1906,1864.4
1876,1873,1870.2
1877,1916,1867.2
1878,1854,1868.3
1879,1839,1866.3
1880,1795,1863.3
1881,1717,1848.6
1882,1761,1836.8
1883,1770,1824.3
1884,1890,1832.1
1885,1800,1821.5
1886,1500,1784.2
1887,1822,1774.8
1888,1416,1731.0
1889,1393,1686.4
1890,1867,1693.6
1891,1438,1665.7
1892,2009,1690.5
1893,1460,1659.5
1894,1500,1620.5
1895,1937,1634.2
1896,1508,1635.0
1897,1319,1584.7
1898,1486,1591.7
1899,1734,1625.8
1900,1915,1630.6
1901,1853,1672.1
1902,2340,1705.2
1903,1798,1739.0
1904,1850,1774.0
1905,1862,1766.5
1906,1788,1794.5
1907,1846,1847.2
1908,1551,1853.7
1909,1852,1865.5
1910,1819,1855.9
1911,1880,1858.6
1912,1935,1818.1
1913,1879,1826.2
1914,2231,1864.3
1915,1850,1863.1
1916,1870,1871.3
1917,1949,1881.6
1918,1324,1858.9
1919,1889,1862.6
1920,1708,1851.5
1921,1841,1847.6
1922,1375,1791.6
1923,1318,1735.5
1924,1331,1645.5
1925,1254,1585.9
1926,1309,1529.8
1927,1326,1467.5
1928,1308,1465.9
1929,1285,1405.5
1930,1270,1361.7
1931,1327,1310.3
1932,1328,1305.6
1933,1550,1328.8
1934,1322,1327.9
1935,1328,1335.3
1936,1358,1340.2
1937,1319,1339.5
1938,1330,1341.7
1939,1343,1347.5
1940,1335,1354.0
1941,1140,1335.3
1942,1350,1337.5
1943,1360,1318.5
1944,1783,1364.6
1945,1368,1368.6
1946,1370,1369.8
1947,1464,1384.3
1948,1341,1385.4
1949,1819,1433.0
1950,1324,1431.9
1951,1318,1449.7
1952,1743,1489.0
1953,1329,1485.9
1954,1317,1439.3
1955,1309,1433.4
1956,1321,1428.5
1957,1336,1415.7
1958,1375,1419.1
1959,1398,1377.0
1960,1346,1379.2
1961,1351,1382.5
1962,1039,1312.1
1963,1055,1284.7
1964,1086,1261.6
1965,1091,1239.8
1966,1091,1216.8
1967,1091,1192.3
1968,1091,1163.9
1969,1091,1133.2
1970,1674,1166.0
1971,1907,1221.6
1972,1185,1236.2
1973,1193,1250.0
1974,1733,1314.7
1975,1236,1329.2
1976,2047,1424.8
1977,1264,1442.1
1978,2032,1536.2
1979,1765,1603.6
1980,1246,1560.8
1981,1739,1544.0
1982,1279,1553.4
1983,1694,1603.5
1984,1654,1595.6
1985,1423,1614.3
1986,1662,1575.8
1987,1500,1599.4
1988,1500,1546.2
1989,1377,1507.4
1990,1500,1532.8
1991,2126,1571.5
1992,1500,1593.6
1993,2126,1636.8
1994,1500,1621.4
1995,1500,1629.1
1996,1537,1616.6
1997,1500,1616.6
1998,1500,1616.6
1999,1026,1581.5
2000,1513,1582.8
2001,1519,1522.1
2002,1026,1474.7
2003,1026,1364.7
2004,1145,1329.2
2005,1043,1283.5
2006,1878,1317.6
2007,1666,1334.2
2008,1856,1369.8
2009,1382,1405.4
2010,1547,1408.8
2011,971,1354.0
2012,971,1348.5
2013,981,1344.0
2014,982,1327.7
2015,1700,1393.4
2016,1735,1379.1
2017,982,1310.7
2018,1371,1262.2
2019,1883,1312.3
2020,1344,1292.0
2021,1348,1329.7
2022,1863,1418.9
2023,1460,1466.8
2024,1338,1502.4
2025,1359,1468.3
2026,1829,1477.7
2027,1365,1516.0
2028,1366,1515.5
2029,1254,1452.6
2030,1369,1455.1
2031,1344,1454.7
2032,1512,1419.6
2033,1405,1414.1
2034,1412,1421.5
2035,1479,1433.5
2036,1889,1439.5
2037,1392,1442.2
2038,1817,1487.3
2039,1760,1537.9
2040,1360,1537.0
2041,1383,1540.9
2042,1536,1543.3
2043,1356,1538.4
2044,1376,1534.8
2045,1333,1520.2
2046,1313,1462.6
2047,1349,1458.3
2048,2086,1485.2
2049,1370,1446.2
2050,1406,1450.8
2051,1410,1453.5
2052,1241,1424.0
2053,1370,1425.4
2054,1384,1426.2
2055,1435,1436.4
2056,1469,1452.0
2057,1494,1466.5
2058,1555,1413.4
2059,1437,1420.1
2060,1346,1414.1
2061,1393,1412.4
2062,1368,1425.1
2063,1375,1425.6
2064,1590,1446.2
2065,1371,1439.8
2066,1135,1406.4
2067,1741,1431.1
2068,1363,1411.9
2069,1347,1402.9
2070,1349,1403.2
2071,1343,1398.2
2072,1326,1394.0
2073,1354,1391.9
2074,1635,1396.4
2075,1540,1413.3
2076,1329,1432.7
2077,1331,1391.7
2078,1321,1387.5
2079,1334,1386.2
2080,1324,1383.7
2081,1368,1386.2
2082,1340,1387.6
2083,1348,1387.0
2084,1335,1357.0
2085,1345,1337.5
2086,1341,1338.7
2087,1376,1343.2
2088,1337,1344.8
2089,1313,1342.7
2090,1359,1346.2
2091,1216,1331.0
2092,1160,1313.0
2093,1374,1315.6
2094,1369,1319.0
2095,1373,1321.8
2096,1468,1334.5
2097,1385,1335.4
2098,1392,1340.9
2099,1303,1339.9
2100,1398,1343.8
2101,1297,1351.9
2102,1400,1375.9
2103,1398,1378.3
2104,1403,1381.7
2105,1408,1385.2
2106,1419,1380.3
2107,1432,1385.0
2108,1444,1390.2
2109,1476,1407.5
2110,1492,1416.9
2111,1479,1435.1
2112,1740,1469.1
2113,1581,1487.4
2114,1597,1506.8
2115,1684,1534.4
2116,1579,1550.4
2117,1502,1557.4
2118,1507,1563.7
2119,1605,1576.6
2120,1748,1602.2
2121,1547,1609.0
2122,1353,1570.3
2123,1589,1571.1
2124,1369,1548.3
2125,1721,1552.0
2126,1635,1557.6
2127,1533,1560.7
2128,1633,1573.3
2129,1649,1577.7
2130,1646,1567.5
2131,1500,1562.8
2132,1307,1558.2
2133,1649,1564.2
2134,1673,1594.6
2135,1821,1604.6
2136,1649,1606.0
2137,1466,1599.3
2138,1742,1610.2
2139,1650,1610.3
2140,1629,1608.6
2141,1519,1610.5
2142,1851,1664.9
2143,1874,1687.4
2144,1891,1709.2
2145,1876,1714.7
2146,1745,1724.3
2147,1833,1761.0
2148,1637,1750.5
2149,1587,1744.2
2150,1861,1767.4
2151,1882,1803.7
2152,1946,1813.2
2153,1885,1814.3
2154,1796,1804.8
2155,1884,1805.6
2156,1863,1817.4
2157,1581,1792.2
2158,1581,1786.6
2159,1232,1751.1
2160,1232,1688.2
2161,1500,1650.0
2162,1188,1574.2
2163,1515,1537.2
2164,1615,1519.1
2165,1277,1458.4
2166,1371,1409.2
2167,1500,1401.1
2168,1372,1380.2
2169,2131,1470.1
2170,1426,1489.5
2171,1485,1488.0
2172,1401,1509.3
2173,1392,1497.0
2174,1603,1495.8
2175,1402,1508.3
2176,1116,1482.8
2177,1116,1444.4
2178,1116,1418.8
2179,1116,1317.3
2180,1402,1314.9
2181,1402,1306.6
2182,1737,1340.2
2183,1431,1344.1
2184,1455,1329.3
2185,1859,1375.0
2186,1501,1413.5
2187,1457,1447.6
2188,1419,1477.9
2189,1419,1508.2
2190,1433,1511.3
2191,1781,1549.2
2192,1639,1539.4
2193,1807,1577.0
2194,1889,1620.4
2195,1807,1615.2
2196,1639,1629.0
2197,1630,1646.3
2198,1555,1659.9
2199,1555,1673.5
2200,1881,1718.3
2201,1555,1695.7
2202,1412,1673.0
2203,1293,1621.6
2204,2118,1644.5
2205,1295,1593.3
2206,1500,1579.4
2207,2075,1623.9
2208,1848,1653.2
2209,2056,1703.3
2210,2264,1741.6
2211,2366,1822.7
2212,2030,1884.5
2213,1778,1933.0
2214,1778,1899.0
2215,2264,1995.9
2216,1778,2023.7
2217,2264,2042.6
2218,2016,2059.4
2219,2264,2080.2
2220,2225,2076.3
2221,1305,1970.2
2222,2264,1993.6
2223,1841,1999.9
2224,2264,2048.5
2225,1841,2006.2
2226,1855,2013.9
2227,2264,2013.9
2228,2264,2038.7
2229,2264,2038.7
2230,1753,1991.5
2231,2264,2087.4
2232,1753,2036.3
2233,2264,2078.6
2234,2264,2078.6
2235,1455,2040.0
2236,2264,2080.9
2237,1455,2000.0
2238,2264,2000.0
2239,1455,1919.1
2240,2264,1970.2
2241,1871,1930.9
2242,1615,1917.1
2243,2264,1917.1
2244,1871,1877.8
2245,2264,1958.7
2246,1885,1920.8
2247,2249,2000.2
2248,2188,1992.6
2249,2218,2068.9
2250,1466,1989.1
2251,1457,1947.7
2252,1349,1921.1
2253,1465,1841.2
2254,1316,1785.7
2255,1434,1702.7
2256,2026,1716.8
2257,2021,1694.0
2258,2016,1676.8
2259,2024,1657.4
2260,1892,1700.0
2261,2008,1755.1
2262,1830,1803.2
2263,1985,1855.2
2264,1980,1921.6
2265,2064,1984.6
2266,1958,1977.8
2267,1720,1947.7
2268,1937,1939.8
2269,1930,1930.4
2270,1950,1936.2
2271,1802,1915.6
2272,1903,1922.9
2273,1901,1914.5
2274,1829,1899.4
2275,1903,1883.3
2276,1954,1882.9
2277,1927,1903.6
2278,1874,1897.3
2279,1899,1894.2
2280,1952,1894.4
2281,1957,1909.9
2282,2007,1920.3
2283,1970,1927.2
2284,1989,1943.2
2285,1810,1933.9
2286,1973,1935.8
2287,2069,1950.0
2288,1958,1958.4
2289,1951,1963.6
2290,2066,1975.0
2291,1869,1966.2
2292,1948,1960.3
2293,1937,1957.0
2294,1950,1953.1
2295,1726,1944.7
2296,1941,1941.5
2297,1859,1920.5
2298,1975,1922.2
2299,1956,1922.7
2300,1785,1894.6
2301,1960,1903.7
2302,1949,1903.8
2303,1474,1857.5
2304,1702,1832.7
2305,1474,1807.5
2306,1500,1763.4
2307,1363,1713.8
2308,1390,1655.3
2309,1474,1607.1
2310,1495,1578.1
2311,1500,1532.1
2312,1820,1519.2
2313,1474,1519.2
2314,1474,1496.4
2315,1767,1525.7
2316,1474,1523.1
2317,1487,1535.5
2318,1254,1521.9
2319,1514,1525.9
2320,1572,1533.6
2321,1503,1533.9
2322,1629,1514.8
2323,1500,1517.4
2324,1873,1557.3
2325,2065,1587.1
2326,1886,1628.3
2327,1797,1659.3
2328,1500,1683.9
2329,1128,1645.3
2330,1128,1600.9
2331,1114,1562.0
2332,1191,1518.2
2333,1111,1479.3
2334,897,1381.7
2335,1111,1286.3
2336,1099,1207.6
2337,1115,1139.4
2338,1099,1099.3
2339,1099,1096.4
2340,1136,1097.2
2341,798,1065.6
2342,2419,1188.4
2343,1151,1192.4
2344,1113,1214.0
2345,1098,1212.7
2346,1083,1211.1
2347,1091,1208.7
2348,1236,1222.4
2349,1112,1223.7
2350,1188,1228.9
2351,1116,1260.7
2352,1139,1132.7
2353,1100,1127.6
2354,1614,1177.7
2355,1623,1230.2
2356,1716,1293.5
2357,1794,1363.8
2358,1749,1415.1
2359,1711,1475.0
2360,1700,1526.2
2361,1689,1583.5
2362,1663,1635.9
2363,1695,1695.4
2364,1676,1701.6
2365,1696,1708.9
2366,1651,1702.4
2367,1635,1686.5
2368,1525,1664.1
2369,1640,1657.0
2370,1782,1665.2
2371,1630,1659.3
2372,1674,1660.4
2373,1643,1655.2
2374,1708,1658.4
2375,1760,1664.8
2376,1839,1683.6
2377,1664,1686.5
2378,1641,1698.1
2379,1657,1699.8
2380,1700,1691.6
2381,1602,1688.8
2382,1655,1686.9
2383,1582,1680.8
2384,1648,1674.8
2385,1629,1661.7
2386,1480,1625.8
2387,1577,1617.1
2388,1614,1614.4
2389,1890,1637.7
2390,1642,1631.9
2391,1549,1626.6
2392,1652,1626.3
2393,1500,1618.1
2394,1871,1640.4
2395,1201,1597.6
2396,1870,1636.6
2397,1573,1636.2
2398,1771,1651.9
2399,1630,1625.9
2400,1799,1641.6
2401,1585,1645.2
2402,1857,1665.7
2403,1594,1675.1
2404,1873,1675.3
2405,1875,1742.7
2406,1875,1743.2
2407,1887,1774.6
2408,1880,1785.5
2409,1825,1805.0
2410,1940,1819.1
2411,1815,1842.1
2412,1878,1844.2
2413,1873,1872.1
2414,1757,1860.5
2415,1887,1861.7
2416,1426,1816.8
2417,1879,1816.0
2418,1872,1815.2
2419,1900,1822.7
2420,1923,1821.0
2421,1907,1830.2
2422,1683,1810.7
2423,1730,1796.4
2424,1886,1809.3
2425,1720,1792.6
2426,1903,1840.3
2427,1894,1841.8
2428,1889,1843.5
2429,1883,1841.8
2430,1651,1814.6
2431,1217,1745.6
2432,1271,1704.4
2433,1500,1681.4
2434,1132,1606.0
2435,1303,1564.3
2436,1257,1499.7
2437,1152,1425.5
2438,1283,1364.9
2439,1295,1306.1
2440,1448,1285.8
2441,1268,1290.9
2442,1378,1301.6
2443,1284,1280.0
2444,1311,1297.9
2445,1245,1292.1
2446,1331,1299.5
2447,1305,1314.8
2448,1193,1305.8
2449,1288,1305.1
2450,1245,1284.8
2451,1315,1289.5
2452,1302,1281.9
2453,1251,1278.6
2454,1307,1278.2
2455,1290,1282.7
2456,1419,1291.5
2457,1303,1291.3
2458,1227,1294.7
2459,1304,1296.3
2460,1371,1308.9
2461,1325,1309.9
2462,1340,1313.7
2463,1307,1319.3
2464,1296,1318.2
2465,1285,1317.7
2466,1328,1308.6
2467,1283,1306.6
2468,1310,1314.9
2469,1316,1316.1
2470,1307,1309.7
2471,1304,1307.6
2472,1236,1297.2
2473,1297,1296.2
2474,1258,1292.4
2475,1288,1292.7
2476,1242,1284.1
2477,1291,1284.9
2478,1291,1283.0
2479,1291,1280.5
2480,1430,1292.8
2481,1824,1344.8
2482,1500,1371.2
2483,1604,1401.9
2484,1494,1425.5
2485,1500,1446.7
2486,1661,1488.6
2487,1500,1509.5
2488,1364,1516.8
2489,1525,1540.2
2490,1390,1536.2
2491,1168,1470.6
2492,1364,1457.0
2493,1832,1479.8
2494,2005,1530.9
2495,1500,1530.9
2496,1531,1517.9
2497,1500,1517.9
2498,1386,1520.1
2499,1371,1504.7
2500,1413,1507.0
2501,1279,1518.1
2502,1398,1521.5
2503,1407,1479.0
2504,1283,1406.8
2505,2244,1481.2
2506,1411,1469.2
2507,1391,1458.3
2508,1337,1453.4
2509,1300,1446.3
2510,1084,1413.4
2511,1396,1425.1
2512,1406,1425.9
2513,1405,1425.7
2514,1426,1440.0
2515,1472,1362.8
2516,1430,1364.7
2517,1335,1359.1
2518,1436,1369.0
2519,1355,1374.5
2520,1441,1410.2
2521,1451,1415.7
2522,1386,1413.7
2523,1429,1416.1
2524,1416,1415.1
2525,1387,1406.6
2526,1375,1401.1
2527,1406,1408.2
2528,1364,1401.0
2529,1330,1398.5
2530,1404,1394.8
2531,1397,1389.4
2532,1405,1391.3
2533,1171,1365.5
2534,1412,1365.1
2535,1518,1378.2
2536,1280,1368.7
2537,1393,1367.4
2538,1730,1404.0
2539,1527,1423.7
2540,1309,1414.2
2541,1393,1413.8
2542,1393,1412.6
2543,1393,1434.8
2544,1428,1436.4
2545,1428,1427.4
2546,1730,1472.4
2547,1428,1475.9
2548,1279,1430.8
2549,1730,1451.1
2550,1500,1470.2
2551,1527,1483.6
2552,1730,1517.3
2553,1309,1508.9
2554,1527,1518.8
2555,1309,1506.9
2556,1730,1506.9
2557,1393,1503.4
2558,1309,1506.4
2559,1393,1472.7
2560,1845,1507.2
2561,1509,1505.4
2562,1513,1483.7
2563,1599,1512.7
2564,1539,1513.9
2565,1519,1534.9
2566,1533,1515.2
2567,1513,1527.2
2568,1518,1548.1
2569,1609,1569.7
2570,1535,1538.7
2571,1729,1560.7
2572,1526,1562.0
2573,1508,1552.9
2574,1531,1552.1
2575,1581,1558.3
2576,1550,1560.0
2577,1562,1564.9
2578,2167,1629.8
2579,1130,1581.9
2580,1136,1542.0
2581,1383,1507.4
2582,984,1453.2
2583,1378,1440.2
2584,1372,1424.3
2585,1364,1402.6
2586,1196,1367.2
2587,1336,1344.6
2588,1310,1258.9
2589,1382,1284.1
2590,1285,1299.0
2591,1271,1287.8
2592,1574,1346.8
2593,1590,1368.0
2594,1558,1386.6
2595,1547,1404.9
2596,1517,1437.0
2597,1429,1446.3
2598,1741,1489.4
2599,1805,1531.7
2600,1866,1589.8
2601,1722,1634.9
2602,1740,1651.5
2603,1750,1667.5
2604,1757,1687.4
2605,1746,1707.3
2606,1534,1709.0
2607,1498,1715.9
2608,1672,1709.0
2609,1932,1721.7
2610,1742,1709.3
2611,1500,1687.1
2612,1425,1655.6
2613,1417,1622.3
2614,1403,1586.9
2615,1437,1556.0
2616,1446,1547.2
2617,1441,1541.5
2618,1470,1521.3
2619,1415,1469.6
2620,1402,1435.6
2621,1345,1420.1
2622,1420,1419.6
2623,1556,1433.5
2624,1507,1443.9
2625,1410,1441.2
2626,1398,1436.4
2627,1383,1430.6
2628,1428,1426.4
2629,1436,1428.5
2630,1428,1431.1
2631,1500,1446.6
2632,1593,1463.9
2633,1469,1455.2
2634,1450,1449.5
2635,1461,1454.6
2636,1400,1454.8
2637,1525,1469.0
2638,1427,1468.9
2639,1464,1471.7
2640,1476,1476.5
2641,1378,1464.3
2642,1299,1434.9
2643,1384,1426.4
2644,1500,1431.4
2645,1333,1418.6
2646,1350,1413.6
2647,1327,1393.8
2648,1337,1384.8
2649,1033,1341.7
2650,1500,1344.1
2651,1465,1352.8
2652,1413,1364.2
2653,1275,1353.3
2654,1245,1327.8
2655,1292,1323.7
2656,1264,1315.1
2657,1282,1310.6
2658,1250,1301.9
2659,1250,1323.6
2660,1138,1287.4
2661,1373,1278.2
2662,2286,1365.5
2663,1194,1357.4
2664,1330,1365.9
2665,1511,1387.8
2666,886,1350.0
2667,1358,1357.6
2668,1620,1394.6
2669,1484,1418.0
2670,1500,1454.2
2671,1325,1449.4
2672,1397,1360.5
2673,1500,1391.1
2674,1049,1363.0
2675,1118,1323.7
2676,1110,1346.1
2677,1500,1360.3
2678,1359,1334.2
2679,1500,1335.8
2680,1500,1335.8
2681,1649,1368.2
2682,1500,1378.5
2683,1500,1378.5
2684,1804,1454.0
2685,1822,1524.4
2686,1853,1598.7
2687,1805,1629.2
2688,1580,1651.3
2689,1794,1680.7
2690,2100,1740.7
2691,1789,1754.7
2692,1774,1782.1
2693,1719,1804.0
2694,1874,1811.0
2695,1781,1806.9
2696,1773,1798.9
2697,1899,1808.3
2698,1714,1821.7
2699,2032,1845.5
2700,1765,1812.0
2701,1246,1757.7
2702,1739,1754.2
2703,1279,1710.2
2704,1694,1692.2
2705,1654,1679.5
2706,1423,1644.5
2707,1662,1620.8
2708,1500,1599.4
2709,1579,1554.1
2710,1028,1480.4
2711,1307,1486.5
2712,983,1410.9
2713,1058,1388.8
2714,1066,1326.0
2715,1073,1267.9
2716,1308,1256.4
2717,1046,1194.8
2718,1118,1156.6
2719,1107,1109.4
2720,1125,1119.1
2721,1328,1121.2
2722,1150,1137.9
2723,1131,1145.2
2724,1107,1149.3
2725,1129,1154.9
2726,1132,1137.3
2727,1208,1153.5
2728,1099,1151.6
2729,1110,1151.9
2730,1315,1170.9
2731,1094,1147.5
2732,1317,1164.2
2733,1061,1157.2
2734,1074,1153.9
2735,1287,1169.7
2736,1098,1166.3
2737,1138,1159.3
2738,1114,1160.8
2739,1296,1179.4
2740,1045,1152.4
2741,1138,1156.8
2742,1062,1131.3
2743,1045,1129.7
2744,1175,1139.8
2745,1253,1136.4
2746,1253,1151.9
2747,1257,1163.8
2748,1923,1244.7
2749,1262,1241.3
2750,1265,1263.3
2751,1782,1327.7
2752,1551,1376.6
2753,1810,1453.1
2754,1283,1463.9
2755,2003,1538.9
2756,1239,1537.5
2757,1670,1578.8
2758,1246,1511.1
2759,1252,1510.1
2760,1955,1579.1
2761,1256,1526.5
2762,1866,1558.0
2763,1666,1543.6
2764,1212,1536.5
2765,1928,1529.0
2766,1178,1522.9
2767,1268,1482.7
2768,1017,1459.8
2769,1152,1449.8
2770,983,1352.6
2771,1168,1343.8
2772,1182,1275.4
2773,1347,1243.5
2774,1406,1262.9
2775,1467,1216.8
2776,1423,1241.3
2777,1411,1255.6
2778,1358,1289.7
2779,1422,1316.7
2780,1500,1368.4
2781,1416,1393.2
2782,1173,1392.3
2783,1725,1430.1
2784,1550,1444.5
2785,1355,1433.3
2786,1452,1436.2
2787,1362,1431.3
2788,1500,1445.5
2789,1375,1440.8
2790,1500,1440.8
2791,1355,1434.7
2792,1333,1450.7
2793,1831,1461.3
2794,1864,1492.7
2795,1288,1486.0
2796,1616,1502.4
2797,1584,1524.6
2798,1504,1525.0
2799,1504,1537.9
2800,1504,1538.3
2801,1500,1552.8
2802,1504,1569.9
2803,1500,1536.8
2804,1606,1511.0
2805,1504,1532.6
2806,1500,1521.0
2807,1504,1513.0
2808,1500,1512.6
2809,1504,1512.6
2810,1500,1512.2
2811,943,1456.5
2812,1504,1456.5
2813,1428,1449.3
2814,1233,1412.0
2815,1500,1411.6
2816,1587,1420.3
2817,1500,1419.9
2818,1587,1428.6
2819,1500,1428.2
2820,1500,1428.2
2821,1527,1486.6
2822,1500,1486.2
2823,1500,1493.4
2824,1500,1520.1
2825,1500,1520.1
2826,1712,1532.6
2827,1500,1532.6
2828,1500,1523.9
2829,1788,1552.7
2830,1500,1552.7
2831,1500,1550.0
2832,1500,1550.0
2833,1500,1550.0
2834,1381,1538.1
2835,1500,1538.1
2836,1702,1537.1
2837,1665,1553.6
2838,1668,1570.4
2839,1659,1557.5
2840,1680,1575.5
2841,1680,1593.5
2842,1696,1613.1
2843,1693,1632.4
2844,1687,1663.0
2845,1691,1682.1
2846,1684,1680.3
2847,1672,1681.0
2848,1579,1672.1
2849,1678,1674.0
2850,1680,1674.0
2851,1691,1675.1
2852,1684,1673.9
2853,1717,1676.3
2854,1626,1670.2
2855,1722,1673.3
2856,1730,1677.9
2857,1724,1683.1
2858,1519,1677.1
2859,1738,1683.1
2860,1656,1680.7
2861,1628,1674.4
2862,1728,1678.8
2863,1719,1679.0
2864,1687,1685.1
2865,1721,1685.0
2866,1696,1681.6
2867,1718,1681.0
2868,1709,1700.0
2869,1704,1696.6
2870,1695,1700.5
2871,1518,1689.5
2872,1683,1685.0
2873,1694,1682.5
2874,1744,1688.2
2875,1482,1664.3
2876,1473,1642.0
2877,1221,1592.3
2878,1481,1569.5
2879,1500,1549.1
2880,1403,1519.9
2881,1365,1504.6
2882,1163,1452.6
2883,1153,1398.5
2884,1158,1339.9
2885,1147,1306.4
2886,1206,1279.7
2887,1103,1267.9
2888,1127,1232.5
2889,1111,1193.6
2890,1172,1170.5
2891,1136,1147.6
2892,1160,1147.3
2893,795,1111.5
2894,1084,1104.1
2895,1146,1104.0
2896,1158,1099.2
2897,1143,1103.2
2898,1002,1090.7
2899,1148,1094.4
2900,1161,1093.3
2901,1011,1080.8
2902,1184,1083.2
2903,1176,1121.3
2904,1160,1128.9
2905,1134,1127.7
2906,1129,1124.8
2907,1026,1113.1
2908,1140,1126.9
2909,995,1111.6
2910,1156,1111.1
2911,1178,1127.8
2912,1089,1118.3
2913,1092,1109.9
2914,1172,1111.1
2915,1112,1108.9
2916,1131,1109.1
2917,1211,1127.6
2918,1834,1197.0
2919,1742,1271.7
2920,1742,1330.3
2921,1500,1362.5
2922,1317,1385.3
2923,1317,1407.8
2924,1500,1440.6
2925,1940,1523.4
2926,1504,1560.7
2927,1590,1598.6
2928,1391,1554.3
2929,1731,1553.2
2930,1686,1547.6
2931,1408,1538.4
2932,1418,1548.5
2933,2010,1617.8
2934,1908,1658.6
2935,1422,1606.8
2936,1523,1608.7
2937,1375,1587.2
2938,1281,1576.2
2939,1221,1525.2
2940,1278,1484.4
2941,950,1438.6
2942,1270,1423.8
2943,1245,1347.3
2944,1240,1280.5
2945,1255,1263.8
2946,874,1198.9
2947,1152,1176.6
2948,1242,1172.7
2949,1234,1174.0
2950,1231,1169.3
2951,909,1165.2
2952,1218,1160.0
2953,1268,1162.3
2954,1017,1140.0
2955,1276,1142.1
2956,1246,1179.3
2957,1190,1183.1
2958,1249,1183.8
2959,1249,1185.3
2960,1249,1187.1
2961,1138,1210.0
2962,1256,1213.8
2963,1111,1198.1
2964,1667,1263.1
2965,1252,1260.7
2966,1689,1305.0
2967,1255,1311.5
2968,2033,1389.9
2969,1525,1417.5
2970,1235,1416.1
2971,1444,1446.7
2972,1246,1445.7
2973,1257,1460.3
2974,1495,1443.1
2975,1790,1496.9
2976,1266,1454.6
2977,1278,1456.9
2978,1290,1382.6
2979,1293,1359.4
2980,958,1331.7
2981,1709,1358.2
2982,1755,1409.1
2983,1296,1413.0
2984,1680,1431.5
2985,1302,1382.7
2986,1303,1386.4
2987,1473,1405.9
2988,1774,1454.3
2989,1302,1455.2
2990,1313,1490.7
2991,1809,1500.7
2992,1323,1457.5
2993,1369,1464.8
2994,1319,1428.7
2995,1324,1430.9
2996,1698,1470.4
2997,1552,1478.3
2998,1289,1429.8
2999,1297,1429.3
3000,1300,1428.0
3001,1302,1377.3
3002,1282,1373.2
3003,1453,1381.6
3004,1235,1373.2
3005,1453,1386.1
3006,1338,1350.1
3007,1208,1315.7
3008,1213,1308.1
3009,1833,1361.7
3010,1185,1350.2
3011,1848,1404.8
3012,1188,1395.4
3013,2035,1453.6
3014,1609,1491.0
3015,1584,1504.1
3016,1374,1507.7
3017,1813,1568.2
3018,1503,1597.2
3019,1669,1580.8
3020,1467,1609.0
3021,1429,1567.1
3022,1453,1593.6
3023,1385,1528.6
3024,1235,1491.2
3025,1431,1475.9
3026,1763,1514.8
3027,1306,1464.1
3028,1248,1438.6
3029,1258,1397.5
3030,1916,1442.4
3031,1788,1478.3
3032,1155,1448.5
3033,1132,1423.2
3034,1113,1411.0
3035,1102,1378.1
3036,1102,1312.0
3037,1023,1283.7
3038,1098,1268.7
3039,1241,1267.0
3040,1130,1188.4
3041,1169,1126.5
3042,1114,1122.4
3043,1636,1172.8
3044,1825,1244.0
3045,1074,1241.2
3046,1429,1273.9
3047,1425,1314.1
3048,1451,1349.4
3049,1424,1367.7
3050,1436,1398.3
3051,1426,1424.0
3052,1419,1454.5
3053,1399,1430.8
3054,1441,1392.4
3055,1453,1430.3
3056,1464,1433.8
3057,1476,1438.9
3058,1497,1443.5
3059,1472,1448.3
3060,1459,1450.6
3061,1456,1453.6
3062,1462,1457.9
3063,1450,1463.0
3064,1441,1463.0
3065,1451,1462.8
3066,1461,1462.5
3067,1465,1461.4
3068,1462,1457.9
3069,1450,1455.7
3070,1464,1456.2
3071,1417,1452.3
3072,1443,1450.4
3073,1471,1452.5
3074,1465,1454.9
3075,1417,1451.5
3076,1474,1452.8
3077,1510,1457.3
3078,1480,1459.1
3079,1498,1463.9
3080,1510,1468.5
3081,1435,1470.3
3082,1536,1479.6
3083,1514,1483.9
3084,1559,1493.3
3085,1568,1508.4
3086,1475,1508.5
3087,1561,1513.6
3088,1553,1520.9
3089,1456,1516.7
3090,1546,1520.3
3091,1543,1531.1
3092,1547,1532.2
3093,1477,1528.5
3094,1551,1527.7
3095,1472,1518.1
3096,1436,1514.2
3097,1567,1514.8
3098,1301,1489.6
3099,1292,1473.2
3100,1616,1480.2
3101,1613,1487.2
3102,1607,1493.2
3103,1600,1505.5
3104,1580,1508.4
3105,1711,1532.3
3106,2211,1609.8
3107,2070,1660.1
3108,2196,1749.6
3109,2290,1849.4
3110,1962,1884.0
3111,1966,1919.3
3112,2232,1981.8
3113,2169,2038.7
3114,2209,2101.6
3115,1788,2109.3
3116,2202,2108.4
3117,2199,2121.3
3118,2178,2119.5
3119,2173,2107.8
3120,2167,2128.3
3121,2080,2139.7
3122,2176,2134.1
3123,2018,2119.0
3124,1989,2097.0
3125,2147,2132.9
3126,2145,2127.2
3127,1692,2076.5
3128,1690,2027.7
3129,2129,2023.3
3130,2022,2008.8
3131,2146,2015.4
3132,1739,1971.7
3133,2155,1985.4
3134,2148,2001.3
3135,1852,1971.8
3136,1828,1940.1
3137,1863,1957.2
3138,1846,1972.8
3139,1565,1916.4
3140,1814,1895.6
3141,1741,1855.1
3142,1712,1852.4
3143,1832,1820.1
3144,1921,1797.4
3145,1581,1770.3
3146,1410,1728.5
3147,1688,1711.0
3148,1852,1711.6
3149,1868,1741.9
3150,1881,1748.6
3151,1854,1759.9
3152,1885,1777.2
3153,1864,1780.4
3154,1832,1771.5
3155,1859,1799.3
3156,1913,1849.6
3157,1732,1854.0
3158,1645,1833.3
3159,1663,1812.8
3160,2063,1831.0
3161,1445,1790.1
3162,1625,1764.1
3163,1634,1741.1
3164,2054,1763.3
3165,1638,1741.2
3166,1617,1711.6
3167,1727,1711.1
3168,1638,1710.4
3169,973,1641.4
3170,1170,1552.1
3171,1272,1534.8
3172,999,1472.2
3173,979,1406.7
3174,906,1291.9
3175,1053,1233.4
3176,1037,1175.4
3177,1059,1108.6
3178,1036,1048.4
3179,1261,1077.2
3180,1351,1095.3
3181,1071,1075.2
3182,1064,1081.7
3183,1378,1121.6
3184,1092,1140.2
3185,1140,1148.9
3186,1141,1159.3
3187,1221,1175.5
3188,1296,1201.5
3189,1136,1189.0
3190,1076,1161.5
3191,1004,1154.8
3192,1023,1150.7
3193,1190,1131.9
3194,1110,1133.7
3195,1152,1134.9
3196,1221,1142.9
3197,1135,1134.3
3198,1218,1126.5
3199,1500,1162.9
3200,1500,1205.3
3201,1644,1269.3
3202,1638,1330.8
3203,1500,1361.8
3204,1480,1398.8
3205,1480,1431.6
3206,1082,1417.7
3207,1480,1452.2
3208,1359,1466.3
3209,1350,1451.3
3210,1480,1449.3
3211,1357,1420.6
3212,1480,1404.8
3213,1500,1404.8
3214,1444,1401.2
3215,1480,1401.2
3216,1480,1441.0
3217,1027,1395.7
3218,1480,1407.8
3219,1480,1420.8
3220,1480,1420.8
3221,1225,1407.6
3222,1480,1407.6
3223,1316,1389.2
3224,1082,1353.0
3225,1480,1353.0
3226,1500,1355.0
3227,1314,1383.7
3228,1225,1358.2
3229,1480,1358.2
3230,1480,1358.2
3231,1480,1383.7
3232,1480,1383.7
3233,1209,1373.0
3234,1500,1414.8
3235,1500,1416.8
3236,1480,1414.8
3237,1480,1431.4
3238,1480,1456.9
3239,1276,1436.5
3240,1475,1436.0
3241,1301,1418.1
3242,1480,1418.1
3243,1500,1447.2
3244,1480,1445.2
3245,1480,1443.2
3246,1498,1445.0
3247,1480,1445.0
3248,1109,1407.9
3249,1269,1407.2
3250,1197,1379.4
3251,1637,1413.0
3252,1137,1378.7
3253,1181,1346.8
3254,1123,1311.1
3255,1290,1292.1
3256,1297,1272.0
3257,1346,1258.6
3258,1545,1302.2
3259,1500,1325.3
3260,1500,1355.6
3261,1691,1361.0
3262,1500,1397.3
3263,1500,1429.2
3264,1542,1471.1
3265,1500,1492.1
3266,1500,1512.4
3267,1500,1527.8
3268,1876,1560.9
3269,1837,1594.6
3270,1923,1636.9
3271,1935,1661.3
3272,1885,1699.8
3273,1874,1737.2
3274,1883,1771.3
3275,1872,1808.5
3276,1907,1849.2
3277,1847,1883.9
3278,1932,1889.5
3279,1972,1903.0
3280,1929,1903.6
3281,1941,1904.2
3282,1947,1910.4
3283,1941,1917.1
3284,1947,1923.5
3285,1942,1930.5
3286,1949,1934.7
3287,1176,1867.6
3288,1259,1800.3
3289,1307,1733.8
3290,1691,1710.0
3291,1432,1659.1
3292,1459,1610.3
3293,1746,1590.8
3294,1500,1546.1
3295,2001,1552.0
3296,1759,1533.0
3297,1757,1591.1
3298,1853,1650.5
3299,1579,1677.7
3300,1768,1685.4
3301,1775,1719.7
3302,1603,1734.1
3303,1371,1696.6
3304,1455,1692.1
3305,1581,1650.1
3306,1585,1632.7
3307,1633,1620.3
3308,1795,1614.5
3309,1489,1605.5
3310,1602,1588.9
3311,1591,1570.5
3312,1547,1564.9
3313,1594,1587.2
3314,1578,1599.5
3315,1568,1598.2
3316,1371,1576.8
3317,1635,1577.0
3318,1576,1555.1
3319,1567,1562.9
3320,1504,1553.1
3321,1600,1554.0
3322,1532,1552.5
3323,1629,1556.0
3324,1525,1550.7
3325,1649,1558.8
3326,1525,1574.2
3327,1531,1563.8
3328,1545,1560.7
3329,1612,1565.2
3330,1534,1568.2
3331,1600,1568.2
3332,1533,1568.3
3333,1532,1558.6
3334,1632,1569.3
3335,1551,1559.5
3336,1628,1569.8
3337,1638,1580.5
3338,1575,1583.5
3339,1477,1570.0
3340,1651,1581.7
3341,1598,1581.5
3342,1586,1586.8
3343,1585,1592.1
3344,1671,1596.0
3345,1633,1604.2
3346,1616,1603.0
3347,1939,1633.1
3348,1423,1617.9
3349,1628,1633.0
3350,1838,1651.7
3351,2067,1698.6
3352,1825,1722.5
3353,2099,1773.9
3354,1836,1790.4
3355,1817,1808.8
3356,1799,1827.1
3357,1867,1819.9
3358,1771,1854.7
3359,1861,1878.0
3360,1728,1867.0
3361,1786,1838.9
3362,1500,1806.4
3363,1684,1764.9
3364,1782,1759.5
3365,1809,1758.7
3366,1805,1759.3
3367,1803,1752.9
3368,1663,1742.1
3369,1813,1737.3
3370,1801,1744.6
3371,1808,1746.8
3372,1831,1779.9
3373,1480,1759.5
3374,1806,1761.9
3375,1798,1760.8
3376,1804,1760.7
3377,1858,1766.2
3378,1812,1781.1
3379,1847,1784.5
3380,1888,1793.2
3381,1839,1796.3
3382,1846,1797.8
3383,1845,1834.3
3384,1997,1853.4
3385,1976,1871.2
3386,1841,1874.9
3387,1235,1812.6
3388,1924,1823.8
3389,1693,1808.4
3390,1683,1787.9
3391,1588,1762.8
3392,1661,1744.3
3393,1199,1679.7
3394,1565,1636.5
3395,1690,1607.9
3396,1696,1593.4
3397,1888,1658.7
3398,1696,1635.9
3399,1554,1622.0
3400,1722,1625.9
3401,1720,1639.1
3402,1718,1644.8
3403,1652,1690.1
3404,1525,1686.1
3405,1530,1670.1
3406,1575,1658.0
3407,1514,1620.6
3408,1602,1611.2
3409,1538,1609.6
3410,1541,1591.5
3411,1708,1590.3
3412,1270,1545.5
3413,1733,1553.6
3414,1732,1574.3
3415,1733,1594.6
3416,1732,1610.3
3417,1733,1632.2
3418,1732,1645.2
3419,1733,1664.7
3420,1732,1683.8
3421,1654,1678.4
3422,1732,1724.6
3423,1732,1724.5
3424,1733,1724.6
3425,1733,1724.6
3426,1558,1707.2
3427,1532,1687.1
3428,1377,1651.6
3429,1429,1621.2
3430,1249,1572.9
3431,1249,1532.4
3432,1202,1479.4
3433,1227,1428.9
3434,1134,1369.0
3435,1500,1345.7
3436,1220,1311.9
3437,1278,1286.5
3438,1278,1276.6
3439,1278,1261.5
3440,1500,1286.6
3441,1278,1289.5
3442,1018,1271.1
3443,1278,1276.2
3444,1278,1290.6
3445,1620,1302.6
3446,1278,1308.4
3447,1500,1330.6
3448,1546,1357.4
3449,1278,1357.4
3450,1406,1348.0
3451,1477,1367.9
3452,1364,1402.5
3453,1400,1414.7
3454,1423,1429.2
3455,1400,1407.2
3456,1290,1408.4
3457,1530,1411.4
3458,1619,1418.7
3459,1400,1430.9
3460,1302,1420.5
3461,1400,1412.8
3462,1400,1416.4
3463,1741,1450.5
3464,1400,1448.2
3465,1766,1484.8
3466,1437,1499.5
3467,1352,1481.7
3468,1631,1482.9
3469,1559,1498.8
3470,1400,1508.6
3471,1400,1508.6
3472,1171,1485.7
3473,1318,1443.4
3474,1400,1443.4
3475,1400,1406.8
3476,1371,1400.2
3477,1400,1405.0
3478,1675,1409.4
3479,1515,1405.0
3480,1400,1405.0
3481,1366,1401.6
3482,1589,1443.4
3483,1400,1451.6
3484,1400,1451.6
3485,1566,1468.2
3486,1356,1466.7
3487,1400,1466.7
3488,1500,1449.2
3489,1400,1437.7
3490,1400,1437.7
3491,1442,1445.3
3492,1532,1439.6
3493,1385,1438.1
3494,1537,1451.8
3495,1470,1442.2
3496,1477,1454.3
3497,1556,1469.9
3498,1552,1475.1
3499,1545,1489.6
3500,1517,1501.3
3501,1514,1508.5
3502,1552,1510.5
3503,1499,1521.9
3504,1492,1517.4
3505,1484,1518.8
3506,1394,1510.5
3507,1491,1504.0
3508,1508,1499.6
3509,1275,1472.6
3510,1514,1472.3
3511,1482,1469.1
3512,1552,1469.1
3513,1455,1464.7
3514,1352,1450.7
3515,1507,1453.0
3516,1496,1463.2
3517,1461,1460.2
3518,1475,1456.9
3519,2193,1548.7
3520,2193,1616.6
3521,1927,1661.1
3522,2193,1725.2
3523,1996,1779.3
3524,1799,1824.0
3525,2193,1892.6
3526,1799,1922.9
3527,2145,1991.3
3528,1814,2025.2
3529,2193,2025.2
3530,2193,2025.2
3531,2037,2036.2
3532,2105,2027.4
3533,2029,2030.7
3534,1939,2044.7
3535,2115,2036.9
3536,1953,2052.3
3537,1500,1987.8
3538,1861,1992.5
3539,1500,1923.2
3540,2119,1915.8
3541,1281,1840.2
3542,1500,1779.7
3543,1633,1740.1
3544,1667,1712.9
3545,1645,1665.9
3546,1653,1635.9
3547,1666,1652.5
3548,1679,1634.3
3549,1641,1648.4
3550,1629,1599.4
3551,1588,1630.1
3552,2222,1702.3
3553,2070,1746.0
3554,1287,1708.0
3555,1081,1651.6
3556,2126,1698.9
3557,2126,1744.9
3558,1659,1742.9
3559,1911,1769.9
3560,2009,1807.9
3561,2126,1861.7
3562,2126,1852.1
3563,2126,1857.7
3564,2047,1933.7
3565,2126,2038.2
3566,1673,1992.9
3567,1768,1957.1
3568,2057,1996.9
3569,2101,2015.9
3570,1975,2012.5
3571,1790,1978.9
3572,1500,1916.3
3573,1642,1867.9
3574,1251,1788.3
3575,1091,1684.8
3576,1306,1648.1
3577,1183,1589.6
3578,1236,1507.5
3579,1662,1463.6
3580,1718,1437.9
3581,1615,1420.4
3582,1549,1425.3
3583,1488,1409.9
3584,1491,1433.9
3585,1746,1499.4
3586,1460,1514.8
3587,1825,1579.0
3588,1448,1600.2
3589,1433,1577.3
3590,1442,1549.7
3591,1453,1533.5
3592,1550,1533.6
3593,1452,1530.0
3594,1647,1545.6
3595,1434,1514.4
3596,1412,1509.6
3597,1393,1466.4
3598,1372,1458.8
3599,1298,1445.3
3600,1423,1443.4
3601,1311,1429.2
3602,1383,1412.5
3603,1333,1400.6
3604,1522,1388.1
3605,1537,1398.4
3606,1433,1400.5
3607,1544,1415.6
3608,1657,1444.1
3609,1853,1499.6
3610,1491,1506.4
3611,1525,1527.8
3612,1504,1539.9
3613,1493,1555.9
3614,1685,1572.2
3615,1862,1604.7
3616,1496,1611.0
3617,1908,1647.4
3618,1500,1631.7
3619,1482,1594.6
3620,1500,1595.5
3621,1566,1599.6
3622,1497,1598.9
3623,1480,1597.6
3624,1675,1596.6
3625,1474,1557.8
3626,1492,1557.4
3627,1540,1520.6
3628,1570,1527.6
3629,1574,1536.8
3630,1587,1545.5
3631,1576,1546.5
3632,1299,1526.7
3633,1507,1529.4
3634,1574,1519.3
3635,1576,1529.5
3636,1560,1536.3
3637,1253,1507.6
3638,1538,1504.4
3639,1354,1482.4
3640,1183,1442.0
3641,1548,1439.2
3642,1304,1439.7
3643,1558,1444.8
3644,1572,1444.6
3645,1555,1442.5
3646,1563,1442.8
3647,1563,1473.8
3648,1421,1462.1
3649,1563,1483.0
3650,1336,1498.3
3651,1525,1496.0
3652,1349,1500.5
3653,1468,1491.5
3654,1360,1470.3
3655,1344,1449.2
3656,1474,1440.3
3657,1615,1445.5
3658,1338,1437.2
3659,1345,1415.4
3660,1351,1416.9
3661,1360,1400.4
3662,1445,1410.0
3663,1353,1398.5
3664,1342,1396.7
3665,1696,1431.9
3666,1348,1419.3
3667,1356,1393.4
3668,1596,1419.2
3669,1525,1437.2
3670,1362,1438.3
3671,1534,1455.7
3672,1497,1460.9
3673,1372,1462.8
3674,1375,1466.1
3675,1454,1441.9
3676,1392,1446.3
3677,1479,1458.6
3678,1341,1433.1
3679,1399,1420.5
3680,1564,1440.7
3681,1440,1431.3
3682,1381,1419.7
3683,1651,1447.6
3684,1347,1444.8
3685,1376,1437.0
3686,1383,1436.1
3687,1489,1437.1
3688,1429,1445.9
3689,1431,1449.1
3690,2005,1493.2
3691,2285,1577.7
3692,1500,1589.6
3693,1370,1561.5
3694,1514,1578.2
3695,1311,1571.7
3696,1369,1570.3
3697,1344,1555.8
3698,1880,1600.9
3699,1807,1638.5
3700,1253,1563.3
3701,1632,1498.0
3702,1232,1471.2
3703,1359,1470.1
3704,1210,1439.7
3705,1210,1429.6
3706,1221,1414.8
3707,1157,1396.1
3708,1201,1328.2
3709,1207,1268.2
3710,1179,1260.8
3711,1315,1229.1
3712,1166,1222.5
3713,1197,1206.3
3714,1163,1201.6
3715,1152,1195.8
3716,1156,1189.3
3717,1154,1189.0
3718,1348,1203.7
3719,1322,1215.2
3720,1153,1212.6
3721,1152,1196.3
3722,1064,1186.1
3723,1144,1180.8
3724,1192,1183.7
3725,1106,1179.1
3726,1157,1179.2
3727,1076,1171.4
3728,1083,1144.9
3729,1189,1131.6
3730,1151,1131.4
3731,1236,1139.8
3732,1301,1163.5
3733,1148,1163.9
3734,1155,1160.2
3735,1660,1215.6
3736,1751,1275.0
3737,1961,1363.5
3738,1848,1440.0
3739,1838,1504.9
3740,1977,1587.5
3741,1868,1650.7
3742,1835,1704.1
3743,1769,1766.2
3744,1473,1798.0
3745,1755,1807.5
3746,1481,1780.5
3747,1697,1754.1
3748,1492,1718.5
3749,1603,1695.0
3750,1500,1647.3
3751,1492,1609.7
3752,1356,1561.8
3753,1208,1505.7
3754,1513,1509.7
3755,1175,1451.7
3756,1175,1421.1
3757,1673,1418.7
3758,1175,1387.0
3759,1462,1372.9
3760,1473,1370.2
3761,1155,1336.5
3762,1137,1314.6
3763,1234,1317.2
3764,1097,1275.6
3765,1901,1348.2
3766,1500,1380.7
3767,1097,1323.1
3768,1101,1315.7
3769,1633,1332.8
3770,1107,1296.2
3771,1273,1308.0
3772,1155,1309.8
3773,1158,1302.2
3774,1517,1344.2
3775,1551,1309.2
3776,1703,1329.5
3777,1703,1390.1
3778,1677,1447.7
3779,1703,1454.7
3780,1703,1514.3
3781,1682,1555.2
3782,1579,1597.6
3783,1722,1654.0
3784,1722,1674.5
3785,1767,1696.1
3786,1722,1698.0
3787,1722,1699.9
3788,1674,1699.6
3789,1727,1702.0
3790,1727,1704.4
3791,1856,1721.8
3792,1670,1730.9
3793,1744,1733.1
3794,1897,1750.6
3795,1732,1747.1
3796,1747,1749.6
3797,1749,1752.3
3798,1749,1759.8
3799,1738,1760.9
3800,1632,1751.4
3801,1857,1751.5
3802,1776,1762.1
3803,1715,1759.2
3804,1798,1749.3
3805,1714,1747.5
3806,2076,1780.4
3807,1714,1776.9
3808,1800,1782.0
3809,1714,1779.6
3810,1800,1796.4
3811,1651,1775.8
3812,1737,1771.9
3813,1647,1765.1
3814,1737,1759.0
3815,1737,1761.3
3816,1868,1740.5
3817,1549,1724.0
3818,1772,1721.2
3819,1559,1705.7
3820,1664,1692.1
3821,1578,1684.8
3822,1835,1694.6
3823,1593,1689.2
3824,1620,1677.5
3825,1567,1660.5
3826,1646,1638.3
3827,1538,1637.2
3828,1859,1645.9
3829,1370,1627.0
3830,1565,1617.1
3831,1571,1616.4
3832,1748,1607.7
3833,1575,1605.9
3834,1840,1627.9
3835,1698,1641.0
3836,1557,1632.1
3837,1452,1623.5
3838,1666,1604.2
3839,1575,1624.7
3840,1701,1638.3
3841,1570,1638.2
3842,1556,1619.0
3843,1597,1621.2
3844,1529,1590.1
3845,1623,1582.6
3846,1752,1602.1
3847,1549,1611.8
3848,1557,1600.9
3849,1663,1609.7
3850,1644,1604.0
3851,1573,1604.3
3852,1611,1609.8
3853,1548,1604.9
3854,1555,1607.5
3855,1559,1601.1
3856,1570,1582.9
3857,1640,1592.0
3858,1600,1596.3
3859,1728,1602.8
3860,1643,1602.7
3861,1822,1627.6
3862,1569,1623.4
3863,1579,1626.5
3864,1706,1641.6
3865,1543,1640.0
3866,1805,1663.5
3867,1500,1649.5
3868,1413,1630.8
3869,1500,1608.0
3870,1500,1593.7
3871,1706,1582.1
3872,1347,1559.9
3873,1644,1566.4
3874,939,1489.7
3875,1458,1481.2
3876,1449,1445.6
3877,949,1390.5
3878,961,1345.3
3879,963,1291.6
3880,1046,1246.2
3881,1500,1225.6
3882,1306,1221.5
3883,1259,1183.0
3884,1272,1216.3
3885,1278,1198.3
3886,1265,1179.9
3887,1265,1211.5
3888,1265,1241.9
3889,1264,1272.0
3890,1278,1295.2
3891,1282,1273.4
3892,1500,1292.8
3893,1271,1294.0
3894,964,1263.2
3895,1270,1262.4
3896,1277,1263.6
3897,1370,1274.1
3898,1370,1284.6
3899,1366,1294.8
3900,1442,1311.2
3901,1495,1332.5
3902,1387,1321.2
3903,1264,1320.5
3904,1554,1379.5
3905,1586,1411.1
3906,2103,1493.7
3907,2188,1575.5
3908,2066,1645.1
3909,2180,1726.5
3910,2190,1801.3
3911,2201,1871.9
3912,2104,1943.6
3913,2226,2039.8
3914,2330,2117.4
3915,2121,2170.9
3916,2218,2182.4
3917,2151,2178.7
3918,2221,2194.2
3919,2194,2195.6
3920,2221,2198.7
3921,2230,2201.6
3922,2276,2218.8
3923,2230,2219.2
3924,2226,2208.8
3925,2218,2218.5
3926,2225,2219.2
3927,2199,2224.0
3928,2199,2221.8
3929,2179,2220.3
3930,1502,2148.4
3931,1368,2062.2
3932,1488,1983.4
3933,1470,1907.4
3934,1513,1836.1
3935,1514,1765.7
3936,1534,1696.6
3937,1523,1629.0
3938,1550,1564.1
3939,810,1427.2
3940,1209,1397.9
3941,1210,1382.1
3942,1211,1354.4
3943,1586,1366.0
3944,1255,1340.2
3945,1179,1306.7
3946,1188,1272.1
3947,1718,1291.6
3948,1733,1309.9
3949,1483,1377.2
3950,1378,1394.1
3951,1387,1411.8
3952,1421,1432.8
3953,1391,1413.3
3954,1461,1433.9
3955,1476,1463.6
3956,1180,1462.8
3957,1394,1430.4
3958,1638,1420.9
3959,1439,1416.5
3960,1483,1427.0
3961,1447,1433.0
3962,1498,1440.7
3963,1561,1457.7
3964,1500,1461.6
3965,1624,1476.4
3966,1430,1501.4
3967,1524,1514.4
3968,1500,1500.6
3969,1500,1506.7
3970,1508,1509.2
3971,1508,1515.3
3972,1508,1516.3
3973,1508,1511.0
3974,1500,1511.0
3975,1508,1499.4
3976,1500,1506.4
3977,1238,1477.8
3978,1500,1477.8
3979,1693,1497.1
3980,1500,1496.3
3981,1622,1507.7
3982,1160,1472.9
3983,1418,1463.9
3984,1930,1506.9
3985,1761,1532.2
3986,1745,1556.7
3987,1750,1607.9
3988,1733,1631.2
3989,2108,1672.7
3990,2105,1733.2
3991,2101,1781.1
3992,1852,1850.3
3993,1759,1884.4
3994,1749,1866.3
3995,1763,1866.5
3996,1809,1872.9
3997,1801,1878.0
3998,1711,1875.8
3999,1712,1836.2
4000,1764,1802.1
4001,1737,1765.7
4002,1734,1753.9
4003,1696,1747.6
4004,1712,1743.9
4005,1734,1741.0
4006,1796,1739.7
4007,1720,1731.6
4008,1704,1730.9
4009,1718,1731.5
4010,1779,1733.0
4011,1737,1733.0
4012,1888,1748.4
4013,1852,1764.0
4014,1772,1770.0
4015,1799,1776.5
4016,1820,1778.9
4017,1734,1780.3
4018,1696,1779.5
4019,1695,1777.2
4020,1780,1777.3
4021,1914,1795.0
4022,1786,1784.8
4023,1882,1787.8
4024,1792,1789.8
4025,1760,1785.9
4026,1818,1785.7
4027,1785,1790.8
4028,1215,1742.7
4029,1687,1741.9
4030,1316,1695.5
4031,1261,1630.2
4032,1228,1574.4
4033,1255,1511.7
4034,1391,1471.6
4035,1142,1409.8
4036,1162,1344.2
4037,1204,1286.1
4038,1229,1287.5
4039,1336,1252.4
4040,1150,1235.8
4041,1450,1254.7
4042,1425,1274.4
4043,1452,1294.1
4044,1255,1280.5
4045,1108,1277.1
4046,1255,1286.4
4047,1255,1291.5
4048,1108,1279.4
4049,1255,1271.3
4050,1142,1270.5
4051,1107,1236.2
4052,1107,1204.4
4053,1581,1217.3
4054,1505,1242.3
4055,1493,1280.8
4056,1494,1304.7
4057,1497,1328.9
4058,1572,1375.3
4059,1492,1399.0
4060,1511,1435.9
4061,1513,1476.5
4062,1478,1513.6
4063,1513,1506.8
4064,1322,1488.5
4065,1504,1489.6
4066,1502,1490.4
4067,1491,1489.8
4068,1512,1483.8
4069,1502,1484.8
4070,1497,1483.4
4071,1430,1475.1
4072,1465,1473.8
4073,1476,1470.1
4074,1501,1488.0
4075,1531,1490.7
4076,1483,1488.8
4077,1491,1488.8
4078,1480,1485.6
4079,1479,1483.3
4080,1468,1480.4
4081,1479,1485.3
4082,1624,1501.2
4083,1476,1501.2
4084,1467,1497.8
4085,1479,1492.6
4086,1489,1493.2
4087,1467,1490.8
4088,1578,1500.6
4089,1466,1499.3
4090,1532,1505.7
4091,1462,1504.0
4092,1536,1495.2
4093,1457,1493.3
4094,1422,1488.8
4095,1481,1489.0
4096,1477,1487.8
4097,1500,1491.1
4098,1407,1474.0
4099,1500,1477.4
4100,1937,1517.9
4101,2141,1585.8
4102,1500,1582.2
4103,1342,1570.7
4104,1254,1553.9
4105,1184,1524.2
4106,1203,1496.8
4107,1329,1479.7
4108,1325,1471.5
4109,1500,1471.5
4110,1233,1401.1
4111,1567,1343.7
4112,1681,1361.8
4113,1189,1346.5
4114,1162,1337.3
4115,1446,1363.5
4116,2404,1483.6
4117,1616,1512.3
4118,1499,1529.7
4119,1405,1520.2
4120,1302,1527.1
4121,989,1469.3
4122,989,1400.1
4123,1610,1442.2
4124,989,1424.9
4125,1538,1434.1
4126,1003,1294.0
4127,958,1228.2
4128,1500,1228.3
4129,963,1184.1
4130,978,1151.7
4131,1172,1170.0
4132,1032,1174.3
4133,1142,1127.5
4134,1424,1171.0
4135,1691,1186.3
4136,1471,1233.1
4137,1440,1281.3
4138,1450,1276.3
4139,1455,1325.5
4140,1454,1373.1
4141,1508,1406.7
4142,1425,1446.0
4143,1580,1489.8
4144,1418,1489.2
4145,1545,1474.6
4146,1392,1466.7
4147,1382,1460.9
4148,1347,1450.6
4149,1395,1444.6
4150,1418,1441.0
4151,1423,1432.5
4152,1500,1440.0
4153,1457,1427.7
4154,1421,1428.0
4155,1464,1419.9
4156,1363,1417.0
4157,1653,1444.1
4158,1710,1480.4
4159,1465,1487.4
4160,1701,1515.7
4161,1554,1528.8
4162,1488,1527.6
4163,1579,1539.8
4164,1482,1545.9
4165,1528,1552.3
4166,1467,1562.7
4167,1559,1553.3
4168,1549,1537.2
4169,1436,1534.3
4170,1858,1550.0
4171,1431,1537.7
4172,1443,1533.2
4173,1661,1541.4
4174,1073,1500.5
4175,1551,1502.8
4176,1155,1471.6
4177,1780,1493.7
4178,1157,1454.5
4179,1164,1427.3
4180,1563,1397.8
4181,1805,1435.2
4182,1209,1411.8
4183,1215,1367.2
4184,1515,1411.4
4185,1002,1356.5
4186,1009,1341.9
4187,1511,1315.0
4188,1027,1302.0
4189,1264,1312.0
4190,1072,1262.9
4191,1073,1189.7
4192,1793,1248.1
4193,1374,1264.0
4194,1539,1266.4
4195,1149,1281.1
4196,1535,1333.7
4197,1500,1332.6
4198,856,1315.5
4199,1435,1332.6
4200,1828,1408.2
4201,1353,1436.2
4202,1347,1391.6
4203,1334,1387.6
4204,1079,1341.6
4205,1314,1358.1
4206,1052,1309.8
4207,1100,1269.8
4208,1393,1323.5
4209,1100,1290.0
4210,1027,1209.9
4211,1065,1181.1
4212,1085,1154.9
4213,1104,1131.9
4214,1130,1137.0
4215,1125,1118.1
4216,1152,1128.1
4217,1112,1129.3
4218,1141,1104.1
4219,1080,1102.1
4220,1152,1114.6
4221,1145,1122.6
4222,1205,1134.6
4223,1216,1145.8
4224,1141,1146.9
4225,1018,1136.2
4226,1208,1141.8
4227,1195,1150.1
4228,1221,1158.1
4229,1054,1155.5
4230,1703,1210.6
4231,1455,1241.6
4232,1433,1264.4
4233,1469,1289.7
4234,1785,1354.1
4235,1315,1383.8
4236,1466,1409.6
4237,1585,1448.6
4238,1907,1517.2
4239,1291,1540.9
4240,1278,1498.4
4241,1515,1504.4
4242,1473,1508.4
4243,1610,1522.5
4244,1907,1534.7
4245,1299,1533.1
4246,1430,1529.5
4247,1576,1528.6
4248,1901,1528.0
4249,1093,1508.2
4250,1117,1492.1
4251,1169,1457.5
4252,1106,1420.8
4253,1251,1384.9
4254,1128,1307.0
4255,1146,1291.7
4256,1254,1274.1
4257,1228,1239.3
4258,1705,1219.7
4259,1158,1226.2
4260,1759,1290.4
4261,1167,1290.2
4262,2023,1381.9
4263,1426,1399.4
4264,1200,1406.6
4265,1427,1434.7
4266,1303,1439.6
4267,1155,1432.3
4268,1155,1377.3
4269,1170,1378.5
4270,1173,1319.9
4271,1278,1331.0
4272,1473,1276.0
4273,1264,1259.8
4274,1907,1330.5
4275,1420,1329.8
4276,1277,1327.2
4277,1804,1392.1
4278,1406,1417.2
4279,1231,1423.3
4280,1466,1452.6
4281,1500,1474.8
4282,1127,1440.2
4283,1242,1438.0
4284,1104,1357.7
4285,1138,1329.5
4286,1186,1320.4
4287,1256,1265.6
4288,1102,1235.2
4289,1205,1232.6
4290,1311,1217.1
4291,1500,1217.1
4292,1676,1272.0
4293,2001,1347.9
4294,1629,1400.4
4295,1582,1444.8
4296,1582,1484.4
4297,1079,1466.7
4298,1582,1514.7
4299,1410,1535.2
4300,1500,1554.1
4301,1582,1562.3
4302,1500,1544.7
4303,1582,1502.8
4304,1143,1454.2
4305,1591,1455.1
4306,1143,1411.2
4307,1143,1417.6
4308,1591,1418.5
4309,1591,1436.6
4310,924,1379.0
4311,918,1312.6
4312,1146,1277.2
4313,1077,1226.7
4314,1196,1232.0
4315,1362,1209.1
4316,989,1193.7
4317,1033,1182.7
4318,1362,1159.8
4319,1500,1150.7
4320,1847,1243.0
4321,1555,1306.7
4322,1856,1377.7
4323,1681,1438.1
4324,1868,1505.3
4325,1741,1543.2
4326,1881,1632.4
4327,1573,1686.4
4328,1871,1737.3
4329,1858,1773.1
4330,1846,1773.0
4331,1836,1801.1
4332,1841,1799.6
4333,1826,1814.1
4334,1626,1789.9
4335,1818,1797.6
4336,1901,1799.6
4337,1791,1821.4
4338,1792,1813.5
4339,1780,1805.7
4340,1456,1766.7
4341,1802,1763.3
4342,2031,1782.3
4343,2182,1817.9
4344,2062,1861.5
4345,1828,1862.5
4346,1821,1854.5
4347,1915,1866.9
4348,1791,1866.8
4349,1922,1881.0
4350,1810,1916.4
4351,1822,1918.4
4352,1784,1893.7
4353,1788,1854.3
4354,1461,1794.2
4355,1094,1720.8
4356,1104,1649.1
4357,1633,1620.9
4358,1506,1592.4
4359,1109,1511.1
4360,1709,1501.0
4361,1302,1449.0
4362,1084,1379.0
4363,1732,1373.4
4364,2022,1429.5
4365,1086,1428.7
4366,1651,1483.4
4367,1319,1452.0
4368,1683,1469.7
4369,1080,1466.8
4370,1092,1405.1
4371,1707,1445.6
4372,1425,1479.7
4373,1121,1418.6
4374,1121,1328.5
4375,1126,1332.5
4376,1778,1345.2
4377,1186,1331.9
4378,1476,1311.2
4379,1884,1391.6
4380,1494,1431.8
4381,2335,1494.6
4382,2271,1579.2
4383,2307,1697.8
4384,2291,1814.8
4385,2269,1929.1
4386,2247,1976.0
4387,2235,2080.9
4388,2126,2145.9
4389,2202,2177.7
4390,2193,2247.6
4391,2204,2234.5
4392,2120,2219.4
4393,2135,2202.2
4394,1151,2088.2
4395,1586,2019.9
4396,1635,1958.7
4397,1967,1931.9
4398,2080,1927.3
4399,2070,1914.1
4400,1791,1873.9
4401,2043,1857.8
4402,2016,1847.4
4403,1989,1832.8
4404,1943,1912.0
4405,1909,1944.3
4406,1729,1953.7
4407,1627,1919.7
4408,1657,1877.4
4409,1970,1867.4
4410,1696,1857.9
4411,1669,1820.5
4412,1714,1790.3
4413,1744,1765.8
4414,1573,1728.8
4415,1472,1685.1
4416,1787,1690.9
4417,1550,1683.2
4418,1757,1693.2
4419,1840,1680.2
4420,1589,1669.5
4421,1545,1657.1
4422,1500,1635.7
4423,2422,1703.5
4424,2458,1792.0
4425,2415,1886.3
4426,2420,1949.6
4427,2513,2045.9
4428,2469,2117.1
4429,2220,2155.1
4430,2367,2232.9
4431,2249,2303.3
4432,2324,2385.7
4433,2226,2366.1
4434,2331,2353.4
4435,2203,2332.2
4436,2338,2324.0
4437,2347,2307.4
4438,2355,2296.0
4439,1817,2255.7
4440,1645,2183.5
4441,1641,2122.7
4442,1726,2062.9
4443,1592,1999.5
4444,1587,1925.1
4445,1547,1859.5
4446,1678,1793.5
4447,1674,1726.2
4448,1430,1633.7
4449,1430,1595.0
4450,1500,1580.5
4451,1257,1542.1
4452,971,1466.6
4453,1214,1428.8
4454,1748,1444.9
4455,1127,1402.9
4456,1193,1354.4
4457,1244,1311.4
4458,1386,1307.0
4459,1559,1319.9
4460,2131,1383.0
4461,2095,1466.8
4462,2088,1578.5
4463,2247,1681.8
4464,1453,1652.3
4465,1446,1684.2
4466,1459,1710.8
4467,1434,1729.8
4468,2621,1853.3
4469,1816,1879.0
4470,1757,1841.6
4471,1757,1807.8
4472,1500,1749.0
4473,1500,1674.3
4474,1500,1679.0
4475,1500,1684.4
4476,1500,1688.5
4477,1500,1695.1
4478,1500,1583.0
4479,1500,1551.4
4480,1500,1525.7
4481,1500,1500.0
4482,1500,1500.0
4483,1500,1500.0
4484,1500,1500.0
4485,1500,1500.0
4486,1500,1500.0
4487,1500,1500.0
4488,1500,1500.0
4489,2070,1557.0
4490,1916,1598.6
4491,1500,1598.6
4492,1656,1614.2
4493,1557,1619.9
4494,1500,1619.9
4495,1500,1619.9
4496,1500,1619.9
4497,1500,1619.9
4498,1500,1619.9
4499,1500,1562.9
4500,1500,1521.3
4501,1500,1521.3
4502,1500,1505.7
4503,1826,1532.6
4504,1854,1568.0
4505,1813,1599.3
4506,1828,1632.1
4507,1900,1672.1
4508,1819,1704.0
4509,1882,1742.2
4510,1813,1773.5
4511,2035,1827.0
4512,1912,1868.2
4513,1227,1808.3
4514,1253,1748.2
4515,1245,1691.4
4516,1234,1632.0
4517,1254,1567.4
4518,1277,1513.2
4519,1265,1451.5
4520,1275,1397.7
4521,1256,1319.8
4522,1298,1258.4
4523,1231,1258.8
4524,1291,1262.6
4525,1290,1267.1
4526,1300,1273.7
4527,1345,1282.8
4528,1330,1288.1
4529,1309,1292.5
4530,1298,1294.8
4531,1306,1299.8
4532,1318,1301.8
4533,1378,1316.5
4534,1336,1321.0
4535,1365,1328.5
4536,1356,1334.1
4537,1315,1331.1
4538,1388,1336.9
4539,1335,1339.5
4540,1325,1342.2
4541,1316,1343.2
4542,1312,1342.6
4543,1277,1332.5
4544,1244,1323.3
4545,1288,1315.6
4546,1346,1314.6
4547,2013,1384.4
4548,2105,1456.1
4549,1836,1506.2
4550,1858,1559.5
4551,1793,1607.2
4552,1754,1651.4
4553,1596,1683.3
4554,1236,1682.5
4555,2135,1767.2
4556,1540,1786.6
4557,1709,1756.2
4558,1707,1716.4
4559,1127,1645.5
4560,1699,1629.6
4561,1679,1618.2
4562,1645,1607.3
4563,1416,1589.3
4564,1500,1615.7
4565,1625,1564.7
4566,1618,1572.5
4567,1618,1563.4
4568,1688,1561.5
4569,1344,1583.2
4570,1639,1577.2
4571,1379,1547.2
4572,1697,1552.4
4573,1763,1587.1
4574,1621,1599.2
4575,1500,1586.7
4576,1657,1590.6
4577,1033,1532.1
4578,1035,1466.8
4579,1036,1436.0
4580,1652,1437.3
4581,1359,1435.3
4582,1051,1370.7
4583,1051,1299.5
4584,1257,1263.1
4585,1051,1218.2
4586,1598,1212.3
4587,1062,1215.2
4588,1025,1214.2
4589,1331,1243.7
4590,1025,1181.0
4591,1470,1192.1
4592,1035,1190.5
4593,1470,1232.4
4594,1041,1210.8
4595,1156,1221.3
4596,1006,1162.1
4597,1414,1197.3
4598,1256,1220.4
4599,946,1181.9
4600,1418,1221.2
4601,1621,1236.3
4602,1330,1265.8
4603,1277,1246.5
4604,1546,1297.0
4605,1259,1307.3
4606,1467,1353.4
4607,1573,1369.3
4608,1569,1400.6
4609,1279,1433.9
4610,1340,1426.1
4611,1294,1393.4
4612,1802,1440.6
4613,1298,1442.7
4614,1861,1474.2
4615,1268,1475.1
4616,1347,1463.1
4617,1418,1447.6
4618,1340,1424.7
4619,1325,1429.3
4620,1455,1440.8
4621,1609,1472.3
4622,1760,1468.1
4623,1866,1524.9
4624,1563,1495.1
4625,1866,1554.9
4626,1500,1570.2
4627,1866,1615.0
4628,1866,1667.6
4629,1407,1675.8
4630,1614,1691.7
4631,1866,1717.4
4632,1500,1691.4
4633,1866,1691.4
4634,1866,1721.7
4635,1500,1685.1
4636,1866,1721.7
4637,1500,1685.1
4638,1706,1669.1
4639,1866,1715.0
4640,1817,1735.3
4641,1866,1735.3
4642,2326,1817.9
4643,1907,1822.0
4644,1922,1827.6
4645,1836,1861.2
4646,1925,1867.1
4647,1457,1862.8
4648,2160,1908.2
4649,2160,1937.6
4650,1986,1954.5
4651,1925,1960.4
4652,1777,1905.5
4653,1932,1908.0
4654,1319,1847.7
4655,1800,1844.1
4656,1941,1845.7
4657,1950,1895.0
4658,1810,1860.0
4659,1967,1840.7
4660,1967,1838.8
4661,1422,1788.5
4662,1959,1806.7
4663,1896,1803.1
4664,1959,1867.1
4665,1972,1884.3
4666,1970,1887.2
4667,1955,1887.7
4668,1929,1899.6
4669,1916,1894.5
4670,1505,1848.3
4671,1834,1889.5
4672,1846,1878.2
4673,1939,1882.5
4674,1938,1880.4
4675,1919,1875.1
4676,1996,1877.7
4677,1928,1875.0
4678,1023,1784.4
4679,1030,1695.8
4680,1422,1687.5
4681,1043,1608.4
4682,1049,1528.7
4683,1055,1440.3
4684,1500,1396.5
4685,1500,1354.6
4686,1500,1305.0
4687,1500,1262.2
4688,1500,1309.9
4689,1500,1356.9
4690,1500,1364.7
4691,2263,1486.7
4692,1500,1531.8
4693,2263,1652.6
4694,2349,1737.5
4695,1750,1762.5
4696,1895,1802.0
4697,1975,1849.5
4698,1570,1856.5
4699,1910,1897.5
4700,1695,1917.0
4701,1661,1856.8
4702,1516,1858.4
4703,1737,1805.8
4704,1552,1726.1
4705,1773,1728.4
4706,1575,1696.4
4707,1512,1650.1
4708,1259,1619.0
4709,1509,1578.9
4710,1626,1572.0
4711,1603,1566.2
4712,1848,1599.4
4713,1873,1613.0
4714,1873,1645.1
4715,1873,1655.1
4716,1873,1684.9
4717,1873,1721.0
4718,1873,1782.4
4719,1500,1781.5
4720,1873,1806.2
4721,1873,1833.2
4722,1525,1800.9
4723,1542,1767.8
4724,1521,1732.6
4725,1518,1697.1
4726,1626,1672.4
4727,1519,1637.0
4728,1521,1601.8
4729,1229,1574.7
4730,1502,1537.6
4731,1913,1541.6
4732,1351,1524.2
4733,1491,1519.1
4734,1504,1517.4
4735,1521,1517.7
4736,1569,1512.0
4737,1651,1525.2
4738,1551,1528.2
4739,1633,1568.6
4740,1434,1561.8
4741,1651,1535.6
4742,1580,1558.5
4743,1561,1565.5
4744,1716,1586.7
4745,1681,1602.7
4746,1636,1609.4
4747,1291,1573.4
4748,1417,1560.0
4749,1013,1498.0
4750,1216,1476.2
4751,1194,1430.5
4752,1315,1404.0
4753,1192,1367.1
4754,1451,1340.6
4755,1171,1289.6
4756,1455,1271.5
4757,1295,1271.9
4758,1307,1260.9
4759,1240,1283.6
4760,1290,1291.0
4761,1574,1329.0
4762,1556,1353.1
4763,1267,1360.6
4764,1279,1343.4
4765,1626,1388.9
4766,1285,1371.9
4767,1644,1406.8
4768,1267,1402.8
4769,1271,1405.9
4770,1526,1429.5
4771,1335,1405.6
4772,1250,1375.0
4773,1248,1373.1
4774,1201,1365.3
4775,1217,1324.4
4776,1231,1319.0
4777,1240,1278.6
4778,1226,1274.5
4779,1250,1272.4
4780,1200,1239.8
4781,1175,1223.8
4782,1262,1225.0
4783,1169,1217.1
4784,1283,1225.3
4785,1385,1242.1
4786,1299,1248.9
4787,1366,1261.5
4788,1295,1268.4
4789,1315,1274.9
4790,1294,1284.3
4791,1303,1297.1
4792,1344,1305.3
4793,1323,1320.7
4794,1311,1323.5
4795,1327,1317.7
4796,1505,1338.3
4797,1613,1363.0
4798,1884,1421.9
4799,1819,1472.3
4800,1134,1456.3
4801,1137,1439.7
4802,1217,1427.0
4803,1206,1415.3
4804,1242,1408.4
4805,1147,1390.4
4806,1156,1355.5
4807,1329,1327.1
4808,1445,1283.2
4809,1176,1218.9
4810,1379,1243.4
4811,1155,1245.2
4812,1381,1261.6
4813,1540,1295.0
4814,1171,1287.9
4815,1171,1290.3
4816,1172,1291.9
4817,1434,1302.4
4818,1190,1276.9
4819,1698,1329.1
4820,1500,1341.2
4821,1558,1381.5
4822,1158,1359.2
4823,1758,1381.0
4824,1162,1380.1
4825,1561,1419.1
4826,1939,1495.8
4827,1510,1503.4
4828,1173,1501.7
4829,1670,1498.9
4830,1573,1506.2
4831,1184,1468.8
4832,2038,1556.8
4833,1965,1577.5
4834,1420,1603.3
4835,1951,1642.3
4836,2000,1648.4
4837,2052,1702.6
4838,1987,1784.0
4839,1821,1799.1
4840,1996,1841.4
4841,1673,1890.3
4842,1672,1853.7
4843,1983,1855.5
4844,1971,1910.6
4845,2006,1916.1
4846,1955,1911.6
4847,1668,1873.2
4848,1978,1872.3
4849,1651,1855.3
4850,1963,1852.0
4851,1972,1881.9
4852,1971,1911.8
4853,1971,1910.6
4854,1774,1890.9
4855,1975,1887.8
4856,1972,1889.5
4857,2042,1926.9
4858,1872,1916.3
4859,1962,1947.4
4860,1974,1948.5
4861,1588,1910.1
4862,1993,1912.3
4863,2007,1915.9
4864,1754,1913.9
4865,1300,1846.4
4866,1433,1792.5
4867,1707,1759.0
4868,1762,1748.0
4869,1750,1726.8
4870,1765,1705.9
4871,2054,1752.5
4872,1666,1719.8
4873,1690,1688.1
4874,1702,1682.9
4875,1715,1724.4
4876,1705,1751.6
4877,1708,1751.7
4878,1694,1744.9
4879,1697,1739.6
4880,1716,1734.7
4881,1696,1698.9
4882,1695,1701.8
4883,1708,1703.6
4884,1682,1701.6
4885,1648,1694.9
4886,1646,1689.0
4887,1696,1687.8
4888,1631,1681.5
4889,1830,1694.8
4890,1679,1691.1
4891,1869,1708.4
4892,1877,1726.6
4893,1661,1721.9
4894,1753,1729.0
4895,1691,1733.3
4896,2295,1798.2
4897,2127,1841.3
4898,2292,1907.4
4899,1575,1881.9
4900,2291,1943.1
4901,1500,1906.2
4902,1289,1847.4
4903,1466,1827.9
4904,1458,1798.4
4905,1367,1766.0
4906,1536,1690.1
4907,1345,1611.9
4908,1459,1528.6
4909,1447,1515.8
4910,1454,1432.1
4911,1502,1432.3
4912,1451,1448.5
4913,1463,1448.2
4914,1423,1444.7
4915,1455,1453.5
4916,1488,1448.7
4917,1459,1460.1
4918,1475,1461.7
4919,1451,1462.1
4920,1468,1463.5
4921,1858,1499.1
4922,1453,1499.3
4923,1447,1497.7
4924,1457,1501.1
4925,1363,1491.9
4926,1429,1486.0
4927,1453,1485.4
4928,1388,1476.7
4929,1260,1457.6
4930,1429,1453.7
4931,1439,1411.8
4932,1555,1422.0
4933,1478,1425.1
4934,1408,1420.2
4935,1437,1427.6
4936,1540,1438.7
4937,1438,1437.2
4938,1752,1473.6
4939,1444,1492.0
4940,1449,1494.0
4941,2076,1557.7
4942,1427,1544.9
4943,1425,1539.6
4944,1423,1541.1
4945,1573,1554.7
4946,1391,1539.8
4947,1060,1502.0
4948,1124,1439.2
4949,1460,1440.8
4950,1203,1416.2
4951,1672,1375.8
4952,1402,1373.3
4953,1689,1399.7
4954,1349,1392.3
4955,1500,1385.0
4956,1404,1386.3
4957,1466,1426.9
4958,1275,1442.0
4959,1429,1438.9
4960,1127,1431.3
4961,1254,1389.5
4962,1172,1366.5
4963,1264,1324.0
4964,1500,1339.1
4965,1619,1351.0
4966,1575,1368.1
4967,1654,1386.9
4968,1558,1415.2
4969,1574,1429.7
4970,1678,1484.8
4971,1777,1537.1
4972,1652,1585.1
4973,1645,1623.2
4974,1894,1662.6
4975,2135,1714.2
4976,2021,1758.8
4977,2095,1802.9
4978,2092,1856.3
4979,2110,1909.9
4980,2262,1968.3
4981,2081,1998.7
4982,2062,2039.7
4983,1928,2068.0
4984,2203,2098.9
4985,2073,2092.7
4986,2077,2098.3
4987,2440,2132.8
4988,2085,2132.1
4989,2432,2164.3
4990,2351,2173.2
4991,2104,2175.5
4992,2123,2181.6
4993,2105,2199.3
4994,2125,2191.5
4995,2140,2198.2
4996,2220,2212.5
4997,2157,2184.2
4998,2157,2191.4
4999,2157,2163.9
5000,2173,2146.1
5001,2160,2151.7
5002,2175,2156.9
5003,2304,2176.8
5004,2213,2185.6
5005,2234,2195.0
5006,2343,2207.3
5007,2290,2220.6
5008,1803,2185.2
5009,2409,2210.4
5010,1620,2155.1
5011,1618,2100.9
5012,1644,2047.8
5013,1667,1984.1
5014,1813,1944.1
5015,1647,1885.4
5016,1796,1830.7
5017,1650,1766.7
5018,1221,1708.5
5019,1839,1651.5
5020,1500,1639.5
5021,1487,1626.4
5022,1706,1632.6
5023,1500,1615.9
5024,2209,1655.5
5025,2489,1739.7
5026,2489,1809.0
5027,1242,1768.2
5028,1248,1770.9
5029,1252,1712.2
5030,1248,1687.0
5031,1227,1661.0
5032,1386,1629.0
5033,1250,1604.0
5034,1237,1506.8
5035,1227,1380.6
5036,1218,1253.5
5037,1210,1250.3
5038,1036,1229.1
5039,1172,1221.1
5040,1167,1213.0
5041,1148,1205.1
5042,1139,1180.4
5043,1141,1169.5
5044,1130,1158.8
5045,1034,1139.5
5046,1159,1133.6
5047,1149,1127.5
5048,1195,1143.4
5049,1148,1141.0
5050,1154,1139.7
5051,1149,1139.8
5052,1172,1143.1
5053,1129,1141.9
5054,1174,1146.3
5055,1184,1161.3
5056,1172,1162.6
5057,1162,1163.9
5058,1172,1161.6
5059,1181,1164.9
5060,1836,1233.1
5061,1972,1315.4
5062,1424,1340.6
5063,1424,1370.1
5064,1534,1406.1
5065,1500,1437.7
5066,1673,1487.8
5067,1396,1511.2
5068,1424,1536.4
5069,1424,1560.7
5070,1330,1510.1
5071,1500,1462.9
5072,1424,1462.9
5073,1424,1462.9
5074,1662,1475.7
5075,1424,1468.1
5076,1500,1450.8
5077,1500,1461.2
5078,1424,1461.2
5079,1666,1485.4
5080,1414,1493.8
5081,1453,1489.1
5082,1414,1488.1
5083,1477,1493.4
5084,1414,1468.6
5085,1500,1476.2
5086,1414,1467.6
5087,1500,1467.6
5088,1500,1475.2
5089,1414,1450.0
5090,1787,1487.3
5091,1414,1483.4
5092,1097,1451.7
5093,1414,1445.4
5094,1500,1454.0
5095,1414,1445.4
5096,1414,1445.4
5097,1500,1445.4
5098,1426,1438.0
5099,1635,1460.1
5100,1570,1438.4
5101,1500,1447.0
5102,2045,1541.8
5103,2045,1604.9
5104,2045,1659.4
5105,2045,1722.5
5106,2045,1785.6
5107,2045,1840.1
5108,2045,1902.0
5109,1500,1888.5
5110,1539,1885.4
5111,1500,1885.4
5112,1500,1830.9
5113,1270,1753.4
5114,1399,1688.8
5115,1274,1611.7
5116,1500,1557.2
5117,1278,1480.5
5118,1390,1415.0
5119,1286,1393.6
5120,1312,1370.9
5121,1305,1351.4
5122,1305,1331.9
5123,1305,1335.4
5124,1483,1343.8
5125,1500,1366.4
5126,1500,1366.4
5127,1253,1363.9
5128,1323,1357.2
5129,1417,1370.3
5130,1808,1419.9
5131,1808,1470.2
5132,1808,1520.5
5133,1808,1570.8
5134,1808,1603.3
5135,1500,1603.3
5136,1808,1634.1
5137,1191,1627.9
5138,1808,1676.4
5139,1500,1684.7
5140,1791,1683.0
5141,1437,1645.9
5142,1782,1643.3
5143,1766,1639.1
5144,1500,1608.3
5145,1777,1636.0
5146,1710,1626.2
5147,1805,1687.6
5148,1641,1670.9
5149,1586,1679.5
5150,1500,1650.4
5151,1457,1652.4
5152,1567,1630.9
5153,1645,1618.8
5154,2274,1696.2
5155,1406,1659.1
5156,1998,1687.9
5157,1894,1696.8
5158,1923,1725.0
5159,1886,1755.0
5160,1505,1755.5
5161,1743,1784.1
5162,1994,1826.8
5163,2014,1863.7
5164,1748,1811.1
5165,1087,1779.2
5166,1244,1703.8
5167,1218,1636.2
5168,1662,1610.1
5169,1405,1562.0
5170,1227,1534.2
5171,1652,1525.1
5172,1431,1468.8
5173,1222,1389.6
5174,1183,1333.1
5175,1392,1363.6
5176,1500,1389.2
5177,1427,1410.1
5178,1382,1382.1
5179,1359,1377.5
5180,1286,1383.4
5181,1160,1334.2
5182,1140,1305.1
5183,1451,1328.0
5184,1148,1324.5
5185,1443,1329.6
5186,1156,1295.2
5187,1328,1285.3
5188,1145,1261.6
5189,1154,1241.1
5190,1441,1256.6
5191,1150,1255.6
5192,1157,1257.3
5193,1342,1246.4
5194,1173,1248.9
5195,1426,1247.2
5196,1397,1271.3
5197,1189,1257.4
5198,1434,1286.3
5199,1201,1291.0
5200,1298,1276.7
5201,1477,1309.4
5202,1208,1314.5
5203,1214,1301.7
5204,1443,1328.7
5205,2076,1393.7
5206,2119,1465.9
5207,2076,1554.6
5208,2119,1623.1
5209,2076,1710.6
5210,2119,1792.7
5211,2076,1852.6
5212,1992,1931.0
5213,1908,2000.4
5214,2076,2063.7
5215,1879,2044.0
5216,2106,2042.7
5217,2029,2038.0
5218,2082,2034.3
5219,2082,2034.9
5220,1851,2008.1
5221,2040,2004.5
5222,1978,2003.1
5223,1978,2010.1
5224,1916,1994.1
5225,1874,1993.6
5226,2020,1985.0
5227,1904,1972.5
5228,1935,1957.8
5229,2020,1951.6
5230,1938,1960.3
5231,2020,1958.3
5232,1938,1954.3
5233,2020,1958.5
5234,2020,1968.9
5235,2147,1996.2
5236,2020,1996.2
5237,2160,2021.8
5238,1950,2023.3
5239,1514,1972.7
5240,1687,1947.6
5241,1684,1914.0
5242,1687,1888.9
5243,1280,1814.9
5244,1780,1790.9
5245,1614,1737.6
5246,1680,1703.6
5247,1748,1662.4
5248,1700,1637.4
5249,1713,1657.3
5250,1699,1658.5
5251,1706,1660.7
5252,1705,1662.5
5253,1893,1723.8
5254,1718,1717.6
5255,1700,1726.2
5256,1651,1723.3
5257,1680,1716.5
5258,1673,1713.8
5259,1645,1707.0
5260,1573,1694.4
5261,1688,1692.6
5262,1699,1692.0
5263,1598,1662.5
5264,1692,1659.9
5265,1524,1642.3
5266,1753,1652.5
5267,1661,1650.6
5268,1364,1619.7
5269,1640,1619.2
5270,1624,1624.3
5271,1641,1619.6
5272,1328,1582.5
5273,1328,1555.5
5274,1767,1563.0
5275,2000,1610.6
5276,1331,1568.4
5277,1331,1535.4
5278,1332,1532.2
5279,1709,1539.1
5280,1500,1526.7
5281,1309,1493.5
5282,1256,1486.3
5283,1365,1490.0
5284,1517,1465.0
5285,1348,1399.8
5286,1351,1401.8
5287,2078,1476.5
5288,1352,1478.5
5289,1361,1443.7
5290,1349,1428.6
5291,1284,1426.1
5292,1337,1434.2
5293,1323,1430.0
5294,1319,1410.2
5295,1117,1387.1
5296,1153,1367.3
5297,1309,1290.4
5298,1338,1289.0
5299,1299,1282.8
5300,1464,1294.3
5301,1639,1329.8
5302,1641,1360.2
5303,1636,1391.5
5304,1625,1422.1
5305,1845,1494.9
5306,1654,1545.0
5307,1696,1583.7
5308,1584,1608.3
5309,1470,1625.4
5310,1221,1601.1
5311,1199,1557.1
5312,1122,1505.2
5313,1299,1471.5
5314,1544,1463.4
5315,1538,1432.7
5316,1576,1424.9
5317,1558,1411.1
5318,1652,1417.9
5319,1574,1428.3
5320,1693,1475.5
5321,1564,1512.0
5322,1452,1545.0
5323,1571,1572.2
5324,1330,1550.8
5325,1408,1537.8
5326,1595,1539.7
5327,1606,1544.5
5328,1650,1544.3
5329,1451,1532.0
5330,1604,1523.1
5331,1565,1523.2
5332,1584,1536.4
5333,1593,1538.6
5334,1810,1586.6
5335,1567,1602.5
5336,1976,1640.6
5337,1576,1637.6
5338,1494,1622.0
5339,1576,1634.5
5340,1857,1659.8
5341,1868,1690.1
5342,1681,1699.8
5343,1319,1672.4
5344,2296,1721.0
5345,1319,1696.2
5346,2296,1728.2
5347,2294,1800.0
5348,1319,1782.5
5349,2294,1854.3
5350,1319,1800.5
5351,2294,1843.1
5352,2294,1904.4
5353,1319,1904.4
5354,2294,1904.2
5355,1500,1922.3
5356,1016,1794.3
5357,1326,1697.5
5358,1016,1667.2
5359,1446,1582.4
5360,1357,1586.2
5361,1016,1458.4
5362,1371,1366.1
5363,1500,1384.2
5364,1016,1256.4
5365,1060,1212.4
5366,1016,1212.4
5367,1683,1248.1
5368,1016,1248.1
5369,1500,1253.5
5370,1702,1288.0
5371,1702,1356.6
5372,1500,1369.5
5373,1016,1321.1
5374,1016,1321.1
5375,1016,1316.7
5376,1898,1404.9
5377,1034,1340.0
5378,1222,1360.6
5379,1361,1346.7
5380,1309,1307.4
5381,1415,1278.7
5382,1730,1301.7
5383,1543,1354.4
5384,1517,1404.5
5385,1420,1444.9
5386,1467,1401.8
5387,1530,1451.4
5388,1530,1482.2
5389,1547,1500.8
5390,1530,1522.9
5391,1530,1534.4
5392,1530,1514.4
5393,1529,1513.0
5394,1530,1514.3
5395,1543,1526.6
5396,1436,1523.5
5397,1518,1522.3
5398,1516,1520.9
5399,1669,1533.1
5400,1503,1530.4
5401,1487,1526.1
5402,1472,1520.3
5403,1503,1517.7
5404,1500,1514.7
5405,1401,1500.5
5406,1632,1520.1
5407,1530,1521.3
5408,1654,1535.1
5409,1647,1532.9
5410,1494,1532.0
5411,1539,1537.2
5412,1820,1572.0
5413,1606,1582.3
5414,1594,1591.7
5415,1621,1613.7
5416,1605,1611.0
5417,1589,1616.9
5418,1581,1609.6
5419,1523,1597.2
5420,1248,1572.6
5421,1564,1575.1
5422,1582,1551.3
5423,1600,1550.7
5424,1555,1546.8
5425,2621,1646.8
5426,1584,1644.7
5427,1536,1639.4
5428,1594,1640.7
5429,1546,1643.0
5430,1575,1675.7
5431,1562,1675.5
5432,1567,1674.0
5433,1500,1664.0
5434,1566,1665.1
5435,2430,1646.0
5436,1538,1641.4
5437,2209,1708.7
5438,1988,1748.1
5439,2179,1811.4
5440,2164,1870.3
5441,2181,1932.2
5442,2148,1990.3
5443,2262,2066.5
5444,2098,2119.7
5445,2022,2078.9
5446,2114,2136.5
5447,1956,2111.2
5448,2109,2123.3
5449,2151,2120.5
5450,1946,2098.7
5451,2214,2102.0
5452,2173,2104.5
5453,2175,2095.8
5454,2239,2109.9
5455,2250,2132.7
5456,2120,2133.3
5457,2148,2152.5
5458,1887,2130.3
5459,1500,2065.2
5460,1689,2039.5
5461,1686,1986.7
5462,1693,1938.7
5463,1690,1890.2
5464,1737,1840.0
5465,1630,1778.0
5466,1987,1764.7
5467,1987,1748.6
5468,1987,1758.6
5469,1500,1758.6
5470,1987,1788.4
5471,1568,1776.6
5472,1568,1764.1
5473,1987,1793.8
5474,1568,1776.9
5475,1987,1812.6
5476,1568,1770.7
5477,1987,1770.7
5478,1987,1770.7
5479,1987,1819.4
5480,1987,1819.4
5481,1519,1814.5
5482,1987,1856.4
5483,1559,1813.6
5484,1789,1835.7
5485,1707,1807.7
5486,1872,1838.1
5487,1423,1781.7
5488,1404,1723.4
5489,1500,1674.7
5490,1667,1642.7
5491,1404,1631.2
5492,1404,1572.9
5493,1312,1548.2
5494,1404,1509.7
5495,1749,1513.9
5496,1749,1501.6
5497,2100,1569.3
5498,2009,1629.8
5499,1643,1644.1
5500,1368,1614.2
5501,1500,1623.8
5502,1858,1669.2
5503,1852,1723.2
5504,1847,1767.5
5505,1838,1776.4
5506,1892,1790.7
5507,1836,1764.3
5508,1826,1746.0
5509,1793,1761.0
5510,1751,1799.3
5511,1814,1830.7
5512,1813,1826.2
5513,1837,1824.7
5514,1839,1823.9
5515,1853,1825.4
5516,1874,1823.6
5517,1873,1827.3
5518,1575,1802.2
5519,1818,1804.7
5520,1922,1821.8
5521,1839,1824.3
5522,1857,1828.7
5523,1868,1831.8
5524,1879,1835.8
5525,1912,1841.7
5526,1609,1815.2
5527,1893,1817.2
5528,1962,1855.9
5529,1708,1844.9
5530,1907,1843.4
5531,1979,1857.4
5532,1916,1863.3
5533,1904,1866.9
5534,1964,1875.4
5535,1904,1874.6
5536,1847,1898.4
5537,1908,1899.9
5538,1900,1893.7
5539,2018,1924.7
5540,1786,1912.6
5541,1847,1899.4
5542,1881,1895.9
5543,1831,1888.6
5544,1862,1878.4
5545,1874,1875.4
5546,1319,1822.6
5547,1739,1805.7
5548,1589,1774.6
5549,1500,1722.8
5550,1739,1718.1
5551,1500,1683.4
5552,1342,1629.5
5553,1605,1606.9
5554,1629,1583.6
5555,1629,1559.1
5556,1627,1589.9
5557,1617,1577.7
5558,1509,1569.7
5559,2334,1653.1
5560,1500,1629.2
5561,1461,1625.3
5562,1133,1604.4
5563,1477,1591.6
5564,1303,1559.0
5565,1464,1542.5
5566,1456,1525.4
5567,1385,1502.2
5568,1299,1481.2
5569,1453,1393.1
5570,1467,1389.8
5571,1613,1405.0
5572,1474,1439.1
5573,1466,1438.0
5574,1047,1412.4
5575,1380,1404.0
5576,1468,1405.2
5577,1462,1412.9
5578,1161,1399.1
5579,1305,1384.3
5580,1343,1371.9
5581,1461,1356.7
5582,1502,1359.5
5583,1517,1364.6
5584,1546,1414.5
5585,1533,1429.8
5586,1522,1435.2
5587,1534,1442.4
5588,1524,1478.7
5589,1514,1499.6
5590,1526,1517.9
5591,1525,1524.3
5592,1533,1527.4
5593,1525,1528.2
5594,1596,1533.2
5595,1630,1542.9
5596,1536,1544.3
5597,1500,1540.9
5598,1567,1545.2
5599,1553,1549.1
5600,1500,1546.5
5601,1514,1545.4
5602,1610,1553.1
5603,1418,1542.4
5604,1450,1527.8
5605,1430,1507.8
5606,1169,1471.1
5607,1501,1471.2
5608,1261,1440.6
5609,1269,1412.2
5610,1276,1389.8
5611,1287,1367.1
5612,1312,1337.3
5613,1173,1312.8
5614,1391,1306.9
5615,1244,1288.3
5616,1443,1315.7
5617,1388,1304.4
5618,1433,1321.6
5619,1803,1375.0
5620,1500,1397.4
5621,1506,1419.3
5622,1488,1436.9
5623,1488,1468.4
5624,1434,1472.7
5625,1491,1497.4
5626,1491,1502.2
5627,1483,1511.7
5628,1483,1516.7
5629,1478,1484.2
5630,1209,1455.1
5631,1312,1435.7
5632,1618,1448.7
5633,1515,1451.4
5634,1500,1458.0
5635,1120,1420.9
5636,1652,1437.0
5637,1652,1453.9
5638,1450,1450.6
5639,1657,1468.5
5640,1669,1514.5
5641,1565,1539.8
5642,1037,1481.7
5643,1671,1497.3
5644,1487,1496.0
5645,1670,1551.0
5646,1884,1574.2
5647,1828,1591.8
5648,1670,1613.8
5649,1670,1615.1
5650,1670,1615.2
5651,1497,1608.4
5652,1670,1671.7
5653,1659,1670.5
5654,1673,1689.1
5655,1640,1686.1
5656,1645,1662.2
5657,1386,1618.0
5658,1634,1614.4
5659,1648,1612.2
5660,1501,1595.3
5661,1723,1617.9
5662,2163,1667.2
5663,2094,1710.7
5664,2153,1758.7
5665,2082,1802.9
5666,2136,1852.0
5667,2136,1927.0
5668,2133,1976.9
5669,2401,2052.2
5670,1800,2082.1
5671,2144,2124.2
5672,2145,2122.4
5673,1437,2056.7
5674,1500,1991.4
5675,1427,1925.9
5676,1383,1850.6
5677,1417,1778.7
5678,1681,1733.5
5679,1806,1674.0
5680,1739,1667.9
5681,1782,1631.7
5682,1879,1605.1
5683,1775,1638.9
5684,1884,1677.3
5685,1812,1715.8
5686,1738,1751.3
5687,1881,1797.7
5688,1696,1799.2
5689,1832,1801.8
5690,1841,1812.0
5691,1658,1799.6
5692,1822,1793.9
5693,1756,1792.0
5694,1848,1788.4
5695,1858,1793.0
5696,1948,1814.0
5697,1955,1821.4
5698,1862,1838.0
5699,1748,1829.6
5700,1820,1827.5
5701,1850,1846.7
5702,1782,1842.7
5703,1858,1852.9
5704,1963,1864.4
5705,1868,1865.4
5706,2048,1875.4
5707,1859,1865.8
5708,1888,1868.4
5709,1859,1879.5
5710,1838,1881.3
5711,1828,1879.1
5712,1877,1888.6
5713,1823,1885.1
5714,1938,1882.6
5715,1831,1878.9
5716,2048,1878.9
5717,1831,1876.1
5718,2048,1892.1
5719,1765,1882.7
5720,1784,1877.3
5721,1817,1876.2
5722,1878,1876.3
5723,1850,1879.0
5724,2018,1887.0
5725,1908,1894.7
5726,1147,1804.6
5727,1845,1806.0
5728,1271,1728.3
5729,1439,1695.7
5730,1697,1687.0
5731,1440,1649.3
5732,1836,1645.1
5733,1478,1607.9
5734,1303,1536.4
5735,1292,1474.8
5736,1303,1490.4
5737,1333,1439.2
5738,1327,1444.8
5739,1500,1450.9
5740,1391,1420.3
5741,1494,1425.7
5742,1338,1375.9
5743,1337,1361.8
5744,1374,1368.9
5745,1336,1373.3
5746,1437,1386.7
5747,1422,1395.6
5748,1325,1395.4
5749,1334,1378.8
5750,1478,1387.5
5751,1308,1368.9
5752,1344,1369.5
5753,1351,1370.9
5754,1443,1377.8
5755,1579,1402.1
5756,1445,1402.9
5757,1426,1403.3
5758,1355,1406.3
5759,1365,1409.4
5760,1267,1388.3
5761,1365,1394.0
5762,1347,1394.3
5763,1384,1397.6
5764,1346,1387.9
5765,1408,1370.8
5766,1372,1363.5
5767,1382,1359.1
5768,1381,1361.7
5769,1381,1363.3
5770,1384,1375.0
5771,1688,1407.3
5772,1584,1431.0
5773,1500,1442.6
5774,2048,1512.8
5775,1500,1522.0
5776,1500,1534.8
5777,1647,1561.3
5778,1677,1590.9
5779,1645,1617.3
5780,1788,1657.7
5781,1683,1657.2
5782,1651,1663.9
5783,1661,1680.0
5784,1661,1641.3
5785,1673,1658.6
5786,1658,1674.4
5787,1673,1677.0
5788,1666,1675.9
5789,1647,1676.1
5790,1799,1677.2
5791,1500,1658.9
5792,1703,1664.1
5793,1828,1680.8
5794,1776,1692.3
5795,1734,1698.4
5796,1722,1704.8
5797,1802,1717.7
5798,1726,1723.7
5799,1778,1736.8
5800,1745,1731.4
5801,1758,1757.2
5802,1735,1760.4
5803,1837,1761.3
5804,1734,1757.1
5805,1744,1758.1
5806,1756,1761.5
5807,1831,1764.4
5808,1811,1772.9
5809,1796,1774.7
5810,1844,1784.6
5811,1799,1788.7
5812,1769,1792.1
5813,1788,1787.2
5814,1746,1788.4
5815,1749,1788.9
5816,1804,1793.7
5817,1724,1783.0
5818,1254,1727.3
5819,1103,1658.0
5820,1465,1620.1
5821,1140,1554.2
5822,1409,1518.2
5823,1452,1484.6
5824,1332,1443.2
5825,1498,1418.1
5826,2270,1464.7
5827,2451,1537.4
5828,1930,1605.0
5829,2108,1705.5
5830,2270,1786.0
5831,2199,1891.9
5832,2270,1978.0
5833,1962,2029.0
5834,1750,2070.8
5835,2264,2147.4
5836,2259,2146.3
5837,1974,2098.6
5838,2230,2128.6
5839,1821,2099.9
5840,1821,2055.0
5841,2204,2055.5
5842,2185,2047.0
5843,1807,2031.5
5844,1500,2006.5
5845,1510,1931.1
5846,1683,1873.5
5847,1500,1826.1
5848,1327,1735.8
5849,1370,1690.7
5850,1500,1658.6
5851,1500,1588.2
5852,1370,1506.7
5853,1370,1463.0
5854,1500,1463.0
5855,1500,1462.0
5856,1370,1430.7
5857,1370,1417.7
5858,1500,1435.0
5859,1370,1435.0
5860,1500,1435.0
5861,1370,1422.0
5862,1270,1412.0
5863,1298,1404.8
5864,1348,1389.6
5865,1565,1396.1
5866,1500,1409.1
5867,1338,1405.9
5868,1500,1405.9
5869,1547,1423.6
5870,1322,1405.8
5871,1527,1421.5
5872,1341,1428.6
5873,1286,1427.4
5874,1331,1425.7
5875,1346,1403.8
5876,1778,1431.6
5877,1353,1433.1
5878,1645,1447.6
5879,1356,1428.5
5880,1804,1476.7
5881,1359,1459.9
5882,1361,1461.9
5883,1381,1471.4
5884,1116,1449.9
5885,1381,1453.4
5886,1389,1414.5
5887,1747,1453.9
5888,1422,1431.6
5889,1631,1459.1
5890,1791,1457.8
5891,1636,1485.5
5892,1699,1519.3
5893,1813,1562.5
5894,1884,1639.3
5895,1675,1668.7
5896,1476,1677.4
5897,1278,1630.5
5898,1143,1602.6
5899,1014,1540.9
5900,1206,1482.4
5901,1071,1425.9
5902,1424,1398.4
5903,1127,1329.8
5904,1785,1319.9
5905,1500,1302.4
5906,1144,1269.2
5907,2066,1348.0
5908,1505,1384.2
5909,1367,1419.5
5910,1511,1450.0
5911,1524,1495.3
5912,1549,1507.8
5913,1525,1547.6
5914,1460,1515.1
5915,1498,1514.9
5916,1482,1548.7
5917,1464,1488.5
5918,1506,1488.6
5919,1500,1501.9
5920,1414,1492.2
5921,1525,1492.3
5922,1329,1470.3
5923,1541,1471.9
5924,1290,1454.9
5925,1358,1440.9
5926,1522,1444.9
5927,1431,1441.6
5928,1495,1440.5
5929,1478,1438.3
5930,1514,1448.3
5931,1500,1445.8
5932,1392,1452.1
5933,1525,1450.5
5934,1346,1456.1
5935,1570,1477.3
5936,2621,1587.2
5937,1405,1584.6
5938,1578,1592.9
5939,1406,1585.7
5940,1309,1565.2
5941,1432,1558.4
5942,1441,1563.3
5943,1453,1556.1
5944,1420,1563.5
5945,1463,1552.8
5946,1438,1434.5
5947,1458,1439.8
5948,1456,1427.6
5949,1466,1433.6
5950,1435,1446.2
5951,1426,1445.6
5952,1521,1453.6
5953,1372,1445.5
5954,1423,1445.8
5955,2156,1515.1
5956,2156,1586.9
5957,1991,1640.2
5958,1322,1626.8
5959,2156,1695.8
5960,2156,1767.9
5961,2156,1840.9
5962,1359,1824.7
5963,2156,1903.1
5964,1889,1949.7
5965,1903,1924.4
5966,1955,1904.3
5967,1894,1894.6
5968,1868,1949.2
5969,1543,1887.9
5970,1010,1773.3
5971,1488,1706.5
5972,1016,1672.2
5973,1500,1606.6
5974,1059,1523.6
5975,2162,1549.5
5976,1281,1482.1
5977,1663,1459.0
5978,1285,1400.7
5979,1286,1375.0
5980,1253,1399.3
5981,1869,1437.4
5982,1257,1461.5
5983,1789,1490.4
5984,1263,1510.8
5985,1483,1442.9
5986,1543,1469.1
5987,1212,1424.0
5988,1193,1414.8
5989,1564,1442.6
5990,1689,1486.2
5991,1807,1480.0
5992,1689,1523.2
5993,1689,1513.2
5994,1689,1555.8
5995,1720,1579.5
5996,1653,1590.5
5997,1569,1626.2
5998,1685,1675.4
5999,1688,1687.8
6000,1588,1677.7
6001,1699,1666.9
6002,1491,1647.1
6003,1720,1650.2
6004,1714,1652.7
6005,1483,1629.0
6006,1471,1610.8
6007,1725,1626.4
6008,1431,1601.0
6009,1746,1606.8
6010,1482,1596.2
6011,1550,1581.3
6012,1758,1608.0
6013,1591,1595.1
6014,1775,1601.2
6015,1381,1591.0
6016,1769,1620.8
6017,1456,1593.9
6018,1762,1627.0
6019,1785,1630.9
6020,1387,1621.4
6021,1778,1644.2
6022,1543,1622.7
6023,1770,1640.6
6024,1767,1639.8
6025,1500,1651.7
6026,1243,1599.1
6027,1500,1603.5
6028,1805,1607.8
6029,1277,1557.0
6030,1800,1598.3
6031,1287,1549.2
6032,1500,1544.9
6033,1901,1558.0
6034,1511,1532.4
6035,1500,1532.4
6036,1500,1558.1
6037,1500,1558.1
6038,1500,1527.6
6039,1500,1549.9
6040,1500,1519.9
6041,2617,1652.9
6042,1500,1652.9
6043,2272,1690.0
6044,2473,1786.2
6045,2401,1876.3
6046,2326,1958.9
6047,1433,1952.2
6048,1500,1952.2
6049,1500,1952.2
6050,1257,1927.9
6051,1398,1806.0
6052,1253,1781.3
6053,1194,1673.5
6054,1413,1567.5
6055,1771,1504.5
6056,1343,1406.2
6057,1266,1389.5
6058,1552,1394.7
6059,1272,1371.9
6060,1710,1417.2
6061,1279,1405.3
6062,1254,1405.4
6063,1468,1432.8
6064,1263,1417.8
6065,1662,1406.9
6066,1659,1438.5
6067,1274,1439.3
6068,1698,1453.9
6069,1257,1452.4
6070,1268,1408.2
6071,1329,1413.2
6072,1409,1428.7
6073,1299,1411.8
6074,1223,1407.8
6075,1289,1370.5
6076,1933,1397.9
6077,2137,1484.2
6078,1963,1510.7
6079,2242,1609.2
6080,1515,1633.9
6081,1721,1673.1
6082,1500,1682.2
6083,1746,1726.9
6084,1734,1778.0
6085,1741,1823.2
6086,1686,1798.5
6087,1635,1748.3
6088,1553,1707.3
6089,1708,1653.9
6090,1648,1667.2
6091,1698,1664.9
6092,1545,1669.4
6093,1702,1665.0
6094,1679,1659.5
6095,1795,1664.9
6096,1702,1666.5
6097,1686,1671.6
6098,1676,1683.9
6099,1581,1671.2
6100,1679,1674.3
6101,1669,1671.4
6102,1484,1665.3
6103,1697,1664.8
6104,1660,1662.9
6105,1696,1653.0
6106,1690,1651.8
6107,1690,1652.2
6108,1734,1658.0
6109,1688,1668.7
6110,1684,1669.2
6111,1645,1666.8
6112,1555,1673.9
6113,1670,1671.2
6114,1690,1674.2
6115,1597,1664.3
6116,1728,1668.1
6117,1448,1643.9
6118,1676,1638.1
6119,1468,1616.1
6120,1478,1595.5
6121,1467,1577.7
6122,1710,1593.2
6123,1424,1568.6
6124,1734,1573.0
6125,1390,1552.3
6126,1742,1553.7
6127,1377,1546.6
6128,1734,1552.4
6129,1690,1574.6
6130,1380,1564.8
6131,1759,1594.0
6132,1364,1559.4
6133,1738,1590.8
6134,1364,1553.8
6135,1738,1588.6
6136,1364,1550.8
6137,1348,1547.9
6138,1302,1504.7
6139,1174,1453.1
6140,1303,1445.4
6141,998,1369.3
6142,1110,1343.9
6143,1220,1292.1
6144,1226,1278.3
6145,1273,1231.8
6146,1230,1218.4
6147,1560,1239.6
6148,1445,1253.9
6149,1588,1295.3
6150,1375,1302.5
6151,1619,1364.6
6152,1627,1416.3
6153,1625,1456.8
6154,1465,1480.7
6155,1631,1516.5
6156,1482,1541.7
6157,1678,1553.5
6158,1680,1577.0
6159,1691,1587.3
6160,1761,1625.9
6161,1362,1600.2
6162,1554,1592.9
6163,1681,1598.5
6164,1668,1618.8
6165,1151,1570.8
6166,1678,1590.4
6167,1698,1592.4
6168,1726,1597.0
6169,1700,1597.9
6170,1514,1573.2
6171,1689,1605.9
6172,1658,1616.3
6173,1314,1579.6
6174,1670,1579.8
6175,1662,1630.9
6176,1689,1632.0
6177,1503,1612.5
6178,1654,1605.3
6179,1643,1599.6
6180,1677,1615.9
6181,1654,1612.4
6182,1648,1611.4
6183,1652,1645.2
6184,1631,1641.3
6185,1659,1641.0
6186,1610,1633.1
6187,1615,1644.3
6188,1857,1664.6
6189,1640,1664.3
6190,1850,1681.6
6191,1894,1705.6
6192,1696,1710.4
6193,1842,1729.4
6194,1826,1748.9
6195,1812,1764.2
6196,1803,1783.5
6197,1806,1802.6
6198,1783,1795.2
6199,1298,1761.0
6200,1343,1710.3
6201,1195,1640.4
6202,1004,1571.2
6203,1274,1514.4
6204,1302,1462.0
6205,1174,1398.2
6206,1055,1323.4
6207,1379,1280.7
6208,962,1198.6
6209,1240,1192.8
6210,945,1153.0
6211,1176,1151.1
6212,1174,1168.1
6213,1126,1153.3
6214,960,1119.1
6215,964,1098.1
6216,1475,1140.1
6217,1180,1120.2
6218,1308,1154.8
6219,1193,1150.1
6220,1566,1212.2
6221,1582,1252.8
6222,1956,1331.0
6223,1934,1411.8
6224,1754,1491.2
6225,1605,1555.3
6226,1594,1567.2
6227,1792,1628.4
6228,1612,1658.8
6229,1604,1699.9
6230,1615,1704.8
6231,1498,1696.4
6232,1178,1618.6
6233,1099,1535.1
6234,1500,1509.7
6235,1322,1481.4
6236,1202,1442.2
6237,1211,1384.1
6238,1366,1359.5
6239,2197,1418.8
6240,2116,1468.9
6241,2191,1538.2
6242,2048,1625.2
6243,2200,1735.3
6244,2195,1804.8
6245,2182,1890.8
6246,1952,1965.8
6247,1957,2040.4
6248,1964,2100.2
6249,2258,2106.3
6250,2014,2096.1
6251,1354,2012.4
6252,2493,2056.9
6253,1896,2026.5
6254,1883,1995.3
6255,1885,1965.6
6256,2021,1972.5
6257,1954,1972.2
6258,1803,1956.1
6259,1776,1907.9
6260,1903,1896.8
6261,1713,1932.7
6262,1689,1852.3
6263,1701,1832.8
6264,1629,1807.4
6265,1727,1791.6
6266,1559,1745.4
6267,1183,1668.3
6268,1511,1639.1
6269,1620,1623.5
6270,1788,1612.0
6271,1487,1589.4
6272,1288,1549.3
6273,1487,1527.9
6274,1603,1525.3
6275,1431,1495.7
6276,1403,1480.1
6277,1776,1539.4
6278,1402,1528.5
6279,1677,1534.2
6280,1231,1478.5
6281,1619,1491.7
6282,1678,1530.7
6283,1459,1527.9
6284,1409,1508.5
6285,1353,1500.7
6286,1284,1488.8
6287,1194,1430.6
6288,1376,1428.0
6289,1340,1394.3
6290,1500,1421.2
6291,1269,1386.2
6292,1500,1368.4
6293,1020,1324.5
6294,1027,1286.3
6295,1281,1279.1
6296,1072,1257.9
6297,1226,1261.1
6298,1112,1234.7
6299,1230,1223.7
6300,1269,1200.6
6301,1396,1213.3
6302,1560,1219.3
6303,1570,1274.3
6304,1581,1329.7
6305,1590,1360.6
6306,1595,1412.9
6307,1494,1439.7
6308,1504,1478.9
6309,1589,1514.8
6310,1579,1545.8
6311,1557,1561.9
6312,1576,1563.5
6313,1588,1565.3
6314,1564,1563.6
6315,1588,1563.4
6316,1578,1561.7
6317,1561,1568.4
6318,1515,1569.5
6319,1604,1571.0
6320,1603,1573.4
6321,1614,1579.1
6322,1630,1584.5
6323,1564,1582.1
6324,1617,1587.4
6325,1611,1589.7
6326,1621,1594.0
6327,1602,1598.1
6328,1528,1599.4
6329,1559,1594.9
6330,1626,1597.2
6331,1637,1599.5
6332,1738,1610.3
6333,1640,1617.9
6334,1755,1631.7
6335,1365,1607.1
6336,1645,1609.5
6337,1653,1614.6
6338,1641,1625.9
6339,1621,1632.1
6340,1620,1631.5
6341,1623,1630.1
6342,1634,1619.7
6343,1640,1619.7
6344,1581,1602.3
6345,2006,1666.4
6346,1906,1692.5
6347,1931,1720.3
6348,1927,1748.9
6349,1717,1758.5
6350,1500,1746.5
6351,1916,1775.8
6352,1148,1727.2
6353,1841,1747.3
6354,1916,1780.8
6355,1916,1771.8
6356,1429,1724.1
6357,1916,1722.6
6358,1808,1710.7
6359,1755,1714.5
6360,1661,1730.6
6361,1679,1706.9
6362,1375,1729.6
6363,1539,1699.4
6364,1629,1670.7
6365,1722,1651.3
6366,1612,1669.6
6367,1705,1648.5
6368,1653,1633.0
6369,1621,1619.6
6370,1514,1604.9
6371,1489,1585.9
6372,1480,1596.4
6373,1489,1591.4
6374,1510,1579.5
6375,1593,1566.6
6376,1485,1553.9
6377,1470,1530.4
6378,1478,1512.9
6379,1491,1499.9
6380,1341,1482.6
6381,1547,1488.4
6382,1482,1488.6
6383,1472,1486.9
6384,1438,1479.7
6385,1497,1470.1
6386,1527,1474.3
6387,1518,1479.1
6388,1529,1484.2
6389,1499,1485.0
6390,1508,1501.7
6391,1516,1498.6
6392,1550,1505.4
6393,1481,1506.3
6394,1303,1492.8
6395,1345,1477.6
6396,1500,1474.9
6397,1718,1494.9
6398,1608,1502.8
6399,1693,1522.2
6400,1580,1529.4
6401,1530,1530.8
6402,1480,1523.8
6403,1531,1528.8
6404,1571,1555.6
6405,1544,1575.5
6406,1434,1568.9
6407,1517,1548.8
6408,1549,1542.9
6409,1746,1548.2
6410,1640,1554.2
6411,1560,1557.2
6412,1589,1568.1
6413,1445,1559.5
6414,1621,1564.5
6415,1407,1550.8
6416,1277,1535.1
6417,1375,1520.9
6418,1690,1535.0
6419,1252,1485.6
6420,1359,1457.5
6421,1384,1439.9
6422,1445,1425.5
6423,1466,1427.6
6424,1492,1414.7
6425,1487,1422.7
6426,1503,1445.3
6427,1511,1458.9
6428,1499,1439.8
6429,1480,1462.6
6430,1397,1466.4
6431,1491,1477.1
6432,1474,1480.0
6433,1477,1481.1
6434,1490,1480.9
6435,1462,1478.4
6436,1435,1471.6
6437,1404,1460.9
6438,1355,1446.5
6439,1444,1442.9
6440,1104,1413.6
6441,1441,1408.6
6442,1715,1432.7
6443,1744,1459.4
6444,1177,1428.1
6445,1423,1424.2
6446,1185,1399.2
6447,1421,1400.9
6448,1450,1410.4
6449,1301,1396.1
6450,1211,1406.8
6451,1228,1385.5
6452,1228,1336.8
6453,1500,1312.4
6454,1038,1298.5
6455,1523,1308.5
6456,1558,1345.8
6457,1689,1372.6
6458,1752,1402.8
6459,1500,1422.7
6460,1423,1443.9
6461,1764,1497.5
6462,1445,1519.2
6463,1445,1513.7
6464,1445,1554.4
6465,1445,1546.6
6466,1445,1535.3
6467,1445,1510.9
6468,1445,1480.2
6469,1649,1495.1
6470,1649,1517.7
6471,1649,1506.2
6472,1445,1506.2
6473,1649,1526.6
6474,1445,1526.6
6475,1649,1547.0
6476,1649,1567.4
6477,1450,1567.9
6478,1649,1588.3
6479,1702,1593.6
6480,1683,1597.0
6481,1649,1597.0
6482,1627,1615.2
6483,1649,1615.2
6484,1649,1635.6
6485,1703,1641.0
6486,1718,1647.9
6487,1649,1667.8
6488,1649,1667.8
6489,1901,1687.7
6490,1799,1699.3
6491,1594,1693.8
6492,1765,1707.6
6493,1670,1709.7
6494,1677,1712.5
6495,1455,1687.7
6496,1549,1670.8
6497,1564,1662.3
6498,1432,1640.6
6499,1560,1606.5
6500,1449,1571.5
6501,1560,1568.1
6502,1542,1545.8
6503,1655,1544.3
6504,1535,1530.1
6505,1586,1543.2
6506,1586,1546.9
6507,1670,1557.5
6508,1500,1564.3
6509,1500,1558.3
6510,1500,1563.4
6511,1538,1561.2
6512,1528,1559.8
6513,1528,1547.1
6514,1528,1546.4
6515,1528,1540.6
6516,1473,1529.3
6517,1518,1514.1
6518,1518,1515.9
6519,1518,1517.7
6520,1518,1519.5
6521,1518,1517.5
6522,1518,1516.5
6523,1518,1515.5
6524,1518,1514.5
6525,1500,1511.7
6526,1471,1511.5
6527,1518,1511.5
6528,1746,1534.3
6529,1532,1535.7
6530,1359,1519.8
6531,1541,1522.1
6532,1557,1526.0
6533,1549,1529.1
6534,1689,1546.2
6535,1577,1553.9
6536,1659,1572.7
6537,1383,1559.2
6538,1643,1548.9
6539,1596,1555.3
6540,1522,1571.6
6541,1461,1563.6
6542,1500,1557.9
6543,1500,1553.0
6544,1500,1534.1
6545,1698,1546.2
6546,1500,1530.3
6547,1236,1515.6
6548,1500,1501.3
6549,1576,1499.3
6550,1333,1480.4
6551,1335,1467.8
6552,1336,1451.4
6553,1326,1434.0
6554,1052,1389.2
6555,1318,1351.2
6556,1309,1332.1
6557,1161,1324.6
6558,1500,1324.6
6559,1297,1296.7
6560,1365,1299.9
6561,1291,1295.5
6562,1581,1320.0
6563,1434,1330.8
6564,1324,1358.0
6565,1252,1351.4
6566,1333,1353.8
6567,1235,1361.2
6568,1191,1330.3
6569,1241,1324.7
6570,1026,1290.8
6571,1029,1264.6
6572,1179,1224.4
6573,1077,1188.7
6574,982,1154.5
6575,1005,1129.8
6576,1011,1097.6
6577,1026,1076.7
6578,992,1056.8
6579,1483,1081.0
6580,1573,1135.7
6581,1561,1188.9
6582,1533,1224.3
6583,1538,1270.4
6584,1385,1310.7
6585,1508,1361.0
6586,1498,1409.7
6587,1857,1492.8
6588,1570,1550.6
6589,1547,1557.0
6590,1527,1552.4
6591,1406,1536.9
6592,1344,1518.0
6593,1514,1515.6
6594,1520,1529.1
6595,1538,1532.1
6596,1542,1536.5
6597,1454,1496.2
6598,1654,1504.6
6599,1537,1503.6
6600,1984,1549.3
6601,1356,1544.3
6602,1499,1559.8
6603,1512,1559.6
6604,1578,1565.4
6605,1506,1562.2
6606,1757,1583.7
6607,1757,1614.0
6608,1757,1624.3
6609,1757,1646.3
6610,1962,1644.1
6611,1741,1682.6
6612,1731,1705.8
6613,1922,1746.8
6614,1731,1762.1
6615,1731,1784.6
6616,1989,1807.8
6617,1731,1805.2
6618,1859,1815.4
6619,1731,1812.8
6620,1944,1811.0
6621,1731,1810.0
6622,1881,1825.0
6623,1806,1813.4
6624,1731,1813.4
6625,1713,1811.6
6626,1856,1798.3
6627,1701,1795.3
6628,1947,1804.1
6629,1701,1801.1
6630,1859,1792.6
6631,1701,1789.6
6632,1858,1787.3
6633,1701,1776.8
6634,1868,1790.5
6635,1701,1789.3
6636,1822,1785.9
6637,1833,1799.1
6638,1701,1774.5
6639,1897,1794.1
6640,1701,1778.3
6641,1841,1792.3
6642,1832,1789.7
6643,1510,1770.6
6644,1479,1731.7
6645,1409,1702.5
6646,1426,1662.9
6647,1428,1622.4
6648,1449,1597.2
6649,1497,1557.2
6650,1507,1537.8
6651,1390,1492.7
6652,1451,1454.6
6653,1451,1448.7
6654,1449,1445.7
6655,1362,1441.0
6656,1488,1447.2
6657,1574,1461.8
6658,1506,1467.5
6659,1394,1457.2
6660,1531,1459.6
6661,1531,1473.7
6662,1253,1453.9
6663,1673,1476.1
6664,1553,1486.5
6665,1557,1506.0
6666,1934,1550.6
6667,1949,1588.1
6668,1949,1632.4
6669,1776,1670.6
6670,1949,1712.4
6671,1845,1743.8
6672,2057,1824.2
6673,2057,1862.6
6674,1949,1902.2
6675,2033,1949.8
6676,2021,1958.5
6677,1949,1958.5
6678,2276,1991.2
6679,1874,2001.0
6680,1883,1994.4
6681,1707,1980.6
6682,1500,1924.9
6683,1392,1858.4
6684,1342,1797.7
6685,1077,1702.1
6686,1057,1605.7
6687,1286,1539.4
6688,1068,1418.6
6689,1428,1374.0
6690,1291,1314.8
6691,1612,1305.3
6692,1006,1255.9
6693,1553,1272.0
6694,1015,1239.3
6695,1297,1261.3
6696,1738,1329.4
6697,1130,1313.8
6698,1047,1311.7
6699,1335,1302.4
6700,1321,1305.4
6701,1826,1326.8
6702,1364,1362.6
6703,1422,1349.5
6704,999,1347.9
6705,1241,1342.3
6706,1430,1311.5
6707,1259,1324.4
6708,1182,1337.9
6709,1428,1347.2
6710,1286,1343.7
6711,1574,1318.5
6712,1500,1332.1
6713,1314,1321.3
6714,996,1321.0
6715,1185,1315.4
6716,1009,1273.3
6717,1187,1266.1
6718,1107,1258.6
6719,1307,1246.5
6720,1194,1237.3
6721,1287,1208.6
6722,1047,1163.3
6723,1047,1136.6
6724,1047,1141.7
6725,1217,1144.9
6726,1253,1169.3
6727,1212,1171.8
6728,1194,1180.5
6729,1356,1185.4
6730,1214,1187.4
6731,1352,1193.9
6732,1206,1209.8
6733,1306,1235.7
6734,1223,1253.3
6735,1212,1252.8
6736,1218,1249.3
6737,1386,1266.7
6738,1315,1278.8
6739,1264,1269.6
6740,1257,1273.9
6741,1264,1265.1
6742,1352,1279.7
6743,1281,1277.2
6744,1331,1288.0
6745,1380,1304.8
6746,1023,1285.3
6747,1240,1270.7
6748,1233,1262.5
6749,1446,1280.7
6750,1243,1279.3
6751,1305,1283.4
6752,1215,1269.7
6753,1281,1269.7
6754,1209,1257.5
6755,1297,1249.2
6756,1202,1267.1
6757,1330,1276.1
6758,1217,1274.5
6759,1832,1313.1
6760,1500,1338.8
6761,2002,1408.5
6762,1997,1486.7
6763,1988,1557.4
6764,1916,1628.1
6765,2194,1717.8
6766,2013,1798.9
6767,2010,1866.9
6768,2035,1948.7
6769,2046,1970.1
6770,2046,2024.7
6771,1994,2023.9
6772,2047,2028.9
6773,2055,2035.6
6774,2050,2049.0
6775,2034,2033.0
6776,2046,2036.3
6777,2111,2046.4
6778,2054,2048.3
6779,2063,2050.0
6780,1906,2036.0
6781,2050,2041.6
6782,2003,2037.2
6783,2040,2035.7
6784,2328,2063.5
6785,2035,2063.6
6786,2005,2059.5
6787,2025,2050.9
6788,2036,2049.1
6789,2044,2047.2
6790,2143,2070.9
6791,2046,2070.5
6792,2038,2074.0
6793,2151,2085.1
6794,2294,2081.7
6795,2046,2082.8
6796,2120,2094.3
6797,2070,2098.8
6798,2081,2103.3
6799,1407,2039.6
6800,1418,1967.1
6801,1500,1912.5
6802,1500,1858.7
6803,1418,1785.4
6804,949,1650.9
6805,1402,1586.5
6806,1471,1521.6
6807,1412,1455.8
6808,1430,1390.7
6809,1360,1386.0
6810,1440,1388.2
6811,1435,1381.7
6812,1430,1374.7
6813,990,1331.9
6814,1104,1347.4
6815,1441,1351.3
6816,1424,1346.6
6817,1424,1347.8
6818,1424,1347.2
6819,1415,1352.7
6820,1408,1349.5
6821,1262,1332.2
6822,1401,1329.3
6823,1392,1369.5
6824,1392,1398.3
6825,1739,1428.1
6826,2043,1490.0
6827,1385,1486.1
6828,1500,1493.7
6829,1526,1504.8
6830,1500,1514.0
6831,1377,1525.5
6832,1377,1523.1
6833,1377,1521.6
6834,1377,1520.1
6835,1343,1480.5
6836,1635,1439.7
6837,1764,1477.6
6838,1770,1504.6
6839,1938,1545.8
6840,1887,1584.5
6841,1966,1643.4
6842,1804,1686.1
6843,1848,1733.2
6844,1806,1776.1
6845,1824,1824.2
6846,1829,1843.6
6847,1800,1847.2
6848,1831,1853.3
6849,1927,1852.2
6850,1870,1850.5
6851,1810,1834.9
6852,2049,1859.4
6853,1926,1867.2
6854,2278,1914.4
6855,1823,1914.3
6856,1846,1916.0
6857,1594,1895.4
6858,1500,1862.3
6859,1645,1834.1
6860,1542,1801.3
6861,1746,1794.9
6862,1655,1755.5
6863,1667,1729.6
6864,1654,1667.2
6865,1748,1659.7
6866,1671,1642.2
6867,1671,1649.9
6868,1681,1668.0
6869,1731,1676.6
6870,1707,1693.1
6871,1663,1684.8
6872,1705,1689.8
6873,1717,1694.8
6874,1712,1700.6
6875,1730,1698.8
6876,1704,1702.1
6877,1801,1715.1
6878,1714,1718.4
6879,1803,1725.6
6880,1732,1728.1
6881,1719,1733.7
6882,1748,1738.0
6883,1741,1740.4
6884,1264,1695.6
6885,1232,1645.8
6886,1742,1649.6
6887,1747,1644.2
6888,1735,1646.3
6889,1755,1641.5
6890,1757,1644.0
6891,1720,1644.1
6892,1773,1646.6
6893,1717,1644.2
6894,2247,1742.5
6895,2055,1824.8
6896,2295,1880.1
6897,2055,1910.9
6898,1450,1882.4
6899,1436,1850.5
6900,1673,1842.1
6901,1536,1823.7
6902,1240,1770.4
6903,1303,1729.0
6904,1479,1652.2
6905,1551,1601.8
6906,1874,1559.7
6907,1824,1536.6
6908,1783,1569.9
6909,1754,1601.7
6910,1874,1621.8
6911,1915,1659.7
6912,1874,1723.1
6913,1604,1753.2
6914,1848,1790.1
6915,1869,1821.9
6916,1669,1801.4
6917,1869,1805.9
6918,1664,1794.0
6919,1628,1781.4
6920,1869,1780.9
6921,1628,1752.2
6922,1359,1700.7
6923,1371,1677.4
6924,1346,1627.2
6925,1334,1573.7
6926,1321,1538.9
6927,1310,1483.0
6928,1321,1448.7
6929,1334,1419.3
6930,1141,1346.5
6931,1321,1315.8
6932,1307,1310.6
6933,1315,1305.0
6934,1302,1300.6
6935,1292,1296.4
6936,1289,1293.2
6937,1290,1291.2
6938,1316,1290.7
6939,1303,1287.6
6940,1386,1312.1
6941,1730,1353.0
6942,1299,1352.2
6943,1312,1351.9
6944,1303,1352.0
6945,1314,1354.2
6946,1313,1356.6
6947,1301,1357.7
6948,1283,1354.4
6949,1276,1351.7
6950,1255,1338.6
6951,1268,1292.4
6952,1280,1290.5
6953,1269,1286.2
6954,1278,1283.7
6955,1266,1278.9
6956,1278,1275.4
6957,1278,1273.1
6958,1266,1271.4
6959,1257,1269.5
6960,1249,1268.9
6961,1261,1268.2
6962,1500,1290.2
6963,1673,1330.6
6964,1839,1386.7
6965,1673,1427.4
6966,1839,1483.5
6967,1673,1523.0
6968,1839,1580.3
6969,2181,1672.7
6970,2322,1780.0
6971,2315,1885.4
6972,2309,1966.3
6973,2075,2006.5
6974,2303,2052.9
6975,2130,2098.6
6976,2293,2144.0
6977,1371,2113.8
6978,2273,2157.2
6979,2267,2165.8
6980,1433,2076.9
6981,1371,1982.5
6982,1540,1905.6
6983,1301,1828.2
6984,2277,1825.6
6985,2312,1843.8
6986,2201,1834.6
6987,2258,1923.3
6988,2250,1921.0
6989,2126,1906.9
6990,2235,1987.1
6991,2246,2074.6
6992,1351,2055.7
6993,1351,2060.7
6994,1060,1939.0
6995,1519,1859.7
6996,1508,1790.4
6997,1568,1721.4
6998,1594,1655.8
6999,1609,1604.1
7000,1526,1533.2
7001,1513,1459.9
7002,1527,1477.5
7003,1613,1503.7
7004,1548,1552.5
7005,1507,1551.3
7006,1660,1566.5
7007,1548,1564.5
7008,1566,1561.7
7009,1546,1555.4
7010,1532,1556.0
7011,1458,1550.5
7012,1497,1547.5
7013,1530,1539.2
7014,1512,1535.6
7015,1522,1537.1
7016,1535,1524.6
7017,1520,1521.8
7018,1562,1521.4
7019,1547,1521.5
7020,1612,1529.5
7021,1568,1540.5
7022,1544,1545.2
7023,1547,1546.9
7024,1758,1571.5
7025,1540,1573.3
7026,1554,1575.2
7027,1599,1583.1
7028,1555,1582.4
7029,1563,1584.0
7030,1577,1580.5
7031,1524,1576.1
7032,1484,1570.1
7033,1546,1570.0
7034,1537,1547.9
7035,1541,1548.0
7036,1562,1548.8
7037,1471,1536.0
7038,1316,1512.1
7039,1585,1514.3
7040,1516,1508.2
7041,1460,1501.8
7042,1629,1516.3
7043,1500,1511.7
7044,1629,1520.9
7045,1854,1552.2
7046,1891,1585.1
7047,1903,1628.3
7048,1811,1677.8
7049,1847,1704.0
7050,1622,1714.6
7051,1374,1706.0
7052,1956,1738.7
7053,1707,1759.4
7054,1730,1769.5
7055,1710,1755.1
7056,1726,1738.6
7057,1713,1719.6
7058,1431,1681.6
7059,1739,1670.8
7060,1853,1693.9
7061,1758,1732.3
7062,1977,1734.4
7063,1767,1740.4
7064,1712,1738.6
7065,1741,1741.7
7066,1978,1766.9
7067,1741,1769.7
7068,1729,1799.5
7069,1738,1799.4
7070,1712,1785.3
7071,1174,1726.9
7072,1500,1679.2
7073,1076,1610.1
7074,1500,1588.9
7075,1115,1526.3
7076,1774,1505.9
7077,1500,1481.8
7078,1500,1458.9
7079,1774,1462.5
7080,1774,1468.7
7081,1683,1519.6
7082,1774,1547.0
7083,1683,1607.7
7084,1500,1607.7
7085,1500,1646.2
7086,1764,1645.2
7087,1224,1617.6
7088,1756,1643.2
7089,1753,1641.1
7090,1745,1638.2
7091,1727,1642.6
7092,1599,1625.1
7093,1742,1631.0
7094,1529,1633.9
7095,1577,1641.6
7096,1728,1638.0
7097,1742,1689.8
7098,1484,1662.6
7099,1449,1632.2
7100,1725,1630.2
7101,1485,1606.0
7102,1714,1617.5
7103,1579,1601.2
7104,1749,1623.2
7105,1583,1623.8
7106,1764,1627.4
7107,1484,1601.6
7108,1779,1631.1
7109,1278,1614.0
7110,1139,1555.4
7111,1801,1587.0
7112,1500,1565.6
7113,1801,1587.8
7114,1421,1555.0
7115,1429,1539.6
7116,1292,1492.4
7117,1329,1476.9
7118,1449,1443.9
7119,1628,1478.9
7120,1500,1515.0
7121,1193,1454.2
7122,1251,1429.3
7123,1407,1389.9
7124,1463,1394.1
7125,1327,1383.9
7126,1544,1409.1
7127,1341,1410.3
7128,1313,1396.7
7129,1337,1367.6
7130,1525,1370.1
7131,1350,1385.8
7132,1211,1381.8
7133,1394,1380.5
7134,1364,1370.6
7135,1340,1371.9
7136,1184,1335.9
7137,1354,1337.2
7138,1476,1353.5
7139,1370,1356.8
7140,1385,1342.8
7141,1392,1347.0
7142,1299,1355.8
7143,1386,1355.0
7144,1545,1373.1
7145,1654,1404.5
7146,1500,1436.1
7147,1404,1441.1
7148,1393,1432.8
7149,1582,1454.0
7150,1407,1456.2
7151,1571,1474.1
7152,1144,1458.6
7153,1576,1477.6
7154,1565,1479.6
7155,1400,1454.2
7156,1709,1475.1
7157,1985,1533.2
7158,1389,1532.8
7159,1394,1514.0
7160,1399,1513.2
7161,2267,1582.8
7162,1671,1635.5
7163,2261,1704.0
7164,1787,1726.2
7165,1563,1742.5
7166,2255,1797.1
7167,2207,1819.3
7168,1778,1858.2
7169,2230,1941.8
7170,1526,1954.5
7171,2228,1950.6
7172,2254,2008.9
7173,1802,1963.0
7174,1857,1970.0
7175,2241,2037.8
7176,1575,1969.8
7177,2227,1971.8
7178,1940,1988.0
7179,2213,1986.3
7180,2211,2054.8
7181,2208,2052.8
7182,1651,1992.5
7183,2203,2032.6
7184,1418,1988.7
7185,1684,1933.0
7186,1228,1898.3
7187,1235,1799.1
7188,1324,1737.5
7189,1490,1665.2
7190,1350,1579.1
7191,1204,1478.7
7192,1682,1481.8
7193,1211,1382.6
7194,1215,1362.3
7195,1442,1338.1
7196,1223,1337.6
7197,1589,1373.0
7198,1211,1361.7
7199,1256,1338.3
7200,1266,1329.9
7201,1279,1337.4
7202,1069,1276.1
7203,1305,1285.5
7204,1189,1282.9
7205,1289,1267.6
7206,1900,1335.3
7207,1745,1350.9
7208,1752,1405.0
7209,1740,1453.4
7210,1735,1500.3
7211,2139,1586.3
7212,1509,1630.3
7213,1692,1669.0
7214,1490,1699.1
7215,1621,1732.3
7216,1498,1692.1
7217,1495,1667.1
7218,1499,1641.8
7219,1493,1617.1
7220,1498,1593.4
7221,1498,1529.3
7222,1522,1530.6
7223,1533,1514.7
7224,1527,1518.4
7225,1500,1506.3
7226,1441,1500.6
7227,1459,1497.0
7228,1389,1486.0
7229,1533,1490.0
7230,1425,1482.7
7231,1515,1484.4
7232,1528,1485.0
7233,1540,1485.7
7234,1633,1496.3
7235,1529,1499.2
7236,1520,1507.1
7237,1519,1513.1
7238,1526,1526.8
7239,1738,1547.3
7240,1500,1554.8
7241,1222,1525.5
7242,1273,1500.0
7243,1028,1448.8
7244,1033,1388.8
7245,1037,1339.6
7246,1500,1337.6
7247,1245,1310.2
7248,1079,1265.5
7249,1075,1199.2
7250,1101,1159.3
7251,1310,1168.1
7252,1071,1147.9
7253,1031,1148.2
7254,1199,1164.8
7255,1089,1170.0
7256,1456,1165.6
7257,1478,1188.9
7258,1469,1227.9
7259,1425,1262.9
7260,1687,1321.5
7261,1496,1340.1
7262,1521,1385.1
7263,1445,1426.5
7264,1487,1455.3
7265,1545,1500.9
7266,1485,1503.8
7267,1590,1515.0
7268,1458,1513.9
7269,1885,1559.9
7270,1473,1538.5
7271,1711,1560.0
7272,1411,1549.0
7273,1457,1550.2
7274,1537,1555.2
7275,1450,1545.7
7276,1453,1542.5
7277,1565,1540.0
7278,1437,1537.9
7279,1623,1511.7
7280,1372,1501.6
7281,1467,1477.2
7282,1455,1481.6
7283,1987,1534.6
7284,1546,1535.5
7285,1507,1541.2
7286,1480,1543.9
7287,1498,1537.2
7288,1476,1541.1
7289,1422,1521.0
7290,1477,1531.5
7291,1649,1549.7
7292,1440,1548.2
7293,1548,1504.3
7294,1470,1496.7
7295,1481,1494.1
7296,1415,1487.6
7297,1655,1503.3
7298,1487,1504.4
7299,1493,1511.5
7300,1471,1510.9
7301,1495,1495.5
7302,1503,1501.8
7303,1494,1496.4
7304,1619,1511.3
7305,1564,1519.6
7306,1841,1562.2
7307,1930,1589.7
7308,1895,1630.5
7309,1919,1673.1
7310,1961,1722.1
7311,1942,1766.8
7312,1948,1811.3
7313,1936,1855.5
7314,1919,1885.5
7315,1883,1917.4
7316,1935,1926.8
7317,1697,1903.5
7318,1971,1911.1
7319,1838,1903.0
7320,1885,1895.4
7321,1821,1883.3
7322,1985,1887.0
7323,1982,1891.6
7324,1698,1869.5
7325,1974,1878.6
7326,1972,1882.3
7327,1952,1907.8
7328,1689,1879.6
7329,1998,1895.6
7330,1953,1902.4
7331,1986,1918.9
7332,1979,1918.3
7333,1988,1918.9
7334,1906,1939.7
7335,1614,1903.7
7336,1999,1906.4
7337,1824,1893.6
7338,1991,1923.8
7339,2009,1924.9
7340,1160,1845.6
7341,1993,1846.3
7342,2089,1857.3
7343,1387,1797.2
7344,1566,1763.2
7345,1524,1754.2
7346,1524,1706.7
7347,1500,1674.3
7348,1595,1634.7
7349,1603,1594.1
7350,1589,1637.0
7351,1759,1613.6
7352,2014,1606.1
7353,1612,1628.6
7354,1615,1633.5
7355,1617,1642.8
7356,1620,1652.4
7357,2108,1713.2
7358,1640,1717.7
7359,1635,1720.9
7360,1112,1673.2
7361,1056,1602.9
7362,1201,1521.6
7363,1263,1486.7
7364,1287,1453.9
7365,1313,1423.5
7366,1465,1408.0
7367,1500,1347.2
7368,1500,1333.2
7369,1500,1319.7
7370,1500,1358.5
7371,1500,1402.9
7372,1500,1432.8
7373,1500,1456.5
7374,1309,1458.7
7375,1293,1456.7
7376,2007,1510.9
7377,1834,1544.3
7378,1902,1584.5
7379,1425,1577.0
7380,1402,1567.2
7381,1310,1548.2
7382,1224,1520.6
7383,1415,1512.1
7384,1259,1507.1
7385,1953,1573.1
7386,1302,1502.6
7387,1720,1491.2
7388,1716,1472.6
7389,1224,1452.5
7390,1178,1430.1
7391,1093,1408.4
7392,1143,1400.3
7393,1053,1364.1
7394,1151,1353.3
7395,1291,1287.1
7396,1317,1288.6
7397,1493,1265.9
7398,1333,1227.6
7399,1291,1234.3
7400,1615,1278.0
7401,1500,1318.7
7402,1574,1361.8
7403,1500,1406.5
7404,1405,1431.9
7405,1523,1455.1
7406,1514,1474.8
7407,1496,1475.1
7408,1433,1485.1
7409,1509,1506.9
7410,1515,1496.9
7411,1396,1486.5
7412,1519,1481.0
7413,1531,1484.1
7414,1522,1495.8
7415,1222,1465.7
7416,1461,1460.4
7417,1268,1437.6
7418,1540,1448.3
7419,1531,1450.5
7420,1513,1450.3
7421,1483,1459.0
7422,1502,1457.3
7423,1489,1453.1
7424,1560,1456.9
7425,1550,1489.7
7426,1562,1499.8
7427,1576,1530.6
7428,1432,1519.8
7429,1570,1523.7
7430,1546,1527.0
7431,1555,1534.2
7432,1459,1529.9
7433,1496,1530.6
7434,1527,1527.3
7435,1570,1529.3
7436,1583,1531.4
7437,1574,1531.2
7438,1520,1540.0
7439,1554,1538.4
7440,1549,1538.7
7441,1500,1533.2
7442,1537,1541.0
7443,1470,1538.4
7444,1556,1541.3
7445,1493,1533.6
7446,1519,1527.2
7447,1518,1521.6
7448,1529,1522.5
7449,1539,1521.0
7450,1724,1538.5
7451,1293,1517.8
7452,1422,1506.3
7453,1861,1545.4
7454,1075,1497.3
7455,1102,1458.2
7456,1282,1434.5
7457,1244,1407.1
7458,1482,1402.4
7459,1500,1398.5
7460,1708,1396.9
7461,1759,1443.5
7462,1725,1473.8
7463,1484,1436.1
7464,1750,1503.6
7465,1576,1551.0
7466,1771,1599.9
7467,1791,1654.6
7468,1803,1686.7
7469,1805,1717.2
7470,1838,1730.2
7471,1829,1737.2
7472,1832,1747.9
7473,1616,1761.1
7474,1820,1768.1
7475,1627,1773.2
7476,1833,1779.4
7477,1862,1786.5
7478,1817,1787.9
7479,1838,1791.2
7480,1860,1793.4
7481,1499,1760.4
7482,1854,1762.6
7483,1505,1751.5
7484,1860,1755.5
7485,1516,1744.4
7486,1857,1746.8
7487,1854,1746.0
7488,1526,1716.9
7489,1862,1719.3
7490,1954,1728.7
7491,1816,1760.4
7492,1872,1762.2
7493,1830,1794.7
7494,1509,1759.6
7495,1856,1793.6
7496,1853,1793.2
7497,1850,1792.8
7498,1860,1826.2
7499,1871,1827.1
7500,1868,1818.5
7501,1522,1789.1
7502,1852,1787.1
7503,1536,1757.7
7504,2162,1823.0
7505,1509,1788.3
7506,1467,1749.7
7507,1474,1712.1
7508,1327,1658.8
7509,1338,1605.5
7510,1355,1554.2
7511,1147,1516.7
7512,1341,1465.6
7513,1458,1457.8
7514,1360,1377.6
7515,1401,1366.8
7516,1353,1355.4
7517,1333,1341.3
7518,1753,1383.9
7519,1337,1383.8
7520,1718,1420.1
7521,1347,1440.1
7522,1391,1445.1
7523,1351,1434.4
7524,1524,1450.8
7525,1362,1446.9
7526,1646,1476.2
7527,1456,1488.5
7528,1378,1451.0
7529,1461,1463.4
7530,1141,1405.7
7531,1353,1406.3
7532,1429,1410.1
7533,1323,1407.3
7534,1334,1388.3
7535,1360,1388.1
7536,1332,1356.7
7537,1363,1347.4
7538,2367,1446.3
7539,1446,1444.8
7540,1424,1473.1
7541,1270,1464.8
7542,1597,1481.6
7543,1598,1509.1
7544,1159,1491.6
7545,1744,1530.0
7546,1305,1527.3
7547,1385,1529.5
7548,1786,1471.4
7549,1494,1476.2
7550,1817,1515.5
7551,1494,1537.9
7552,2227,1600.9
7553,2273,1668.4
7554,2277,1780.2
7555,2245,1830.3
7556,2279,1927.7
7557,2242,2013.4
7558,2263,2061.1
7559,2252,2136.9
7560,2239,2179.1
7561,2232,2252.9
7562,2241,2254.3
7563,2231,2250.1
7564,2239,2246.3
7565,1758,2197.6
7566,1389,2108.6
7567,1330,2017.4
7568,1412,1932.3
7569,1426,1849.7
7570,1462,1772.0
7571,1449,1693.7
7572,1548,1624.4
7573,1458,1547.1
7574,1526,1475.8
7575,1428,1442.8
7576,1500,1453.9
7577,1432,1464.1
7578,1629,1485.8
7579,1879,1531.1
7580,1422,1527.1
7581,1412,1523.4
7582,2003,1568.9
7583,1407,1563.8
7584,1348,1546.0
7585,1407,1543.9
7586,1492,1543.1
7587,1500,1549.9
7588,1500,1537.0
7589,1413,1490.4
7590,1419,1490.1
7591,1417,1490.6
7592,1421,1432.4
7593,1417,1433.4
7594,1422,1440.8
7595,1864,1486.5
7596,1443,1481.6
7597,1411,1472.7
7598,1412,1463.9
7599,1409,1463.5
7600,1739,1495.5
7601,1439,1497.7
7602,1500,1505.6
7603,1500,1513.9
7604,1500,1521.7
7605,1679,1503.2
7606,1769,1535.8
7607,1632,1557.9
7608,1568,1573.5
7609,1755,1608.1
7610,1615,1595.7
7611,1781,1629.9
7612,1625,1642.4
7613,1980,1690.4
7614,1555,1695.9
7615,1614,1689.4
7616,1587,1671.2
7617,1608,1668.8
7618,1347,1646.7
7619,1520,1623.2
7620,1614,1623.1
7621,1589,1603.9
7622,1616,1603.0
7623,1474,1552.4
7624,1621,1559.0
7625,1631,1560.7
7626,1545,1556.5
7627,1636,1559.3
7628,1631,1587.7
7629,1743,1610.0
7630,1600,1608.6
7631,1629,1612.6
7632,1675,1618.5
7633,1590,1630.1
7634,1316,1599.6
7635,1555,1592.0
7636,1555,1593.0
7637,1548,1584.2
7638,1555,1576.6
7639,1562,1558.5
7640,1812,1579.7
7641,1306,1547.4
7642,1411,1521.0
7643,1764,1538.4
7644,1908,1597.6
7645,1657,1607.8
7646,1570,1609.3
7647,1405,1595.0
7648,1670,1606.5
7649,1487,1599.0
7650,1461,1563.9
7651,1500,1583.3
7652,1505,1592.7
7653,1496,1565.9
7654,1581,1533.2
7655,1714,1538.9
7656,1039,1485.8
7657,1077,1453.0
7658,970,1383.0
7659,1962,1430.5
7660,1884,1472.8
7661,1686,1491.4
7662,1774,1518.3
7663,1348,1503.5
7664,1257,1471.1
7665,1352,1434.9
7666,1546,1485.6
7667,1357,1513.6
7668,1371,1553.7
7669,1279,1485.4
7670,1354,1432.4
7671,1319,1395.7
7672,1500,1368.3
7673,1500,1383.5
7674,1948,1452.6
7675,1292,1446.6
7676,1941,1486.1
7677,1938,1544.2
7678,1925,1599.6
7679,1853,1657.0
7680,1898,1711.4
7681,1432,1722.7
7682,1916,1764.3
7683,1932,1807.5
7684,1925,1805.2
7685,1703,1846.3
7686,1916,1843.8
7687,1913,1841.3
7688,1465,1795.3
7689,1941,1804.1
7690,1608,1775.1
7691,1576,1789.5
7692,1927,1790.6
7693,1528,1750.2
7694,1531,1710.8
7695,1669,1707.4
7696,1545,1670.3
7697,1607,1639.7
7698,1564,1649.6
7699,1527,1608.2
7700,1635,1610.9
7701,1425,1595.8
7702,1589,1562.0
7703,1570,1566.2
7704,1600,1573.1
7705,1783,1584.5
7706,1583,1588.3
7707,1370,1564.6
7708,1593,1567.5
7709,1573,1572.1
7710,1596,1568.2
7711,1500,1575.7
7712,1635,1580.3
7713,1625,1585.8
7714,1610,1586.8
7715,1606,1569.1
7716,1610,1571.8
7717,1599,1594.7
7718,1616,1597.0
7719,1577,1597.4
7720,1712,1609.0
7721,1552,1614.2
7722,1540,1604.7
7723,1528,1595.0
7724,1504,1584.4
7725,1552,1579.0
7726,1543,1572.3
7727,1528,1565.2
7728,1532,1556.8
7729,1491,1548.2
7730,1453,1522.3
7731,1527,1519.8
7732,1535,1519.3
7733,1554,1521.9
7734,1576,1529.1
7735,1593,1533.2
7736,1606,1539.5
7737,1615,1548.2
7738,1675,1562.5
7739,1635,1576.9
7740,1625,1594.1
7741,1612,1602.6
7742,1620,1611.1
7743,1637,1619.4
7744,1636,1625.4
7745,1620,1628.1
7746,1588,1626.3
7747,1619,1626.7
7748,1653,1624.5
7749,1783,1639.3
7750,1806,1657.4
7751,1667,1662.9
7752,1751,1676.0
7753,1711,1683.4
7754,1768,1696.6
7755,1766,1711.2
7756,1581,1710.5
7757,1572,1705.8
7758,1606,1701.1
7759,1563,1679.1
7760,1468,1645.3
7761,1562,1634.8
7762,1570,1616.7
7763,913,1536.9
7764,1154,1475.5
7765,1417,1440.6
7766,930,1375.5
7767,1208,1339.1
7768,944,1272.9
7769,948,1211.4
7770,951,1159.7
7771,1200,1123.5
7772,815,1048.0
7773,999,1056.6
7774,1470,1088.2
7775,967,1043.2
7776,1490,1099.2
7777,976,1076.0
7778,1240,1105.6
7779,1421,1152.9
7780,985,1156.3
7781,1172,1153.5
7782,1299,1201.9
7783,967,1198.7
7784,1427,1194.4
7785,1289,1226.6
7786,1940,1271.6
7787,1927,1366.7
7788,1706,1413.3
7789,1696,1440.8
7790,1906,1532.9
7791,1694,1585.1
7792,1685,1623.7
7793,1957,1722.7
7794,1922,1772.2
7795,1692,1812.5
7796,1840,1802.5
7797,1720,1781.8
7798,1716,1782.8
7799,1754,1788.6
7800,2021,1800.1
7801,1740,1804.7
7802,1695,1805.7
7803,1735,1783.5
7804,1615,1752.8
7805,1731,1756.7
7806,1905,1763.2
7807,1731,1764.3
7808,1721,1764.8
7809,1912,1780.6
7810,1898,1768.3
7811,1724,1766.7
7812,1599,1757.1
7813,1707,1754.3
7814,1725,1765.3
7815,1717,1763.9
7816,1757,1749.1
7817,1724,1748.4
7818,1728,1749.1
7819,1841,1742.0
7820,1748,1727.0
7821,1321,1686.7
7822,1770,1703.8
7823,1334,1666.5
7824,1426,1636.6
7825,1761,1641.0
7826,1387,1604.0
7827,1542,1585.8
7828,1346,1547.6
7829,1529,1516.4
7830,1981,1539.7
7831,1451,1552.7
7832,1143,1490.0
7833,1233,1479.9
7834,1470,1484.3
7835,1414,1449.6
7836,1500,1460.9
7837,1073,1414.0
7838,2334,1512.8
7839,1364,1496.3
7840,1500,1448.2
7841,1500,1453.1
7842,1337,1472.5
7843,1500,1499.2
7844,2077,1559.9
7845,1304,1548.9
7846,1317,1530.6
7847,1277,1551.0
7848,1296,1447.2
7849,1267,1437.5
7850,1344,1421.9
7851,1307,1402.6
7852,1295,1398.4
7853,1327,1381.1
7854,1235,1296.9
7855,1449,1311.4
7856,1557,1335.4
7857,1849,1392.6
7858,1816,1444.6
7859,1801,1498.0
7860,1734,1537.0
7861,1696,1575.9
7862,1640,1610.4
7863,1581,1635.8
7864,1539,1666.2
7865,1421,1663.4
7866,1317,1639.4
7867,1369,1591.4
7868,1465,1556.3
7869,1500,1526.2
7870,1715,1524.3
7871,1679,1522.6
7872,1692,1527.8
7873,1817,1551.4
7874,1662,1563.7
7875,1711,1592.7
7876,1858,1646.8
7877,1605,1670.4
7878,1716,1695.5
7879,1252,1670.7
7880,1703,1669.5
7881,1700,1671.6
7882,1705,1672.9
7883,1712,1662.4
7884,1652,1661.4
7885,1701,1660.4
7886,1359,1610.5
7887,1640,1614.0
7888,1360,1578.4
7889,1374,1590.6
7890,1362,1556.5
7891,1323,1518.8
7892,1320,1480.3
7893,1336,1442.7
7894,1354,1412.9
7895,1361,1378.9
7896,1357,1378.7
7897,1423,1357.0
7898,1343,1355.3
7899,1330,1350.9
7900,1425,1357.2
7901,1364,1361.3
7902,1199,1349.2
7903,1314,1347.0
7904,1276,1339.2
7905,1351,1338.2
7906,1342,1336.7
7907,1322,1326.6
7908,1107,1303.0
7909,2109,1380.9
7910,2057,1444.1
7911,1839,1491.6
7912,2084,1580.1
7913,2054,1654.1
7914,2093,1735.8
7915,2093,1810.0
7916,2093,1885.1
7917,1743,1927.2
7918,2084,2024.9
7919,1500,1964.0
7920,1172,1875.5
7921,1561,1847.7
7922,1614,1800.7
7923,1445,1739.8
7924,1556,1686.1
7925,1567,1633.5
7926,1671,1591.3
7927,1584,1575.4
7928,1580,1525.0
7929,1580,1533.0
7930,1710,1586.8
7931,1500,1580.7
7932,1580,1577.3
7933,1693,1602.1
7934,1584,1604.9
7935,1575,1605.7
7936,1587,1597.3
7937,1514,1590.3
7938,1545,1586.8
7939,1581,1586.9
7940,1562,1572.1
7941,1389,1561.0
7942,1555,1558.5
7943,1256,1514.8
7944,1555,1511.9
7945,1545,1508.9
7946,1622,1512.4
7947,1514,1512.4
7948,1524,1510.3
7949,1320,1484.2
7950,1524,1480.4
7951,1524,1493.9
7952,1523,1490.7
7953,1567,1521.8
7954,1470,1513.3
7955,1538,1512.6
7956,1505,1500.9
7957,1479,1497.4
7958,1329,1477.9
7959,1505,1496.4
7960,1478,1491.8
7961,1504,1489.8
7962,1511,1488.6
7963,1519,1483.8
7964,1526,1489.4
7965,1519,1487.5
7966,1406,1477.6
7967,1501,1479.8
7968,1480,1494.9
7969,1418,1486.2
7970,1470,1485.4
7971,1376,1472.6
7972,1453,1466.8
7973,1447,1459.6
7974,1324,1439.4
7975,1418,1429.3
7976,1434,1432.1
7977,1444,1426.4
7978,1465,1424.9
7979,1373,1420.4
7980,1434,1416.8
7981,1521,1431.3
7982,1461,1432.1
7983,1480,1435.4
7984,1472,1450.2
7985,1462,1454.6
7986,1459,1457.1
7987,1449,1457.6
7988,1460,1457.1
7989,1501,1469.9
7990,1508,1477.3
7991,1460,1471.2
7992,1450,1470.1
7993,1439,1466.0
7994,1401,1458.9
7995,1413,1454.0
7996,2118,1519.9
7997,2118,1586.8
7998,2118,1652.6
7999,2078,1710.3
8000,2040,1763.5
8001,2032,1820.7
8002,1938,1869.5
8003,1862,1911.8
8004,1697,1941.4
8005,1655,1965.6
8006,1500,1903.8
8007,1500,1842.0
8008,1671,1797.3
8009,1671,1756.6
8010,1710,1723.6
8011,1610,1681.4
8012,1671,1654.7
8013,1671,1635.6
8014,1398,1605.7
8015,1671,1607.3
8016,1794,1636.7
8017,1771,1663.8
8018,1648,1661.5
8019,1692,1663.6
8020,1688,1661.4
8021,1705,1670.9
8022,1396,1643.4
8023,1667,1643.0
8024,1684,1671.6
8025,1549,1659.4
8026,1687,1648.7
8027,1698,1641.4
8028,1698,1646.4
8029,1470,1624.2
8030,1689,1624.3
8031,1673,1621.1
8032,1670,1648.5
8033,1791,1660.9
8034,1639,1656.4
8035,1650,1666.5
8036,1790,1676.8
8037,1646,1671.6
8038,1856,1687.4
8039,1655,1705.9
8040,1646,1701.6
8041,1662,1700.5
8042,1516,1685.1
8043,1489,1654.9
8044,1188,1609.8
8045,1999,1644.7
8046,1901,1655.8
8047,1587,1649.9
8048,1891,1653.4
8049,1829,1670.8
8050,1736,1679.8
8051,1847,1698.3
8052,1834,1730.1
8053,1825,1763.7
8054,1864,1831.3
8055,1964,1827.8
8056,1834,1821.1
8057,1727,1835.1
8058,1701,1816.1
8059,1807,1813.9
8060,1650,1805.3
8061,1791,1799.7
8062,1705,1786.8
8063,1697,1774.0
8064,1770,1764.6
8065,1811,1749.3
8066,1768,1742.7
8067,1678,1737.8
8068,1798,1747.5
8069,1759,1742.7
8070,1827,1760.4
8071,1799,1761.2
8072,1848,1775.5
8073,1849,1790.7
8074,1994,1813.1
8075,2011,1833.1
8076,1895,1845.8
8077,1989,1876.9
8078,2177,1914.8
8079,2009,1939.8
8080,2003,1957.4
8081,1984,1975.9
8082,1910,1982.1
8083,2173,2014.5
8084,1811,1996.2
8085,1824,1977.5
8086,1834,1971.4
8087,1495,1922.0
8088,1840,1888.3
8089,1874,1874.8
8090,1889,1863.4
8091,1305,1795.5
8092,1500,1754.5
8093,1406,1677.8
8094,1379,1634.6
8095,1366,1588.8
8096,1366,1542.0
8097,1368,1529.3
8098,1689,1514.2
8099,1721,1498.9
8100,1114,1421.4
8101,1585,1449.4
8102,1638,1463.2
8103,1311,1453.7
8104,1302,1446.0
8105,1432,1452.6
8106,1300,1446.0
8107,2012,1510.4
8108,2017,1543.2
8109,2027,1573.8
8110,2018,1664.2
8111,1915,1697.2
8112,2003,1733.7
8113,2063,1808.9
8114,1681,1846.8
8115,1500,1853.6
8116,1500,1873.6
8117,1723,1844.7
8118,1500,1793.0
8119,1500,1740.3
8120,1723,1710.8
8121,1500,1669.3
8122,1500,1619.0
8123,1723,1585.0
8124,1723,1589.2
8125,1534,1592.6
8126,1433,1585.9
8127,1462,1559.8
8128,1561,1565.9
8129,1550,1570.9
8130,1745,1573.1
8131,1623,1585.4
8132,1485,1583.9
8133,1638,1575.4
8134,1532,1556.3
8135,1720,1574.9
8136,1247,1556.3
8137,1635,1573.6
8138,1500,1567.5
8139,1500,1562.5
8140,1542,1542.2
8141,1047,1484.6
8142,1293,1465.4
8143,1367,1438.3
8144,1543,1439.4
8145,1354,1402.8
8146,1094,1387.5
8147,1370,1361.0
8148,1399,1350.9
8149,1278,1328.7
8150,1267,1301.2
8151,1500,1346.5
8152,1287,1345.9
8153,1263,1335.5
8154,1271,1308.3
8155,1460,1318.9
8156,1292,1338.7
8157,1292,1330.9
8158,1303,1321.3
8159,1307,1324.2
8160,1301,1327.6
8161,1301,1307.7
8162,1978,1376.8
8163,1977,1448.2
8164,2064,1527.5
8165,1935,1575.0
8166,1997,1645.5
8167,1842,1700.5
8168,2011,1771.3
8169,1734,1814.0
8170,1998,1883.7
8171,1688,1922.4
8172,2011,1925.7
8173,2006,1928.6
8174,2052,1927.4
8175,1979,1931.8
8176,1977,1929.8
8177,1712,1916.8
8178,1962,1911.9
8179,1936,1932.1
8180,1953,1927.6
8181,1775,1936.3
8182,1939,1929.1
8183,1954,1923.9
8184,1858,1904.5
8185,1542,1860.8
8186,1952,1858.3
8187,1801,1867.2
8188,1932,1864.2
8189,1509,1821.5
8190,1939,1820.1
8191,1728,1815.4
8192,1928,1814.3
8193,1663,1785.2
8194,1913,1790.7
8195,1912,1827.7
8196,1480,1780.5
8197,1905,1790.9
8198,1907,1788.4
8199,1872,1824.7
8200,1858,1816.6
8201,1515,1795.3
8202,1852,1787.7
8203,1788,1800.2
8204,1804,1789.3
8205,1802,1778.3
8206,1973,1827.6
8207,1803,1817.4
8208,1431,1769.8
8209,1384,1721.0
8210,1847,1719.9
8211,1732,1741.6
8212,1591,1715.5
8213,1896,1726.3
8214,1620,1707.9
8215,1832,1710.9
8216,1631,1676.7
8217,1819,1678.3
8218,1607,1695.9
8219,1359,1693.4
8220,1513,1660.0
8221,1798,1666.6
8222,1796,1687.1
8223,1788,1676.3
8224,1954,1709.7
8225,1759,1702.4
8226,1913,1730.6
8227,1517,1700.4
8228,2150,1754.7
8229,1641,1782.9
8230,1758,1807.4
8231,1754,1803.0
8232,1737,1797.1
8233,1750,1793.3
8234,1476,1745.5
8235,1733,1742.9
8236,1688,1720.4
8237,1737,1742.4
8238,1953,1722.7
8239,1856,1744.2
8240,1836,1752.0
8241,1372,1713.8
8242,1895,1729.6
8243,1887,1743.3
8244,1621,1757.8
8245,1823,1766.8
8246,1569,1754.9
8247,1540,1735.2
8248,1500,1689.9
8249,946,1598.9
8250,1102,1525.5
8251,1500,1538.3
8252,1200,1468.8
8253,1200,1400.1
8254,1209,1358.9
8255,1424,1319.0
8256,1500,1312.1
8257,1379,1296.0
8258,1724,1318.4
8259,1286,1352.4
8260,1797,1421.9
8261,1799,1451.8
8262,1750,1506.8
8263,2191,1605.9
8264,1887,1673.7
8265,2184,1749.7
8266,2167,1816.4
8267,1321,1810.6
8268,1718,1810.0
8269,1932,1874.6
8270,1233,1818.2
8271,1945,1832.8
8272,1951,1852.9
8273,1938,1827.6
8274,1938,1832.7
8275,1865,1800.8
8276,1956,1779.7
8277,1828,1830.4
8278,1964,1855.0
8279,1955,1857.3
8280,1784,1912.4
8281,1929,1910.8
8282,1965,1912.2
8283,2043,1922.7
8284,1966,1925.5
8285,1334,1872.4
8286,1603,1837.1
8287,1719,1826.2
8288,1519,1781.7
8289,1667,1752.9
8290,1668,1741.3
8291,1518,1700.2
8292,1349,1638.6
8293,1065,1540.8
8294,1627,1506.9
8295,1325,1506.0
8296,1694,1515.1
8297,1334,1476.6
8298,1336,1458.3
8299,1596,1451.2
8300,1323,1416.7
8301,1829,1447.8
8302,1537,1466.6
8303,1393,1499.4
8304,1480,1484.7
8305,1676,1519.8
8306,1301,1480.5
8307,1305,1477.6
8308,1671,1511.1
8309,2586,1610.1
8310,1204,1598.2
8311,1903,1605.6
8312,1387,1590.6
8313,1400,1591.3
8314,1428,1586.1
8315,1398,1558.3
8316,1410,1569.2
8317,1421,1580.8
8318,1435,1557.2
8319,1420,1440.6
8320,1445,1464.7
8321,1312,1405.6
8322,1412,1408.1
8323,1331,1401.2
8324,1390,1397.4
8325,1401,1397.7
8326,1283,1385.0
8327,1381,1381.0
8328,1362,1373.7
8329,1380,1369.7
8330,1288,1354.0
8331,1355,1358.3
8332,1345,1351.6
8333,1407,1359.2
8334,1282,1348.4
8335,1269,1335.2
8336,1274,1334.3
8337,1279,1324.1
8338,1569,1344.8
8339,1850,1391.8
8340,1751,1438.1
8341,1288,1431.4
8342,1289,1425.8
8343,1430,1428.1
8344,1250,1424.9
8345,1230,1421.0
8346,1243,1417.9
8347,1953,1485.3
8348,1340,1462.4
8349,1365,1413.9
8350,1493,1388.1
8351,1301,1389.4
8352,1571,1417.6
8353,1301,1404.7
8354,1571,1436.8
8355,1500,1463.8
8356,1500,1489.5
8357,1791,1473.3
8358,1500,1489.3
8359,1791,1531.9
8360,1629,1545.5
8361,2195,1634.9
8362,1822,1660.0
8363,2218,1751.7
8364,1795,1774.1
8365,2202,1844.3
8366,2199,1914.2
8367,2198,1954.9
8368,1555,1960.4
8369,1787,1960.0
8370,1467,1943.8
8371,2189,1943.2
8372,1897,1950.7
8373,2183,1947.2
8374,1775,1945.2
8375,1718,1896.8
8376,2204,1897.3
8377,1915,1869.0
8378,1949,1908.4
8379,2222,1951.9
8380,2222,2027.4
8381,1299,1938.4
8382,1954,1944.1
8383,2279,1953.7
8384,2063,1982.5
8385,2270,2037.7
8386,2269,2044.2
8387,1835,2036.2
8388,2277,2069.0
8389,2088,2055.6
8390,2262,2059.6
8391,1915,2121.2
8392,2251,2150.9
8393,2106,2133.6
8394,2229,2150.2
8395,1820,2105.2
8396,2222,2100.5
8397,1622,2079.2
8398,2090,2060.5
8399,1275,1979.2
8400,1049,1857.9
8401,1527,1819.1
8402,1535,1747.5
8403,2177,1754.6
8404,1748,1706.5
8405,1759,1700.4
8406,1516,1629.8
8407,1500,1617.6
8408,1535,1562.1
8409,1537,1588.3
8410,1519,1635.3
8411,1662,1648.8
8412,1360,1631.3
8413,1542,1567.8
8414,1081,1501.1
8415,1351,1460.3
8416,1167,1425.4
8417,1338,1409.2
8418,2053,1461.0
8419,1264,1433.7
8420,1264,1408.2
8421,1065,1348.5
8422,1395,1352.0
8423,1579,1355.7
8424,1161,1363.7
8425,1373,1365.9
8426,1375,1386.7
8427,1397,1392.6
8428,1624,1349.7
8429,1328,1356.1
8430,1385,1368.2
8431,1397,1401.4
8432,1628,1424.7
8433,1597,1426.5
8434,1401,1450.5
8435,1411,1454.3
8436,1485,1465.3
8437,1336,1459.2
8438,1434,1440.2
8439,1422,1449.6
8440,1645,1475.6
8441,1446,1480.5
8442,1246,1442.3
8443,1429,1425.5
8444,1417,1427.1
8445,1430,1429.0
8446,1455,1426.0
8447,1500,1442.4
8448,1494,1448.4
8449,1433,1449.5
8450,1515,1436.5
8451,1274,1419.3
8452,2104,1505.1
8453,1382,1500.4
8454,1606,1519.3
8455,1382,1514.5
8456,1412,1510.2
8457,1311,1491.3
8458,1393,1481.2
8459,1500,1487.9
8460,1270,1463.4
8461,1423,1478.3
8462,1396,1407.5
8463,1521,1421.4
8464,1401,1400.9
8465,943,1357.0
8466,1062,1322.0
8467,1369,1327.8
8468,1486,1337.1
8469,1698,1356.9
8470,971,1327.0
8471,1159,1300.6
8472,1710,1332.0
8473,1648,1344.7
8474,1769,1381.5
8475,1619,1449.1
8476,1147,1457.6
8477,991,1419.8
8478,1257,1396.9
8479,991,1326.2
8480,1257,1354.8
8481,991,1338.0
8482,1257,1292.7
8483,2347,1362.6
8484,2344,1420.1
8485,2333,1491.5
8486,2010,1577.8
8487,2320,1710.7
8488,1912,1776.2
8489,2311,1908.2
8490,2298,2012.3
8491,2052,2118.4
8492,2276,2220.3
8493,2270,2212.6
8494,2260,2204.2
8495,2248,2195.7
8496,2235,2218.2
8497,2214,2207.6
8498,2191,2235.5
8499,2191,2223.5
8500,2067,2200.4
8501,2243,2219.5
8502,2186,2210.5
8503,2223,2205.8
8504,2208,2200.6
8505,2055,2181.3
8506,2052,2163.0
8507,2270,2168.6
8508,1978,2147.3
8509,2210,2149.2
8510,2210,2163.5
8511,2185,2157.7
8512,2094,2148.5
8513,1874,2113.6
8514,1500,2042.8
8515,1608,1998.1
8516,1608,1953.7
8517,1500,1876.7
8518,1608,1839.7
8519,1500,1768.7
8520,1795,1727.2
8521,1832,1691.9
8522,1794,1661.9
8523,1803,1654.8
8524,1794,1684.2
8525,1784,1701.8
8526,1773,1718.3
8527,1877,1756.0
8528,1807,1775.9
8529,1777,1803.6
8530,1765,1800.6
8531,1832,1800.6
8532,1762,1797.4
8533,1778,1794.9
8534,1783,1793.8
8535,1773,1792.7
8536,1761,1791.5
8537,1801,1783.9
8538,1746,1777.8
8539,1729,1773.0
8540,1742,1770.7
8541,1713,1758.8
8542,1699,1752.5
8543,1795,1754.2
8544,1716,1747.5
8545,1734,1743.6
8546,1735,1741.0
8547,1746,1735.5
8548,1758,1736.7
8549,1704,1734.2
8550,1798,1739.8
8551,1755,1744.0
8552,1804,1754.5
8553,1795,1754.5
8554,1279,1710.8
8555,1693,1706.7
8556,1486,1681.8
8557,1676,1674.8
8558,2199,1718.9
8559,1694,1717.9
8560,1678,1705.9
8561,1791,1709.5
8562,1874,1716.5
8563,1411,1678.1
8564,1295,1679.7
8565,1418,1652.2
8566,1397,1643.3
8567,1374,1613.1
8568,1685,1561.7
8569,1388,1531.1
8570,2029,1566.2
8571,1389,1526.0
8572,1375,1476.1
8573,1399,1474.9
8574,1766,1522.0
8575,1375,1517.7
8576,1345,1512.5
8577,1239,1499.0
8578,1387,1469.2
8579,1471,1477.5
8580,1397,1414.3
8581,1766,1452.0
8582,1397,1454.2
8583,1382,1452.5
8584,1386,1414.5
8585,1663,1443.3
8586,1396,1448.4
8587,1720,1496.5
8588,1612,1519.0
8589,1506,1522.5
8590,1948,1577.6
8591,1493,1550.3
8592,1480,1558.6
8593,1489,1569.3
8594,1527,1583.4
8595,1459,1563.0
8596,1514,1574.8
8597,1516,1554.4
8598,1517,1544.9
8599,1832,1577.5
8600,1846,1567.3
8601,1530,1571.0
8602,1176,1540.6
8603,1530,1544.7
8604,1538,1545.8
8605,2018,1601.7
8606,1517,1602.0
8607,1502,1600.6
8608,1511,1600.0
8609,1808,1597.6
8610,1772,1590.2
8611,1520,1589.2
8612,2007,1672.3
8613,1919,1711.2
8614,2036,1761.0
8615,2045,1763.7
8616,1816,1793.6
8617,2058,1849.2
8618,1802,1878.3
8619,2050,1902.5
8620,2025,1927.8
8621,2032,1979.0
8622,1838,1962.1
8623,2021,1972.3
8624,2116,1980.3
8625,2044,1980.2
8626,1919,1990.5
8627,2028,1987.5
8628,2018,2009.1
8629,2013,2005.4
8630,1829,1985.8
8631,2039,1986.5
8632,1984,2001.1
8633,1813,1980.3
8634,1989,1967.6
8635,1907,1953.9
8636,1903,1952.3
8637,1979,1947.4
8638,1991,1944.7
8639,1920,1935.4
8640,2041,1956.6
8641,2004,1953.1
8642,1916,1946.3
8643,1996,1964.6
8644,2176,1983.3
8645,2039,1996.5
8646,2017,2007.9
8647,1900,2000.0
8648,2031,2004.0
8649,1901,2002.1
8650,1929,1990.9
8651,2030,1993.5
8652,2017,2003.6
8653,2030,2007.0
8654,2000,1989.4
8655,2011,1986.6
8656,1912,1976.1
8657,1993,1985.4
8658,2111,1993.4
8659,1994,2002.7
8660,2028,2012.6
8661,1997,2009.3
8662,1682,1975.8
8663,1861,1958.9
8664,1788,1937.7
8665,1776,1914.2
8666,1401,1863.1
8667,1401,1803.9
8668,1706,1763.4
8669,1418,1705.8
8670,1408,1643.8
8671,1420,1586.1
8672,1430,1560.9
8673,2022,1577.0
8674,1551,1553.3
8675,1640,1539.7
8676,1783,1577.9
8677,1428,1580.6
8678,1776,1587.6
8679,1629,1608.7
8680,1450,1612.9
8681,1482,1619.1
8682,1442,1620.3
8683,1533,1571.4
8684,1500,1566.3
8685,1450,1547.3
8686,1623,1531.3
8687,1541,1542.6
8688,1655,1530.5
8689,1480,1515.6
8690,1311,1501.7
8691,1485,1502.0
8692,1479,1505.7
8693,1485,1500.9
8694,1479,1498.8
8695,1543,1508.1
8696,1478,1493.6
8697,1488,1488.3
8698,1560,1478.8
8699,1477,1478.5
8700,1492,1496.6
8701,1551,1503.2
8702,1603,1515.6
8703,1500,1517.1
8704,1485,1517.7
8705,1469,1510.3
8706,1376,1500.1
8707,1492,1500.5
8708,1499,1494.4
8709,1482,1494.9
8710,1468,1492.5
8711,1457,1483.1
8712,1449,1467.7
8713,1458,1463.5
8714,1500,1465.0
8715,1002,1418.3
8716,1461,1426.8
8717,1256,1403.2
8718,1370,1390.3
8719,1325,1374.6
8720,1204,1348.2
8721,1429,1345.4
8722,1470,1347.5
8723,1386,1340.3
8724,1393,1329.6
8725,1532,1382.6
8726,1470,1383.5
8727,1524,1410.3
8728,1445,1417.8
8729,1416,1426.9
8730,1359,1442.4
8731,1413,1440.8
8732,1094,1403.2
8733,1269,1391.5
8734,1341,1386.3
8735,1250,1358.1
8736,1417,1352.8
8737,1404,1340.8
8738,1397,1336.0
8739,1463,1340.7
8740,1300,1334.8
8741,1401,1333.6
8742,1319,1356.1
8743,1541,1383.3
8744,1419,1391.1
8745,1081,1374.2
8746,1498,1382.3
8747,1534,1395.3
8748,1417,1397.3
8749,1511,1402.1
8750,1405,1412.6
8751,1319,1404.4
8752,1434,1415.9
8753,1421,1403.9
8754,1383,1400.3
8755,1262,1418.4
8756,1386,1407.2
8757,1054,1359.2
8758,1381,1355.6
8759,1831,1387.6
8760,1943,1441.4
8761,1842,1493.7
8762,1849,1535.2
8763,1960,1589.1
8764,1865,1637.3
8765,1870,1698.1
8766,2022,1761.7
8767,1909,1847.2
8768,1954,1904.5
8769,1913,1912.7
8770,1901,1908.5
8771,1889,1913.2
8772,1950,1923.3
8773,1885,1915.8
8774,1951,1924.4
8775,1891,1926.5
8776,2152,1939.5
8777,1943,1942.9
8778,1993,1946.8
8779,1855,1941.0
8780,2177,1968.6
8781,2092,1988.9
8782,1870,1980.9
8783,2054,1997.8
8784,2026,2005.3
8785,2017,2017.9
8786,1897,1992.4
8787,1995,1997.6
8788,1869,1985.2
8789,1875,1987.2
8790,1884,1957.9
8791,1872,1935.9
8792,1915,1940.4
8793,1906,1925.6
8794,2069,1929.9
8795,1862,1914.4
8796,1937,1918.4
8797,1973,1916.2
8798,1842,1913.5
8799,1276,1853.6
8800,1743,1839.5
8801,1504,1802.7
8802,1685,1779.7
8803,1639,1753.0
8804,1733,1719.4
8805,1556,1688.8
8806,1713,1666.4
8807,1823,1651.4
8808,1739,1641.1
8809,1966,1710.1
8810,1620,1697.8
8811,1829,1730.3
8812,1992,1761.0
8813,1413,1738.4
8814,2430,1808.1
8815,1666,1819.1
8816,1477,1795.5
8817,1806,1793.8
8818,1413,1761.2
8819,1388,1703.4
8820,1413,1682.7
8821,1849,1684.7
8822,1413,1626.8
8823,1413,1626.8
8824,1852,1569.0
8825,1861,1588.5
8826,1421,1582.9
8827,1423,1544.6
8828,1431,1546.4
8829,1650,1572.6
8830,1424,1573.7
8831,1563,1545.1
8832,1428,1546.6
8833,1439,1549.2
8834,1587,1522.7
8835,1390,1475.6
8836,1403,1473.8
8837,1600,1491.5
8838,1470,1495.4
8839,1406,1471.0
8840,1379,1466.5
8841,1411,1451.3
8842,1387,1447.2
8843,1411,1444.4
8844,1418,1427.5
8845,1419,1430.4
8846,1429,1433.0
8847,1492,1422.2
8848,1447,1419.9
8849,1436,1422.9
8850,1518,1436.8
8851,1352,1430.9
8852,1441,1436.3
8853,1500,1445.2
8854,1424,1445.8
8855,1441,1448.0
8856,1710,1476.1
8857,1944,1521.3
8858,1944,1571.0
8859,1781,1605.5
8860,1914,1645.1
8861,1892,1699.1
8862,1733,1728.3
8863,1791,1757.4
8864,1940,1809.0
8865,1774,1842.3
8866,1850,1856.3
8867,2041,1866.0
8868,1329,1804.5
8869,1670,1793.4
8870,1814,1783.4
8871,1884,1782.6
8872,1880,1797.3
8873,1857,1803.9
8874,1541,1764.0
8875,1662,1752.8
8876,1500,1717.8
8877,1563,1670.0
8878,1835,1720.6
8879,1329,1686.5
8880,1067,1611.8
8881,1392,1562.6
8882,1000,1474.6
8883,1006,1389.5
8884,1404,1375.8
8885,1015,1311.1
8886,1015,1262.6
8887,1619,1268.2
8888,1020,1186.7
8889,1617,1215.5
8890,1173,1226.1
8891,1169,1203.8
8892,1152,1219.0
8893,1494,1267.8
8894,1194,1246.8
8895,1513,1296.6
8896,1240,1319.1
8897,1504,1307.6
8898,1148,1320.4
8899,1497,1308.4
8900,1494,1340.5
8901,1283,1351.9
8902,1513,1388.0
8903,1507,1389.3
8904,1502,1420.1
8905,1498,1418.6
8906,1248,1419.4
8907,1485,1417.5
8908,1500,1452.7
8909,1382,1441.2
8910,1638,1455.6
8911,1611,1488.4
8912,1622,1499.3
8913,1941,1542.7
8914,1795,1572.0
8915,1642,1586.4
8916,1900,1651.6
8917,1649,1668.0
8918,1651,1683.1
8919,1668,1711.7
8920,1855,1733.4
8921,2240,1796.3
8922,1678,1801.9
8923,1679,1775.7
8924,1921,1788.3
8925,1674,1791.5
8926,1966,1798.1
8927,2105,1843.7
8928,1886,1867.2
8929,1690,1869.4
8930,2121,1896.0
8931,1918,1863.8
8932,1703,1866.3
8933,1707,1869.1
8934,2021,1879.1
8935,1694,1881.1
8936,1906,1875.1
8937,1673,1831.9
8938,2037,1847.0
8939,1920,1870.0
8940,1688,1826.7
8941,1896,1824.5
8942,1870,1841.2
8943,1860,1856.5
8944,1786,1833.0
8945,2134,1877.0
8946,1660,1852.4
8947,1793,1864.4
8948,1865,1847.2
8949,1601,1815.3
8950,1603,1806.8
8951,1946,1811.8
8952,1612,1786.0
8953,1808,1780.8
8954,1624,1764.6
8955,1922,1743.4
8956,1841,1761.5
8957,1696,1751.8
8958,1642,1729.5
8959,1765,1745.9
8960,1649,1750.5
8961,1138,1669.7
8962,1135,1622.0
8963,1157,1556.9
8964,1126,1507.1
8965,1328,1447.7
8966,1681,1431.7
8967,1154,1377.5
8968,1165,1329.8
8969,1188,1272.1
8970,1096,1216.8
8971,1135,1216.5
8972,2186,1321.6
8973,1756,1381.5
8974,1181,1387.0
8975,1766,1430.8
8976,1662,1428.9
8977,1869,1500.4
8978,1727,1556.6
8979,1750,1612.8
8980,1887,1691.9
8981,1715,1749.9
8982,1677,1699.0
8983,1707,1694.1
8984,1707,1746.7
8985,1707,1740.8
8986,2000,1774.6
8987,1694,1757.1
8988,1683,1752.7
8989,1692,1746.9
8990,1275,1685.7
8991,1707,1684.9
8992,1862,1703.4
8993,1683,1701.0
8994,1677,1698.0
8995,1500,1677.3
8996,1677,1645.0
8997,1500,1625.6
8998,1677,1625.0
8999,1728,1628.6
9000,1677,1668.8
9001,1677,1665.8
9002,1687,1648.3
9003,2060,1686.0
9004,1699,1688.2
9005,1834,1721.6
9006,1699,1723.8
9007,1504,1724.2
9008,1506,1707.1
9009,1494,1683.7
9010,1522,1668.2
9011,1342,1634.7
9012,1924,1658.4
9013,1554,1607.8
9014,1623,1600.2
9015,1511,1567.9
9016,1607,1558.7
9017,1606,1568.9
9018,1596,1577.9
9019,1600,1588.5
9020,1607,1597.0
9021,1619,1624.7
9022,1634,1595.7
9023,1547,1595.0
9024,1799,1612.6
9025,1634,1624.9
9026,1789,1643.1
9027,1901,1672.6
9028,1638,1676.8
9029,1854,1702.2
9030,1627,1704.2
9031,2048,1747.1
9032,1629,1746.6
9033,1895,1781.4
9034,1895,1791.0
9035,1895,1817.1
9036,1675,1805.7
9037,1768,1792.4
9038,1853,1813.9
9039,1895,1818.0
9040,1808,1836.1
9041,1631,1794.4
9042,1804,1811.9
9043,1633,1785.7
9044,1606,1756.8
9045,1472,1714.5
9046,1589,1705.9
9047,1600,1689.1
9048,1571,1660.9
9049,1626,1634.0
9050,1561,1609.3
9051,1610,1607.2
9052,1328,1559.6
9053,1616,1557.9
9054,1448,1542.1
9055,1646,1559.5
9056,1636,1564.2
9057,1525,1556.7
9058,1618,1561.4
9059,1689,1567.7
9060,1689,1580.5
9061,1650,1584.5
9062,1642,1615.9
9063,1633,1617.6
9064,1647,1637.5
9065,1766,1649.5
9066,1822,1668.1
9067,1672,1682.8
9068,1682,1689.2
9069,1757,1696.0
9070,1680,1695.1
9071,1669,1697.0
9072,1708,1703.6
9073,1682,1708.5
9074,1500,1693.8
9075,1664,1683.6
9076,1640,1665.4
9077,1664,1664.6
9078,1618,1658.2
9079,1648,1647.3
9080,1342,1613.5
9081,1402,1586.8
9082,1706,1586.6
9083,1702,1588.6
9084,1348,1573.4
9085,1110,1518.0
9086,1110,1465.0
9087,1110,1409.6
9088,1968,1444.6
9089,2230,1502.8
9090,1933,1561.9
9091,2003,1622.0
9092,1953,1646.7
9093,1939,1670.4
9094,2197,1755.3
9095,2264,1870.7
9096,1949,1954.6
9097,1934,2037.0
9098,1939,2034.1
9099,2104,2021.5
9100,1947,2022.9
9101,1954,2018.0
9102,1965,2019.2
9103,1533,1978.6
9104,1679,1926.8
9105,1352,1835.6
9106,1514,1792.1
9107,1775,1776.2
9108,1514,1733.7
9109,1514,1674.7
9110,1531,1633.1
9111,1514,1589.1
9112,1521,1544.7
9113,1511,1542.5
9114,1554,1530.0
9115,1364,1531.2
9116,1033,1483.1
9117,1442,1449.8
9118,1050,1403.4
9119,1437,1395.7
9120,1842,1426.8
9121,1362,1411.6
9122,1388,1398.3
9123,1137,1360.9
9124,1378,1343.3
9125,1218,1328.7
9126,1363,1361.7
9127,1605,1378.0
9128,1559,1428.9
9129,2005,1485.7
9130,978,1399.3
9131,1483,1411.4
9132,2005,1473.1
9133,1878,1547.2
9134,1088,1518.2
9135,1224,1518.8
9136,1209,1503.4
9137,1504,1493.3
9138,1225,1459.9
9139,1222,1381.6
9140,1202,1404.0
9141,1132,1368.9
9142,1202,1288.6
9143,1207,1221.5
9144,1328,1245.5
9145,1224,1245.5
9146,1121,1236.7
9147,1221,1208.4
9148,1350,1220.9
9149,1212,1219.9
9150,1216,1221.3
9151,1228,1230.9
9152,1233,1234.0
9153,1340,1247.3
9154,1242,1238.7
9155,1230,1239.3
9156,1594,1286.6
9157,1442,1308.7
9158,1222,1295.9
9159,1329,1307.6
9160,1198,1305.8
9161,1206,1303.6
9162,1196,1299.9
9163,1081,1274.0
9164,1528,1302.6
9165,1199,1299.5
9166,1829,1323.0
9167,2212,1400.0
9168,1829,1460.7
9169,1829,1510.7
9170,1799,1570.8
9171,1830,1633.2
9172,1558,1669.4
9173,1190,1680.3
9174,966,1624.1
9175,915,1595.7
9176,932,1506.0
9177,1041,1388.9
9178,1015,1307.5
9179,1223,1246.9
9180,1324,1199.4
9181,1531,1169.5
9182,1264,1140.1
9183,1350,1156.1
9184,1500,1209.5
9185,946,1212.6
9186,1500,1269.4
9187,1899,1355.2
9188,1272,1380.9
9189,1628,1421.4
9190,1662,1455.2
9191,1802,1482.3
9192,1635,1519.4
9193,1705,1554.9
9194,1683,1573.2
9195,1672,1645.8
9196,1667,1662.5
9197,1661,1638.7
9198,1614,1672.9
9199,1631,1673.2
9200,1545,1661.5
9201,1526,1633.9
9202,1342,1604.6
9203,1667,1600.8
9204,1500,1582.5
9205,1500,1565.3
9206,1923,1590.9
9207,1747,1599.5
9208,1774,1615.5
9209,2024,1654.8
9210,1771,1677.4
9211,2052,1730.0
9212,1605,1756.3
9213,2103,1799.9
9214,2074,1857.3
9215,1982,1905.5
9216,2050,1918.2
9217,1978,1941.3
9218,2074,1971.3
9219,2209,1989.8
9220,1689,1981.6
9221,2198,1996.2
9222,1524,1988.1
9223,2195,1997.3
9224,1357,1925.6
9225,2192,1946.6
9226,1609,1902.5
9227,2192,1923.9
9228,2130,1929.5
9229,2113,1919.9
9230,1484,1899.4
9231,2099,1889.5
9232,1629,1900.0
9233,1757,1856.2
9234,2007,1921.2
9235,1467,1848.7
9236,1333,1821.1
9237,1271,1729.0
9238,1572,1673.2
9239,1281,1590.0
9240,1282,1569.8
9241,1298,1489.7
9242,1301,1456.9
9243,1642,1445.4
9244,1529,1397.6
9245,1515,1402.4
9246,1270,1396.1
9247,1233,1392.3
9248,1542,1389.3
9249,1295,1390.7
9250,1305,1393.0
9251,1282,1391.4
9252,1342,1395.5
9253,1281,1359.4
9254,1655,1372.0
9255,1500,1370.5
9256,1368,1380.3
9257,1500,1407.0
9258,1581,1410.9
9259,1504,1431.8
9260,1631,1464.4
9261,1500,1486.2
9262,1711,1523.1
9263,1594,1554.4
9264,1631,1552.0
9265,1617,1563.7
9266,1950,1621.9
9267,1608,1632.7
9268,1600,1634.6
9269,1626,1646.8
9270,1699,1653.6
9271,1562,1659.8
9272,1302,1618.9
9273,1593,1618.8
9274,1730,1628.7
9275,1611,1628.1
9276,1635,1596.6
9277,1604,1596.2
9278,1589,1595.1
9279,1588,1591.3
9280,1500,1571.4
9281,1588,1574.0
9282,1588,1602.6
9283,1296,1572.9
9284,1697,1569.6
9285,1662,1574.7
9286,1586,1569.8
9287,1362,1545.6
9288,1362,1522.9
9289,1265,1490.6
9290,1500,1490.6
9291,1265,1458.3
9292,1099,1409.4
9293,1459,1425.7
9294,1175,1373.5
9295,1466,1353.9
9296,1773,1372.6
9297,1385,1374.9
9298,1300,1368.7
9299,1320,1374.2
9300,1293,1353.5
9301,1230,1350.0
9302,1611,1401.2
9303,1321,1387.4
9304,1292,1399.1
9305,1205,1373.0
9306,1306,1326.3
9307,1257,1313.5
9308,1188,1302.3
9309,1399,1310.2
9310,1279,1308.8
9311,1485,1334.3
9312,1387,1311.9
9313,1373,1317.1
9314,1348,1322.7
9315,1374,1339.6
9316,1347,1343.7
9317,1324,1350.4
9318,1461,1377.7
9319,981,1335.9
9320,1224,1330.4
9321,1426,1324.5
9322,1479,1333.7
9323,1309,1327.3
9324,1333,1325.8
9325,1331,1321.5
9326,1464,1333.2
9327,1564,1357.2
9328,886,1299.7
9329,1486,1350.2
9330,1543,1382.1
9331,1490,1388.5
9332,1590,1399.6
9333,1438,1412.5
9334,1457,1424.9
9335,1468,1438.6
9336,1499,1442.1
9337,1407,1426.4
9338,1392,1477.0
9339,1366,1465.0
9340,1366,1447.3
9341,1474,1445.7
9342,1485,1435.2
9343,1184,1409.8
9344,1495,1413.6
9345,1495,1416.3
9346,1366,1403.0
9347,1476,1409.9
9348,1399,1410.6
9349,1464,1420.4
9350,1500,1433.8
9351,1479,1434.3
9352,1479,1433.7
9353,1462,1461.5
9354,1450,1457.0
9355,1437,1451.2
9356,1444,1459.0
9357,1795,1490.9
9358,1776,1528.6
9359,1813,1563.5
9360,1992,1612.7
9361,1858,1650.6
9362,1784,1681.1
9363,1797,1714.6
9364,2074,1777.0
9365,1887,1822.0
9366,1747,1852.3
9367,1424,1815.2
9368,1568,1794.4
9369,1576,1770.7
9370,1582,1729.7
9371,1581,1702.0
9372,1590,1682.6
9373,1578,1660.7
9374,1583,1611.6
9375,1601,1583.0
9376,1599,1568.2
9377,1597,1585.5
9378,1591,1587.8
9379,1613,1591.5
9380,1628,1596.1
9381,1622,1600.2
9382,1616,1602.8
9383,1606,1605.6
9384,1623,1609.6
9385,1612,1610.7
9386,1613,1612.1
9387,1602,1612.6
9388,1593,1612.8
9389,1583,1609.8
9390,1573,1604.3
9391,1585,1600.6
9392,1582,1597.2
9393,1578,1594.4
9394,1580,1590.1
9395,1573,1586.2
9396,1564,1581.3
9397,1557,1576.8
9398,1566,1574.1
9399,1595,1575.3
9400,1591,1577.1
9401,1606,1579.2
9402,1602,1581.2
9403,1600,1583.4
9404,1616,1587.0
9405,1605,1590.2
9406,1598,1593.6
9407,1592,1597.1
9408,1587,1599.2
9409,1577,1597.4
9410,1565,1594.8
9411,1561,1590.3
9412,1461,1576.2
9413,1377,1553.9
9414,1327,1525.0
9415,1070,1471.5
9416,1097,1421.4
9417,1271,1389.3
9418,1130,1343.6
9419,1568,1342.7
9420,1240,1310.2
9421,1240,1278.1
9422,1240,1256.0
9423,1295,1247.8
9424,1380,1253.1
9425,1271,1273.2
9426,1500,1313.5
9427,1500,1336.4
9428,1838,1407.2
9429,1172,1367.6
9430,1241,1367.7
9431,1667,1410.4
9432,1904,1476.8
9433,1661,1513.4
9434,1677,1543.1
9435,1661,1582.1
9436,1683,1600.4
9437,1652,1615.6
9438,1364,1568.2
9439,1653,1616.3
9440,1674,1659.6
9441,1664,1659.3
9442,1673,1636.2
9443,1625,1632.6
9444,1240,1588.9
9445,1323,1555.1
9446,1500,1536.8
9447,1349,1506.5
9448,1066,1476.7
9449,1262,1437.6
9450,1460,1416.2
9451,1390,1388.8
9452,1571,1378.6
9453,1806,1396.7
9454,1584,1431.1
9455,1597,1458.5
9456,2081,1516.6
9457,1592,1540.9
9458,1828,1617.1
9459,1648,1655.7
9460,1613,1671.0
9461,1495,1681.5
9462,1599,1684.3
9463,1875,1691.2
9464,1636,1696.4
9465,1657,1702.4
9466,1576,1651.9
9467,1593,1652.0
9468,1606,1629.8
9469,1678,1632.8
9470,1790,1650.5
9471,1597,1660.7
9472,1581,1658.9
9473,1495,1620.9
9474,1040,1561.3
9475,1215,1517.1
9476,1289,1488.4
9477,1434,1472.5
9478,1500,1461.9
9479,1525,1446.6
9480,1861,1453.7
9481,1824,1476.4
9482,1786,1496.9
9483,1710,1518.4
9484,1650,1579.4
9485,1565,1614.4
9486,1637,1649.2
9487,1578,1663.6
9488,1326,1646.2
9489,1500,1643.7
9490,1363,1593.9
9491,1500,1561.5
9492,1270,1509.9
9493,1328,1471.7
9494,1372,1443.9
9495,1336,1421.0
9496,826,1339.9
9497,1500,1332.1
9498,1372,1336.7
9499,1500,1336.7
9500,1500,1350.4
9501,1372,1337.6
9502,1372,1347.8
9503,1500,1365.0
9504,1372,1365.0
9505,1500,1381.4
9506,1372,1436.0
9507,1372,1423.2
9508,1372,1423.2
9509,1500,1423.2
9510,1710,1444.2
9511,1708,1477.8
9512,1245,1465.1
9513,1599,1475.0
9514,1446,1482.4
9515,1418,1474.2
9516,1512,1488.2
9517,1470,1498.0
9518,1559,1516.7
9519,1771,1543.8
9520,1420,1514.8
9521,1421,1486.1
9522,1240,1485.6
9523,2078,1533.5
9524,1969,1585.8
9525,1936,1637.6
9526,1757,1662.1
9527,1675,1682.6
9528,1887,1715.4
9529,1371,1675.4
9530,1314,1664.8
9531,1628,1685.5
9532,1514,1712.9
9533,1446,1649.7
9534,1448,1597.6
9535,1377,1541.7
9536,1424,1508.4
9537,1434,1484.3
9538,1407,1436.3
9539,1446,1443.8
9540,1398,1452.2
9541,1418,1431.2
9542,1443,1424.1
9543,1288,1408.3
9544,1431,1406.6
9545,1358,1404.7
9546,1289,1391.2
9547,1245,1372.3
9548,1260,1357.6
9549,1260,1339.0
9550,1714,1370.6
9551,1222,1351.0
9552,1260,1332.7
9553,1260,1329.9
9554,1260,1312.8
9555,1392,1316.2
9556,1500,1337.3
9557,1279,1340.7
9558,1279,1342.6
9559,1461,1362.7
9560,1336,1324.9
9561,1347,1337.4
9562,1500,1361.4
9563,1500,1385.4
9564,1591,1418.5
9565,1591,1438.4
9566,1591,1447.5
9567,1331,1452.7
9568,1492,1474.0
9569,1512,1479.1
9570,1500,1495.5
9571,1400,1500.8
9572,1500,1500.8
9573,1250,1475.8
9574,1213,1438.0
9575,1626,1441.5
9576,1700,1452.4
9577,1937,1513.0
9578,1596,1523.4
9579,1508,1523.0
9580,1393,1512.3
9581,1512,1523.5
9582,1266,1500.1
9583,1426,1517.7
9584,1625,1558.9
9585,1502,1546.5
9586,1330,1509.5
9587,1350,1450.8
9588,1640,1455.2
9589,1443,1448.7
9590,1847,1494.1
9591,1636,1506.5
9592,1500,1529.9
9593,1323,1519.6
9594,1457,1502.8
9595,1289,1481.5
9596,1189,1467.4
9597,1189,1451.3
9598,1367,1424.0
9599,1367,1416.4
9600,1505,1382.2
9601,1161,1334.7
9602,1161,1300.8
9603,2022,1370.7
9604,1465,1371.5
9605,1292,1371.8
9606,2054,1458.3
9607,1696,1509.0
9608,2054,1577.7
9609,2073,1648.3
9610,2104,1708.2
9611,2159,1808.0
9612,1816,1873.5
9613,2098,1881.1
9614,2002,1934.8
9615,2276,2033.2
9616,1500,1977.8
9617,1425,1950.7
9618,1836,1928.9
9619,1921,1913.7
9620,1491,1852.4
9621,1305,1767.0
9622,1654,1750.8
9623,1500,1691.0
9624,1513,1642.1
9625,1591,1573.6
9626,1531,1576.7
9627,1337,1567.9
9628,1349,1519.2
9629,1354,1462.5
9630,1345,1447.9
9631,1352,1452.6
9632,1336,1420.8
9633,1527,1423.5
9634,1572,1429.4
9635,1382,1408.5
9636,1372,1392.6
9637,1412,1400.1
9638,1414,1406.6
9639,1398,1411.0
9640,1415,1418.0
9641,1421,1424.9
9642,1624,1453.7
9643,1439,1444.9
9644,1454,1433.1
9645,1413,1436.2
9646,1444,1443.4
9647,1518,1454.0
9648,1394,1452.0
9649,1380,1450.2
9650,1500,1458.7
9651,1770,1493.6
9652,1374,1468.6
9653,1457,1470.4
9654,1480,1473.0
9655,1313,1463.0
9656,1359,1454.5
9657,1361,1438.8
9658,1752,1474.6
9659,1373,1473.9
9660,1373,1461.2
9661,1197,1403.9
9662,1382,1404.7
9663,1778,1436.8
9664,1547,1443.5
9665,1279,1440.1
9666,1599,1464.1
9667,1497,1477.7
9668,1631,1465.6
9669,1500,1478.3
9670,1563,1497.3
9671,1500,1527.6
9672,1952,1584.6
9673,1352,1542.0
9674,1421,1529.4
9675,1485,1550.0
9676,1563,1546.4
9677,1223,1519.0
9678,1702,1526.1
9679,1430,1519.1
9680,1394,1502.2
9681,1511,1503.3
9682,2016,1509.7
9683,2006,1575.1
9684,2043,1637.3
9685,1600,1648.8
9686,1806,1673.1
9687,2000,1750.8
9688,1999,1780.5
9689,1988,1836.3
9690,1927,1889.6
9691,1958,1934.3
9692,1955,1928.2
9693,1970,1924.6
9694,1850,1905.3
9695,1989,1944.2
9696,1948,1958.4
9697,1873,1945.7
9698,1987,1944.5
9699,1670,1912.7
9700,1880,1908.0
9701,1968,1909.0
9702,1956,1909.1
9703,1951,1907.2
9704,1942,1916.4
9705,1853,1902.8
9706,1923,1900.3
9707,1915,1904.5
9708,1160,1821.8
9709,2098,1864.6
9710,1846,1861.2
9711,1904,1854.8
9712,1890,1848.2
9713,1895,1842.6
9714,1719,1820.3
9715,1900,1825.0
9716,1890,1821.7
9717,1856,1815.8
9718,1746,1874.4
9719,1121,1776.7
9720,1208,1712.9
9721,1383,1660.8
9722,1339,1605.7
9723,1290,1545.2
9724,950,1468.3
9725,1794,1457.7
9726,951,1363.8
9727,1496,1327.8
9728,1488,1302.0
9729,1146,1304.5
9730,992,1282.9
9731,1434,1288.0
9732,1659,1320.0
9733,1518,1342.8
9734,1068,1354.6
9735,1298,1305.0
9736,1133,1323.2
9737,1216,1295.2
9738,1777,1324.1
9739,1500,1359.5
9740,895,1349.8
9741,871,1293.5
9742,957,1223.3
9743,1334,1204.9
9744,1392,1237.3
9745,1500,1257.5
9746,1392,1283.4
9747,1500,1311.8
9748,1761,1310.2
9749,1499,1310.1
9750,1491,1369.7
9751,1502,1432.8
9752,1495,1486.6
9753,1504,1503.6
9754,1502,1514.6
9755,1497,1514.3
9756,1504,1525.5
9757,1508,1526.3
9758,1496,1499.8
9759,1507,1500.6
9760,1488,1500.3
9761,1479,1498.0
9762,1475,1496.0
9763,1469,1492.5
9764,1448,1487.1
9765,1454,1482.8
9766,1440,1476.4
9767,1452,1470.8
9768,1420,1463.2
9769,1432,1455.7
9770,1414,1448.3
9771,1428,1443.2
9772,1421,1437.8
9773,1426,1433.5
9774,1409,1429.6
9775,1406,1424.8
9776,1401,1420.9
9777,1398,1415.5
9778,1399,1413.4
9779,1379,1408.1
9780,1382,1404.9
9781,1387,1400.8
9782,1379,1396.6
9783,1387,1392.7
9784,1411,1392.9
9785,1393,1391.6
9786,1404,1391.9
9787,1555,1407.6
9788,1564,1424.1
9789,1465,1432.7
9790,1426,1437.1
9791,1473,1445.7
9792,1424,1450.2
9793,1486,1460.1
9794,1398,1458.8
9795,1511,1470.6
9796,1679,1498.1
9797,1462,1488.8
9798,1602,1492.6
9799,1500,1496.1
9800,1700,1523.5
9801,1711,1547.3
9802,1722,1577.1
9803,1734,1601.9
9804,1704,1632.5
9805,1713,1652.7
9806,1701,1654.9
9807,1713,1680.0
9808,1703,1690.1
9809,1695,1709.6
9810,1709,1710.5
9811,1700,1709.4
9812,1629,1700.1
9813,1705,1697.2
9814,1781,1704.9
9815,1724,1706.0
9816,1720,1707.9
9817,1734,1710.0
9818,1719,1711.6
9819,1458,1687.9
9820,1728,1689.8
9821,1717,1691.5
9822,1710,1699.6
9823,1705,1699.6
9824,1446,1666.1
9825,1721,1665.8
9826,1709,1664.7
9827,1697,1661.0
9828,1689,1658.0
9829,1691,1681.3
9830,1681,1676.6
9831,1685,1673.4
9832,1682,1670.6
9833,1697,1669.8
9834,1714,1696.6
9835,1699,1694.4
9836,1693,1692.8
9837,1680,1691.1
9838,1674,1689.6
9839,1846,1705.1
9840,1675,1704.5
9841,1551,1691.1
9842,1662,1689.1
9843,1651,1684.5
9844,1663,1679.4
9845,1655,1675.0
9846,1381,1643.8
9847,1749,1650.7
9848,1551,1638.4
9849,1685,1622.3
9850,1735,1628.3
9851,1766,1649.8
9852,1425,1626.1
9853,1799,1640.9
9854,1760,1650.6
9855,1723,1657.4
9856,1710,1690.3
9857,1750,1690.4
9858,1383,1673.6
9859,1277,1632.8
9860,1342,1593.5
9861,1357,1552.6
9862,1341,1544.2
9863,1280,1492.3
9864,1336,1449.9
9865,1336,1411.2
9866,1336,1373.8
9867,944,1293.2
9868,1336,1288.5
9869,1336,1294.4
9870,1336,1293.8
9871,1202,1278.3
9872,1500,1294.2
9873,1354,1301.6
9874,1404,1308.4
9875,1354,1310.2
9876,1354,1312.0
9877,1140,1331.6
9878,1140,1312.0
9879,1464,1324.8
9880,1084,1299.6
9881,1362,1315.6
9882,1101,1275.7
9883,1070,1247.3
9884,1257,1232.6
9885,1116,1208.8
9886,1236,1197.0
9887,1535,1236.5
9888,1185,1241.0
9889,1099,1204.5
9890,1139,1210.0
9891,1171,1190.9
9892,1199,1200.7
9893,1498,1243.5
9894,1304,1248.2
9895,1460,1282.6
9896,988,1257.8
9897,1041,1208.4
9898,1148,1204.7
9899,1149,1209.7
9900,1669,1262.7
9901,1149,1260.5
9902,1669,1307.5
9903,1149,1272.6
9904,1149,1257.1
9905,1149,1226.0
9906,1672,1294.4
9907,1149,1305.2
9908,1672,1357.6
9909,1149,1357.6
9910,1672,1357.9
9911,1149,1357.9
9912,1672,1358.2
9913,1149,1358.2
9914,1151,1358.4
9915,1125,1356.0
9916,1830,1371.8
9917,1430,1399.9
9918,1331,1365.8
9919,1337,1384.6
9920,1500,1367.4
9921,1500,1402.5
9922,2235,1458.8
9923,2022,1546.1
9924,2216,1652.6
9925,2210,1761.1
9926,2202,1798.3
9927,1183,1773.6
9928,1503,1790.8
9929,1892,1846.3
9930,1028,1799.1
9931,1603,1809.4
9932,2238,1809.7
9933,1613,1768.8
9934,2235,1770.7
9935,2263,1776.0
9936,1800,1735.8
9937,1737,1791.2
9938,2069,1847.8
9939,2229,1881.5
9940,1500,1928.7
9941,1694,1937.8
9942,1408,1854.8
9943,1695,1863.0
9944,1709,1810.4
9945,1675,1751.6
9946,1696,1741.2
9947,1707,1738.2
9948,1697,1701.0
9949,1552,1633.3
9950,1703,1653.6
9951,1657,1649.9
9952,1685,1677.6
9953,1695,1677.6
9954,1527,1659.4
9955,1670,1658.9
9956,1665,1655.8
9957,1650,1650.1
9958,1666,1647.0
9959,1773,1669.1
9960,1687,1667.5
9961,1688,1670.6
9962,1631,1665.2
9963,1670,1662.7
9964,1502,1660.2
9965,1706,1663.8
9966,1837,1681.0
9967,856,1601.6
9968,1420,1577.0
9969,1417,1541.4
9970,864,1459.1
9971,867,1377.0
9972,1407,1354.6
9973,1403,1327.9
9974,877,1265.4
9975,1395,1234.3
9976,1390,1189.6
9977,1386,1242.6
9978,1381,1238.7
9979,897,1186.7
9980,1369,1237.2
9981,908,1241.3
9982,1356,1236.2
9983,1348,1230.7
9984,926,1235.6
9985,1330,1229.1
9986,943,1184.4
9987,1306,1176.4
9988,1291,1167.4
9989,1271,1204.8
9990,1500,1217.9
9991,1271,1254.2
9992,1169,1235.5
9993,1393,1240.0
9994,1387,1286.1
9995,1195,1272.6
9996,1195,1297.8
9997,1195,1286.7
9998,1195,1277.1
9999,1369,1286.9
10000,1185,1255.4
10001,1291,1257.4
10002,1152,1255.7
10003,1121,1228.5
10004,1580,1247.8
10005,1023,1230.6
10006,1354,1246.5
10007,1404,1267.4
10008,1668,1314.7
10009,1337,1311.5
10010,1411,1334.1
10011,1218,1326.8
10012,1946,1406.2
10013,1073,1401.4
10014,1208,1364.2
10015,1439,1405.8
10016,1500,1420.4
10017,1146,1394.6
10018,1992,1427.0
10019,1628,1456.1
10020,2102,1525.2
10021,1810,1584.4
10022,1537,1543.5
10023,2101,1646.3
10024,2101,1735.6
10025,2101,1801.8
10026,1784,1830.2
10027,1799,1895.5
10028,1845,1880.8
10029,1800,1898.0
10030,1500,1837.8
10031,1252,1782.0
10032,1392,1767.5
10033,1213,1678.7
10034,1559,1624.5
10035,1250,1539.4
10036,1552,1516.2
10037,1598,1496.1
10038,1500,1461.6
10039,1403,1421.9
10040,1399,1411.8
10041,1693,1455.9
10042,1255,1442.2
10043,1475,1468.4
10044,1394,1451.9
10045,1172,1444.1
10046,1196,1408.5
10047,1336,1382.3
10048,1203,1352.6
10049,1227,1335.0
10050,1171,1312.2
10051,1378,1280.7
10052,1144,1269.6
10053,1244,1246.5
10054,1383,1245.4
10055,1155,1243.7
10056,1305,1254.6
10057,1730,1294.0
10058,1358,1309.5
10059,1720,1358.8
10060,1500,1391.7
10061,1155,1369.4
10062,1448,1399.8
10063,1573,1432.7
10064,1845,1478.9
10065,1585,1521.9
10066,1842,1575.6
10067,1500,1552.6
10068,1853,1602.1
10069,2005,1630.6
10070,1545,1635.1
10071,1567,1676.3
10072,1954,1726.9
10073,1796,1749.2
10074,1774,1742.1
10075,1743,1757.9
10076,1735,1747.2
10077,1765,1773.7
10078,1839,1772.3
10079,1687,1740.5
10080,1580,1744.0
10081,1743,1761.6
10082,1617,1727.9
10083,1500,1698.3
10084,1793,1700.2
10085,1750,1700.9
10086,1793,1706.7
10087,1793,1709.5
10088,2131,1738.7
10089,1937,1763.7
10090,1276,1733.3
10091,1144,1673.4
10092,1091,1620.8
10093,1072,1578.0
10094,1271,1525.8
10095,1129,1463.7
10096,1633,1447.7
10097,1131,1381.5
10098,1141,1282.5
10099,1151,1203.9
10100,1339,1210.2
10101,1257,1221.5
10102,1216,1234.0
10103,1199,1246.7
10104,1028,1222.4
10105,1201,1229.6
10106,1218,1188.1
10107,1202,1195.2
10108,1507,1231.8
10109,1517,1268.4
10110,1438,1278.3
10111,1698,1322.4
10112,1347,1335.5
10113,1500,1365.6
10114,1500,1412.8
10115,1474,1440.1
10116,1313,1449.6
10117,1317,1461.1
10118,1232,1433.6
10119,1296,1411.5
10120,1370,1404.7
10121,1325,1367.4
10122,1375,1370.2
10123,1502,1370.4
10124,1320,1352.4
10125,1418,1346.8
10126,1311,1346.6
10127,1505,1365.4
10128,1299,1372.1
10129,1309,1373.4
10130,1207,1357.1
10131,1211,1345.7
10132,1242,1332.4
10133,1202,1302.4
10134,1299,1300.3
10135,1153,1273.8
10136,1662,1308.9
10137,1242,1282.6
10138,1334,1286.1
10139,986,1253.8
10140,1373,1270.4
10141,1279,1277.2
10142,1376,1290.6
10143,1500,1320.4
10144,1500,1340.5
10145,1500,1375.2
10146,1500,1359.0
10147,2182,1453.0
10148,2622,1581.8
10149,2199,1703.1
10150,2239,1789.7
10151,2184,1880.2
10152,2183,1960.9
10153,1625,1973.4
10154,1587,1982.1
10155,1883,2020.4
10156,2064,2076.8
10157,1713,2029.9
10158,2044,1972.1
10159,2004,1952.6
10160,2004,1929.1
10161,1700,1880.7
10162,1677,1830.1
10163,1613,1828.9
10164,1909,1861.1
10165,1886,1861.4
10166,1831,1838.1
10167,1769,1843.7
10168,1650,1804.3
10169,1500,1753.9
10170,1316,1685.1
10171,1392,1654.3
10172,1334,1620.0
10173,1064,1565.1
10174,1705,1544.7
10175,1498,1505.9
10176,1814,1504.2
10177,1809,1508.2
10178,1838,1527.0
10179,2048,1581.8
10180,1436,1593.8
10181,1441,1598.7
10182,2305,1695.8
10183,2305,1819.9
10184,1500,1799.4
10185,2475,1897.1
10186,1679,1883.6
10187,1500,1852.7
10188,1263,1795.2
10189,1299,1720.3
10190,1504,1727.1
10191,1651,1748.1
10192,1364,1654.0
10193,1364,1559.9
10194,1364,1546.3
10195,1336,1432.4
10196,1510,1415.5
10197,1309,1396.4
10198,1668,1436.9
10199,1316,1438.6
10200,1271,1415.3
10201,1382,1388.4
10202,1234,1375.4
10203,1315,1370.5
10204,1128,1346.9
10205,1338,1347.1
10206,1323,1328.4
10207,1302,1327.7
10208,1464,1307.3
10209,1371,1312.8
10210,1730,1358.7
10211,1858,1406.3
10212,1850,1467.9
10213,1867,1523.1
10214,1410,1551.3
10215,1670,1584.5
10216,1325,1584.7
10217,1484,1602.9
10218,1291,1585.6
10219,1265,1575.0
10220,1455,1547.5
10221,1316,1493.3
10222,1892,1497.5
10223,1443,1455.1
10224,1795,1493.6
10225,1484,1475.0
10226,1295,1472.0
10227,1672,1490.8
10228,1357,1497.4
10229,1685,1539.4
10230,1500,1543.9
10231,1386,1550.9
10232,2152,1576.9
10233,2064,1639.0
10234,1834,1642.9
10235,2056,1700.1
10236,1848,1755.4
10237,1663,1754.5
10238,2066,1825.4
10239,1616,1818.5
10240,1715,1840.0
10241,2056,1907.0
10242,1687,1860.5
10243,1800,1834.1
10244,2003,1851.0
10245,1723,1817.7
10246,2158,1848.7
10247,2158,1898.2
10248,2156,1907.2
10249,1554,1901.0
10250,2155,1945.0
10251,2153,1954.7
10252,2152,2001.2
10253,1810,2002.2
10254,1724,1974.3
10255,1406,1942.6
10256,1412,1868.0
10257,2315,1883.7
10258,2196,1887.7
10259,1855,1917.8
10260,1202,1822.5
10261,1386,1745.8
10262,1830,1713.6
10263,1781,1710.7
10264,1100,1648.3
10265,1613,1669.0
10266,1364,1664.2
10267,1261,1558.8
10268,1589,1498.1
10269,1238,1436.4
10270,1708,1487.0
10271,1706,1519.0
10272,788,1414.8
10273,1437,1380.4
10274,955,1365.9
10275,1411,1345.7
10276,1149,1324.2
10277,1523,1350.4
10278,1028,1294.3
10279,1366,1307.1
10280,1500,1286.3
10281,1130,1228.7
10282,1394,1289.3
10283,1998,1345.4
10284,1276,1377.5
10285,2026,1439.0
10286,2015,1525.6
10287,1527,1526.0
10288,2011,1624.3
10289,1512,1638.9
10290,2037,1692.6
10291,1432,1722.8
10292,2069,1790.3
10293,1144,1704.9
10294,1144,1691.7
10295,1022,1591.3
10296,1781,1567.9
10297,1601,1575.3
10298,1939,1568.1
10299,1500,1566.9
10300,1785,1541.7
10301,1777,1576.2
10302,1571,1526.4
10303,1571,1569.1
10304,1620,1616.7
10305,1648,1679.3
10306,1619,1663.1
10307,1647,1667.7
10308,1617,1635.5
10309,1626,1648.1
10310,1869,1656.5
10311,1500,1628.8
10312,1672,1638.9
10313,1561,1637.9
10314,1703,1646.2
10315,1328,1614.2
10316,1636,1615.9
10317,1500,1601.2
10318,801,1519.6
10319,1207,1477.7
10320,1403,1431.1
10321,1500,1431.1
10322,1484,1412.3
10323,1500,1406.2
10324,2206,1456.5
10325,2252,1548.9
10326,2259,1611.2
10327,2074,1668.6
10328,2247,1813.2
10329,2240,1916.5
10330,2111,1987.3
10331,2226,2059.9
10332,2127,2124.2
10333,2232,2197.4
10334,2225,2199.3
10335,2217,2195.8
10336,1123,2082.2
10337,1506,2025.4
10338,1408,1941.5
10339,1130,1830.5
10340,1158,1735.2
10341,1658,1678.4
10342,1669,1632.6
10343,1565,1565.9
10344,1422,1485.6
10345,1620,1425.9
10346,1846,1498.2
10347,1374,1485.0
10348,1527,1496.9
10349,1448,1528.7
10350,1154,1528.3
10351,1160,1478.5
10352,1433,1454.9
10353,1387,1437.1
10354,1496,1444.5
10355,1195,1402.0
10356,1510,1368.4
10357,1433,1374.3
10358,1436,1365.2
10359,1502,1370.6
10360,952,1350.4
10361,1408,1375.2
10362,1569,1388.8
10363,1366,1386.7
10364,1340,1371.1
10365,1199,1371.5
10366,1176,1338.1
10367,1412,1336.0
10368,1281,1320.5
10369,1359,1306.2
10370,1383,1349.3
10371,1134,1321.9
10372,1412,1306.2
10373,1211,1290.7
10374,1434,1300.1
10375,1410,1321.2
10376,1443,1347.9
10377,1393,1346.0
10378,1225,1340.4
10379,1061,1310.6
10380,1678,1340.1
10381,1615,1388.2
10382,1728,1419.8
10383,1568,1455.5
10384,1273,1439.4
10385,1580,1456.4
10386,1711,1483.2
10387,1631,1507.0
10388,1480,1532.5
10389,1403,1566.7
10390,1552,1554.1
10391,1500,1542.6
10392,1500,1519.8
10393,1419,1504.9
10394,1500,1527.6
10395,1500,1519.6
10396,1506,1499.1
10397,1501,1486.1
10398,1677,1505.8
10399,1627,1528.2
10400,1515,1524.5
10401,1494,1523.9
10402,1690,1542.9
10403,1784,1579.4
10404,1363,1565.7
10405,1703,1586.0
10406,1352,1570.6
10407,1395,1560.0
10408,1349,1527.2
10409,1399,1504.4
10410,1183,1471.2
10411,1405,1462.3
10412,1377,1431.0
10413,1391,1391.7
10414,1453,1400.7
10415,1455,1375.9
10416,1466,1387.3
10417,1466,1394.4
10418,1445,1404.0
10419,1500,1414.1
10420,1415,1437.3
10421,1500,1446.8
10422,1466,1455.7
10423,1549,1471.5
10424,1466,1472.8
10425,1466,1473.9
10426,1500,1477.3
10427,1500,1480.7
10428,1251,1461.3
10429,1216,1432.9
10430,1580,1449.4
10431,1068,1406.2
10432,1068,1366.4
10433,1076,1319.1
10434,1076,1280.1
10435,807,1214.2
10436,1076,1171.8
10437,1011,1122.9
10438,1076,1105.4
10439,1500,1133.8
10440,1529,1128.7
10441,1671,1189.0
10442,1444,1226.6
10443,1121,1231.1
10444,1375,1261.0
10445,1501,1330.4
10446,1312,1354.0
10447,1410,1393.9
10448,1198,1406.1
10449,1500,1406.1
10450,1500,1403.2
10451,1209,1357.0
10452,1527,1365.3
10453,1188,1372.0
10454,1174,1351.9
10455,1500,1351.8
10456,1174,1338.0
10457,1500,1347.0
10458,1174,1344.6
10459,1500,1344.6
10460,1458,1340.4
10461,1613,1380.8
10462,2059,1434.0
10463,1500,1465.2
10464,1667,1514.5
10465,1348,1499.3
10466,1550,1536.9
10467,1588,1545.7
10468,1581,1586.4
10469,1571,1593.5
10470,1560,1603.7
10471,1571,1599.5
10472,1560,1549.6
10473,1526,1552.2
10474,1517,1537.2
10475,1520,1554.4
10476,1511,1550.5
10477,1501,1541.8
10478,1519,1535.6
10479,1513,1529.8
10480,1501,1523.9
10481,1486,1515.4
10482,1501,1509.5
10483,1519,1508.8
10484,1536,1510.7
10485,1533,1512.0
10486,1524,1513.3
10487,1515,1514.7
10488,1510,1513.8
10489,1498,1512.3
10490,1489,1511.1
10491,1361,1498.6
10492,1470,1495.5
10493,1481,1491.7
10494,1772,1515.3
10495,1475,1509.5
10496,1301,1487.2
10497,1213,1457.0
10498,1502,1456.2
10499,1522,1458.6
10500,1352,1444.9
10501,1392,1448.0
10502,1535,1454.5
10503,1338,1440.2
10504,2096,1472.6
10505,1920,1517.1
10506,2004,1587.4
10507,2084,1674.5
10508,2074,1731.7
10509,1788,1758.3
10510,2060,1829.1
10511,1819,1871.8
10512,2047,1923.0
10513,2136,2002.8
10514,2081,2001.3
10515,2063,2015.6
10516,2048,2020.0
10517,1804,1992.0
10518,2051,1989.7
10519,2057,2016.6
10520,1922,2002.8
10521,2063,2027.2
10522,2003,2022.8
10523,1996,2008.8
10524,1804,1981.1
10525,1834,1958.2
10526,1867,1940.1
10527,1653,1925.0
10528,1663,1886.2
10529,1692,1849.7
10530,1709,1828.4
10531,1631,1785.2
10532,1708,1755.7
10533,1724,1728.5
10534,1723,1720.4
10535,1642,1701.2
10536,1689,1683.4
10537,1763,1694.4
10538,1693,1697.4
10539,1664,1694.6
10540,1500,1673.7
10541,1704,1681.0
10542,1680,1678.2
10543,1757,1681.5
10544,1666,1675.8
10545,1663,1677.9
10546,1651,1674.1
10547,1654,1663.2
10548,1680,1661.9
10549,1610,1656.5
10550,1754,1681.9
10551,1713,1682.8
10552,1795,1694.3
10553,1658,1684.4
10554,1721,1689.9
10555,1557,1679.3
10556,1423,1656.5
10557,1566,1647.7
10558,1432,1622.9
10559,1656,1627.5
10560,1557,1607.8
10561,1686,1605.1
10562,1606,1586.2
10563,1519,1572.3
10564,1619,1562.1
10565,1610,1567.4
10566,1612,1586.3
10567,1633,1593.0
10568,1595,1609.3
10569,1696,1613.3
10570,1743,1631.9
10571,1630,1626.3
10572,1609,1626.6
10573,1508,1625.5
10574,1573,1620.9
10575,1459,1605.8
10576,1061,1550.7
10577,1210,1508.4
10578,1812,1530.1
10579,1628,1523.3
10580,1577,1506.7
10581,1638,1507.5
10582,1605,1507.1
10583,1705,1526.8
10584,1691,1538.6
10585,1253,1518.0
10586,1238,1535.7
10587,1806,1595.3
10588,1200,1534.1
10589,1258,1497.1
10590,1706,1510.0
10591,1782,1524.4
10592,1770,1540.9
10593,1387,1509.1
10594,1697,1509.7
10595,1687,1553.1
10596,1200,1549.3
10597,1624,1531.1
10598,1325,1543.6
10599,1677,1585.5
10600,1595,1574.4
10601,1292,1525.4
10602,1325,1480.9
10603,1033,1445.5
10604,1500,1425.8
10605,1521,1409.2
10606,1490,1438.2
10607,828,1358.6
10608,1245,1350.6
10609,1090,1291.9
10610,1576,1290.0
10611,838,1244.6
10612,1317,1243.8
10613,1500,1290.5
10614,1497,1290.2
10615,1500,1288.1
10616,1129,1252.0
10617,996,1268.8
10618,1233,1267.6
10619,1260,1284.6
10620,1300,1257.0
10621,1344,1307.6
10622,1350,1310.9
10623,1367,1297.6
10624,1526,1300.5
10625,1373,1287.8
10626,1365,1311.4
10627,1180,1329.8
10628,1310,1337.5
10629,1763,1387.8
10630,1582,1416.0
10631,1375,1419.1
10632,1300,1414.1
10633,1368,1414.2
10634,1484,1410.0
10635,1368,1409.5
10636,1720,1445.0
10637,1461,1473.1
10638,830,1425.1
10639,1459,1394.7
10640,1442,1380.7
10641,835,1326.7
10642,1376,1334.3
10643,842,1281.7
10644,1373,1270.6
10645,850,1218.8
10646,1369,1183.7
10647,858,1123.4
10648,1366,1177.0
10649,868,1117.9
10650,1362,1109.9
10651,878,1114.2
10652,1359,1112.5
10653,890,1117.3
10654,1355,1115.5
10655,904,1120.9
10656,1351,1119.1
10657,920,1125.3
10658,1346,1123.3
10659,940,1130.5
10660,1341,1128.4
10661,965,1137.1
10662,1335,1134.7
10663,981,1143.8
10664,1332,1141.5
10665,1025,1153.6
10666,1324,1150.9
10667,1106,1169.5
10668,1319,1166.8
10669,1197,1192.5
10670,1302,1188.6
10671,1420,1234.1
10672,1429,1243.5
10673,1384,1283.8
10674,1490,1299.6
10675,1370,1334.1
10676,1464,1348.1
10677,1506,1388.1
10678,1499,1406.1
10679,1487,1435.1
10680,1476,1452.5
10681,1467,1457.2
10682,1489,1463.2
10683,1510,1475.8
10684,1206,1447.4
10685,1487,1459.1
10686,1524,1465.1
10687,1519,1466.4
10688,1545,1471.0
10689,1538,1476.1
10690,1568,1485.3
10691,1563,1494.9
10692,1554,1501.4
10693,1559,1506.3
10694,1551,1540.8
10695,1558,1547.9
10696,1544,1549.9
10697,1535,1551.5
10698,1568,1553.8
10699,1583,1558.3
10700,1571,1558.6
10701,1565,1558.8
10702,1566,1560.0
10703,1558,1559.9
10704,1547,1559.5
10705,1560,1559.7
10706,1562,1561.5
10707,1487,1556.7
10708,1248,1524.7
10709,1310,1497.4
10710,1500,1490.3
10711,1689,1502.7
10712,1528,1498.9
10713,1447,1487.8
10714,1278,1460.9
10715,1403,1445.2
10716,1387,1427.7
10717,1344,1413.4
10718,1412,1429.8
10719,1403,1439.1
10720,1321,1421.2
10721,1368,1389.1
10722,1404,1376.7
10723,1408,1372.8
10724,1488,1393.8
10725,1404,1393.9
10726,1331,1388.3
10727,1447,1398.6
10728,1506,1408.0
10729,1451,1412.8
10730,1465,1427.2
10731,1198,1410.2
10732,1425,1412.3
10733,1435,1415.0
10734,1424,1408.6
10735,1432,1411.4
10736,1336,1411.9
10737,1444,1411.6
10738,1570,1418.0
10739,1511,1424.0
10740,1521,1429.6
10741,1377,1447.5
10742,1437,1448.7
10743,1427,1447.9
10744,1404,1445.9
10745,1610,1463.7
10746,1393,1469.4
10747,1389,1463.9
10748,1640,1470.9
10749,1404,1460.2
10750,1293,1437.4
10751,1268,1426.5
10752,1908,1473.6
10753,1364,1467.3
10754,1788,1505.7
10755,1245,1469.2
10756,1245,1454.4
10757,1148,1430.3
10758,1930,1459.3
10759,1913,1510.2
10760,1921,1573.0
10761,1152,1561.4
10762,1967,1567.3
10763,1619,1592.8
10764,1159,1529.9
10765,1146,1520.0
10766,1562,1551.7
10767,1195,1556.4
10768,1176,1481.0
10769,1099,1399.6
10770,1282,1335.7
10771,1274,1347.9
10772,1457,1296.9
10773,1510,1286.0
10774,1508,1320.9
10775,1283,1334.6
10776,1257,1304.1
10777,1290,1313.6
10778,1885,1384.5
10779,1375,1412.1
10780,1331,1417.0
10781,1339,1423.5
10782,1377,1415.5
10783,1860,1450.5
10784,1661,1465.8
10785,1165,1454.0
10786,1670,1495.3
10787,1290,1495.3
10788,1442,1451.0
10789,1478,1461.3
10790,1759,1504.1
10791,1426,1512.8
10792,1409,1516.0
10793,1409,1470.9
10794,1423,1447.1
10795,1711,1501.7
10796,1626,1497.3
10797,1252,1493.5
10798,1423,1491.6
10799,1775,1521.3
10800,1431,1488.5
10801,1578,1503.7
10802,1507,1513.5
10803,1456,1518.2
10804,1402,1516.1
10805,1469,1491.9
10806,1449,1474.2
10807,1436,1492.6
10808,1787,1529.0
10809,1501,1501.6
10810,1439,1502.4
10811,1419,1486.5
10812,1435,1479.3
10813,1497,1483.4
10814,1531,1496.3
10815,1439,1493.3
10816,1567,1505.1
10817,1953,1556.8
10818,1553,1533.4
10819,1462,1529.5
10820,1526,1538.2
10821,1431,1539.4
10822,1435,1539.4
10823,1583,1548.0
10824,1694,1564.3
10825,1420,1562.4
10826,1436,1549.3
10827,1428,1496.8
10828,1726,1514.1
10829,1627,1530.6
10830,1889,1566.9
10831,1427,1566.5
10832,842,1507.2
10833,1076,1456.5
10834,966,1383.7
10835,1017,1343.4
10836,869,1286.7
10837,1028,1246.7
10838,869,1161.0
10839,1028,1101.1
10840,1015,1013.7
10841,927,963.7
10842,1507,1030.2
10843,1665,1089.1
10844,1435,1136.0
10845,1397,1174.0
10846,1828,1269.9
10847,1303,1297.4
10848,1247,1335.2
10849,1311,1363.5
10850,1398,1401.8
10851,1348,1443.9
10852,1170,1410.2
10853,1381,1381.8
10854,1500,1388.3
10855,899,1338.5
10856,1224,1278.1
10857,1207,1268.5
10858,1359,1279.7
10859,1340,1282.6
10860,1207,1263.5
10861,1082,1236.9
10862,1429,1262.8
10863,1177,1242.4
10864,1231,1215.5
10865,1173,1242.9
10866,1235,1244.0
10867,1253,1248.6
10868,1044,1217.1
10869,1391,1222.2
10870,1231,1224.6
10871,1305,1246.9
10872,1415,1245.5
10873,1401,1267.9
10874,1399,1284.7
10875,1400,1307.4
10876,1232,1307.1
10877,1215,1303.3
10878,1320,1330.9
10879,1364,1328.2
10880,1197,1324.8
10881,1197,1314.0
10882,1171,1289.6
10883,1185,1268.0
10884,1170,1245.1
10885,1155,1220.6
10886,1500,1247.4
10887,1607,1286.6
10888,1739,1328.5
10889,1487,1340.8
10890,1496,1370.7
10891,1622,1413.2
10892,1500,1446.1
10893,1502,1477.8
10894,1375,1498.3
10895,1500,1532.8
10896,1197,1502.5
10897,1500,1491.8
10898,1565,1474.4
10899,1320,1457.7
10900,1525,1460.6
10901,1497,1448.1
10902,1259,1424.0
10903,1665,1440.3
10904,1390,1441.8
10905,1329,1424.7
10906,1005,1405.5
10907,1308,1386.3
10908,1286,1358.4
10909,1260,1352.4
10910,1327,1332.6
10911,1299,1312.8
10912,1314,1318.3
10913,1211,1272.9
10914,1576,1291.5
10915,2003,1358.9
10916,1359,1394.3
10917,1219,1385.4
10918,1303,1387.1
10919,1381,1399.2
10920,1373,1403.8
10921,1306,1404.5
10922,1312,1404.3
10923,1282,1411.4
10924,1466,1400.4
10925,1337,1333.8
10926,1668,1364.7
10927,1453,1388.1
10928,2117,1469.5
10929,1498,1481.2
10930,1500,1493.9
10931,1459,1509.2
10932,1449,1522.9
10933,1472,1541.9
10934,1481,1543.4
10935,1472,1556.9
10936,1483,1538.4
10937,1401,1533.2
10938,1456,1467.1
10939,1548,1472.1
10940,1486,1470.7
10941,1401,1464.9
10942,1532,1473.2
10943,1456,1471.6
10944,1445,1468.0
10945,1509,1471.7
10946,1442,1467.6
10947,1440,1471.5
10948,1500,1475.9
10949,1464,1467.5
10950,1475,1466.4
10951,1457,1472.0
10952,1478,1466.6
10953,1507,1471.7
10954,1540,1481.2
10955,1499,1480.2
10956,1509,1486.9
10957,1487,1491.6
10958,1477,1489.3
10959,1402,1483.1
10960,1498,1485.4
10961,1505,1490.2
10962,1510,1493.4
10963,1502,1492.9
10964,1455,1484.4
10965,1507,1485.2
10966,1434,1477.7
10967,1475,1476.5
10968,1487,1477.5
10969,1500,1487.3
10970,1478,1485.3
10971,1504,1485.2
10972,1457,1479.9
10973,1462,1475.9
10974,1480,1478.4
10975,1391,1466.8
10976,1462,1469.6
10977,1551,1477.2
10978,1057,1434.2
10979,1577,1441.9
10980,1272,1421.3
10981,1337,1404.6
10982,1500,1408.9
10983,1500,1412.7
10984,1277,1392.4
10985,1896,1442.9
10986,1481,1444.8
10987,1426,1432.3
10988,1512,1477.8
10989,1503,1470.4
10990,1629,1506.1
10991,1506,1523.0
10992,1524,1525.4
10993,1760,1551.4
10994,1534,1577.1
10995,1533,1540.8
10996,1547,1547.4
10997,1537,1558.5
10998,1564,1563.7
10999,1548,1568.2
11000,1563,1561.6
11001,1551,1566.1
11002,1549,1568.6
11003,1536,1546.2
11004,1518,1544.6
11005,1500,1541.3
11006,1514,1538.0
11007,1260,1510.3
11008,1389,1492.8
11009,1509,1488.9
11010,1520,1484.6
11011,1509,1480.4
11012,1506,1476.1
11013,1502,1472.7
11014,1509,1471.8
11015,1500,1471.8
11016,1512,1471.6
11017,1489,1494.5
11018,1496,1505.2
11019,1507,1505.0
11020,1517,1504.7
11021,1524,1506.2
11022,1515,1507.1
11023,1508,1507.7
11024,1522,1509.0
11025,1523,1511.3
11026,1536,1513.7
11027,1542,1519.0
11028,1524,1521.8
11029,1521,1523.2
11030,1540,1525.5
11031,1549,1528.0
11032,1976,1574.1
11033,1768,1600.1
11034,1500,1597.9
11035,1398,1585.4
11036,1500,1581.8
11037,1400,1567.6
11038,1452,1560.4
11039,1458,1554.1
11040,1906,1590.7
11041,1897,1625.5
11042,1500,1577.9
11043,1456,1546.7
11044,1231,1519.8
11045,1777,1557.7
11046,1944,1602.1
11047,1777,1639.8
11048,1726,1667.2
11049,1151,1636.5
11050,1381,1584.0
11051,1646,1558.9
11052,1500,1558.9
11053,1972,1610.5
11054,1603,1647.7
11055,1647,1634.7
11056,1798,1620.1
11057,1617,1604.1
11058,1383,1569.8
11059,1567,1611.4
11060,1754,1648.7
11061,1809,1665.0
11062,1576,1672.6
11063,1437,1619.1
11064,1652,1624.0
11065,1566,1615.9
11066,1604,1596.5
11067,1532,1588.0
11068,1735,1623.2
11069,1508,1617.3
11070,1645,1606.4
11071,2222,1647.7
11072,1666,1656.7
11073,1597,1672.7
11074,1582,1665.7
11075,1537,1662.8
11076,1704,1672.8
11077,1612,1680.8
11078,1692,1676.5
11079,1650,1690.7
11080,1816,1707.8
11081,1617,1647.3
11082,1563,1637.0
11083,1492,1626.5
11084,1589,1627.2
11085,1717,1645.2
11086,1372,1612.0
11087,1566,1607.4
11088,1375,1575.7
11089,1500,1560.7
11090,1558,1534.9
11091,1666,1539.8
11092,1594,1542.9
11093,1614,1555.1
11094,1535,1549.7
11095,1645,1542.5
11096,1696,1574.9
11097,1486,1566.9
11098,1557,1585.1
11099,1577,1592.8
11100,1570,1594.0
11101,1578,1585.2
11102,1484,1574.2
11103,2179,1630.7
11104,1698,1647.0
11105,1870,1669.5
11106,1502,1650.1
11107,1432,1644.7
11108,1500,1639.0
11109,1396,1620.9
11110,1607,1624.6
11111,1530,1619.8
11112,1306,1602.0
11113,1626,1546.7
11114,1500,1526.9
11115,1584,1498.3
11116,1500,1498.1
11117,1229,1477.8
11118,1500,1477.8
11119,1434,1481.6
11120,1533,1474.2
11121,1678,1489.0
11122,1550,1513.4
11123,1169,1467.7
11124,1500,1467.7
11125,1302,1439.5
11126,1598,1449.3
11127,1500,1476.4
11128,1280,1454.4
11129,1500,1461.0
11130,1673,1475.0
11131,1356,1442.8
11132,1349,1422.7
11133,1148,1420.6
11134,1500,1420.6
11135,1138,1404.2
11136,1144,1358.8
11137,1146,1323.4
11138,1491,1344.5
11139,1453,1339.8
11140,1161,1288.6
11141,1854,1338.4
11142,1357,1339.2
11143,1620,1386.4
11144,1164,1352.8
11145,1168,1355.8
11146,1573,1398.7
11147,1242,1408.3
11148,1196,1378.8
11149,1199,1353.4
11150,1201,1357.4
11151,969,1268.9
11152,1178,1251.0
11153,1468,1235.8
11154,1191,1238.5
11155,1294,1251.1
11156,1252,1219.0
11157,1378,1232.6
11158,1431,1256.1
11159,1203,1256.5
11160,1236,1260.0
11161,1024,1265.5
11162,1160,1263.7
11163,1278,1244.7
11164,1148,1240.4
11165,1327,1243.7
11166,1632,1281.7
11167,1414,1285.3
11168,1347,1276.9
11169,957,1252.3
11170,1300,1258.7
11171,1116,1267.9
11172,1569,1308.8
11173,1111,1292.1
11174,1312,1308.5
11175,1567,1332.5
11176,1905,1359.8
11177,1852,1403.6
11178,1888,1457.7
11179,1879,1549.9
11180,1921,1612.0
11181,1881,1688.5
11182,1823,1713.9
11183,1891,1791.9
11184,1895,1850.2
11185,1879,1881.4
11186,1882,1879.1
11187,1896,1883.5
11188,2072,1901.9
11189,1788,1892.8
11190,1856,1886.3
11191,1756,1873.8
11192,1839,1875.4
11193,1812,1867.5
11194,1841,1862.1
11195,1833,1857.5
11196,2069,1876.2
11197,1953,1881.9
11198,1838,1858.5
11199,1976,1877.3
11200,1835,1875.2
11201,1826,1882.2
11202,1835,1881.8
11203,2121,1912.7
11204,1752,1903.8
11205,1816,1902.1
11206,1837,1878.9
11207,1844,1868.0
11208,1926,1876.8
11209,1791,1858.3
11210,2093,1884.1
11211,1619,1863.4
11212,1497,1829.6
11213,2096,1827.1
11214,1920,1843.9
11215,2004,1862.7
11216,2084,1887.4
11217,2074,1910.4
11218,1788,1896.6
11219,2060,1923.5
11220,1819,1896.1
11221,2047,1938.9
11222,2136,2002.8
11223,2081,2001.3
11224,2063,2015.6
11225,2048,2020.0
11226,1804,1992.0
11227,2051,1989.7
11228,2057,2016.6
11229,1922,2002.8
11230,2063,2027.2
11231,2003,2022.8
11232,1996,2008.8
11233,1804,1981.1
11234,1834,1958.2
11235,1867,1940.1
11236,1653,1925.0
11237,1663,1886.2
11238,1692,1849.7
11239,1709,1828.4
11240,1631,1785.2
11241,1708,1755.7
11242,1724,1728.5
11243,1723,1720.4
11244,1642,1701.2
11245,1689,1683.4
11246,1763,1694.4
11247,1693,1697.4
11248,1664,1694.6
11249,1500,1673.7
11250,1704,1681.0
11251,1680,1678.2
11252,1757,1681.5
11253,1666,1675.8
11254,1663,1677.9
11255,1651,1674.1
11256,1654,1663.2
11257,1680,1661.9
11258,1610,1656.5
11259,1754,1681.9
11260,1713,1682.8
11261,1795,1694.3
11262,1658,1684.4
11263,1721,1689.9
11264,1557,1679.3
11265,1423,1656.5
11266,1566,1647.7
11267,1432,1622.9
11268,1656,1627.5
11269,1557,1607.8
11270,1686,1605.1
11271,1606,1586.2
11272,1519,1572.3
11273,1619,1562.1
11274,1610,1567.4
11275,1612,1586.3
11276,1633,1593.0
11277,1595,1609.3
11278,1696,1613.3
11279,1743,1631.9
11280,1630,1626.3
11281,1609,1626.6
11282,1508,1625.5
11283,1573,1620.9
11284,1459,1605.8
11285,1061,1550.7
11286,1210,1508.4
11287,1812,1530.1
11288,1628,1523.3
11289,1577,1506.7
11290,1638,1507.5
11291,1605,1507.1
11292,1705,1526.8
11293,1691,1538.6
11294,1253,1518.0
11295,1238,1535.7
11296,1806,1595.3
11297,1200,1534.1
11298,1258,1497.1
11299,1706,1510.0
11300,1782,1524.4
11301,1770,1540.9
11302,1387,1509.1
11303,1697,1509.7
11304,1687,1553.1
11305,1200,1549.3
11306,1624,1531.1
11307,1325,1543.6
11308,1677,1585.5
11309,1595,1574.4
11310,1292,1525.4
11311,1439,1492.3
11312,1523,1505.9
11313,1724,1508.6
11314,1687,1508.6
11315,1732,1561.8
11316,1746,1574.0
11317,1773,1618.8
11318,1624,1613.5
11319,1772,1631.2
11320,1783,1680.3
11321,1811,1717.5
11322,1733,1738.5
11323,1625,1728.6
11324,1460,1705.9
11325,1679,1700.6
11326,1500,1676.0
11327,1336,1632.3
11328,1295,1599.4
11329,1325,1554.7
11330,1302,1506.6
11331,1431,1468.6
11332,1333,1428.6
11333,1345,1400.6
11334,1444,1399.0
11335,1331,1364.2
11336,1387,1352.9
11337,1419,1361.2
11338,1263,1358.0
11339,1433,1368.8
11340,1372,1375.8
11341,1332,1365.9
11342,1309,1363.5
11343,2175,1446.5
11344,2208,1522.9
11345,2208,1610.6
11346,1348,1606.7
11347,2207,1685.5
11348,2206,1779.8
11349,1725,1809.0
11350,2201,1891.9
11351,2192,1977.9
11352,1902,2037.2
11353,1620,1981.7
11354,2189,1979.8
11355,2182,1977.2
11356,2188,2061.2
11357,1823,2022.8
11358,1909,1993.1
11359,1853,2005.9
11360,2121,1997.9
11361,1935,1972.2
11362,1916,1973.6
11363,1916,2003.2
11364,1931,1977.4
11365,1643,1923.5
11366,1801,1884.8
11367,1942,1896.7
11368,1957,1901.5
11369,1933,1909.5
11370,2016,1899.0
11371,1969,1902.4
11372,2168,1927.6
11373,1968,1932.8
11374,1961,1935.8
11375,1746,1946.1
11376,1878,1953.8
11377,2086,1968.2
11378,1992,1971.7
11379,1981,1976.5
11380,1880,1962.9
11381,1971,1963.1
11382,1452,1891.5
11383,1976,1892.3
11384,1970,1893.2
11385,2107,1929.3
11386,1981,1939.6
11387,1941,1925.1
11388,1953,1921.2
11389,2287,1951.8
11390,1929,1956.7
11391,1892,1948.8
11392,1898,1993.4
11393,1886,1984.4
11394,1768,1964.2
11395,1696,1923.1
11396,2160,1941.0
11397,1881,1935.0
11398,1888,1928.5
11399,1886,1888.4
11400,1777,1873.2
11401,1626,1846.6
11402,1844,1841.2
11403,1810,1833.6
11404,2277,1884.5
11405,1389,1853.8
11406,1678,1805.6
11407,1152,1732.7
11408,1303,1674.2
11409,1278,1613.4
11410,1595,1595.2
11411,1267,1559.3
11412,1332,1508.1
11413,1213,1448.4
11414,1277,1348.4
11415,1047,1314.2
11416,1393,1285.7
11417,1279,1298.4
11418,1268,1294.9
11419,1186,1285.7
11420,1283,1254.5
11421,1290,1256.8
11422,1331,1256.7
11423,1304,1265.8
11424,1305,1268.6
11425,1308,1294.7
11426,1296,1285.0
11427,968,1253.9
11428,1293,1256.4
11429,1500,1287.8
11430,1288,1288.3
11431,1289,1288.2
11432,1431,1298.2
11433,1806,1348.4
11434,1289,1346.8
11435,1431,1359.1
11436,1289,1358.4
11437,1289,1390.5
11438,1806,1441.8
11439,1289,1420.7
11440,1409,1432.8
11441,1280,1431.9
11442,1280,1416.8
11443,1211,1357.3
11444,1281,1356.5
11445,1893,1402.7
11446,1743,1448.1
11447,1990,1518.2
11448,1912,1528.8
11449,1947,1594.6
11450,1919,1645.6
11451,1681,1685.7
11452,1904,1748.1
11453,1903,1817.3
11454,1015,1790.7
11455,1818,1783.2
11456,1015,1710.4
11457,1779,1689.3
11458,1015,1599.6
11459,1682,1573.1
11460,2305,1611.7
11461,1015,1545.1
11462,972,1451.9
11463,928,1354.4
11464,884,1341.3
11465,1187,1278.2
11466,1450,1321.7
11467,784,1222.2
11468,827,1203.4
11469,1025,1137.7
11470,1027,1009.9
11471,837,992.1
11472,844,979.3
11473,844,970.9
11474,1500,1032.5
11475,844,998.2
11476,1454,998.6
11477,1500,1070.2
11478,856,1073.1
11479,889,1059.5
11480,833,1040.1
11481,955,1051.9
11482,1004,1067.9
11483,1042,1087.7
11484,1245,1062.2
11485,1121,1089.9
11486,1184,1062.9
11487,1253,1038.2
11488,1418,1094.4
11489,1405,1146.0
11490,1500,1212.7
11491,1508,1268.0
11492,1158,1283.4
11493,1158,1295.0
11494,1158,1286.3
11495,1158,1290.0
11496,1324,1304.0
11497,1158,1294.5
11498,1101,1262.8
11499,1159,1238.2
11500,1166,1204.8
11501,1227,1176.7
11502,1500,1210.9
11503,1157,1210.8
11504,1156,1210.6
11505,984,1193.2
11506,1141,1174.9
11507,1150,1174.1
11508,1127,1176.7
11509,1177,1178.5
11510,1155,1177.4
11511,1890,1243.7
11512,1905,1284.2
11513,1678,1336.3
11514,1702,1390.9
11515,1713,1463.8
11516,1703,1520.0
11517,1699,1574.9
11518,1702,1632.4
11519,1642,1678.9
11520,1695,1732.9
11521,1700,1713.9
11522,1716,1695.0
11523,1703,1697.5
11524,1740,1701.3
11525,1721,1702.1
11526,1692,1701.0
11527,1683,1699.4
11528,1639,1693.1
11529,1683,1697.2
11530,1647,1692.4
11531,1582,1680.6
11532,1680,1677.0
11533,1690,1675.7
11534,1744,1676.1
11535,1708,1674.8
11536,1702,1675.8
11537,1709,1678.4
11538,1768,1691.3
11539,1730,1696.0
11540,1746,1705.9
11541,1730,1720.7
11542,1704,1723.1
11543,1720,1726.1
11544,1709,1722.6
11545,1736,1725.4
11546,1696,1724.8
11547,1728,1726.7
11548,1694,1719.3
11549,1730,1719.3
11550,1714,1716.1
11551,1725,1715.6
11552,1735,1718.7
11553,2384,1785.1
11554,2212,1835.4
11555,2194,1881.2
11556,2162,1927.8
11557,2426,1997.6
11558,2196,2047.8
11559,2413,2116.1
11560,2247,2169.4
11561,1559,2152.8
11562,1357,2115.0
11563,1658,2042.4
11564,1658,1987.0
11565,1500,1917.6
11566,1978,1899.2
11567,1658,1822.4
11568,1705,1773.3
11569,1658,1697.8
11570,1500,1623.1
11571,1658,1633.0
11572,1403,1637.6
11573,1658,1637.6
11574,1658,1637.6
11575,1512,1638.8
11576,1715,1612.5
11577,1345,1581.2
11578,1500,1560.7
11579,1503,1545.2
11580,1875,1582.7
11581,1523,1569.2
11582,1774,1606.3
11583,1774,1617.9
11584,1507,1602.8
11585,2621,1713.7
11586,1770,1719.2
11587,1770,1761.7
11588,1770,1788.7
11589,1770,1815.4
11590,1250,1752.9
11591,1076,1708.2
11592,1770,1707.8
11593,1440,1674.4
11594,1500,1673.7
11595,1770,1588.6
11596,2273,1638.9
11597,2452,1707.1
11598,1500,1680.1
11599,1500,1653.1
11600,1500,1678.1
11601,2522,1822.7
11602,1500,1795.7
11603,2621,1913.8
11604,1500,1913.8
11605,1907,1927.5
11606,2438,1944.0
11607,1868,1885.6
11608,1876,1923.2
11609,1500,1923.2
11610,1500,1923.2
11611,1865,1857.5
11612,1685,1876.0
11613,1579,1771.8
11614,1637,1785.5
11615,1562,1751.0
11616,1703,1677.5
11617,2231,1713.8
11618,1949,1721.1
11619,1562,1727.3
11620,1562,1733.5
11621,2207,1767.7
11622,1562,1755.4
11623,2207,1818.2
11624,1562,1810.7
11625,2207,1875.2
11626,1562,1861.1
11627,2207,1858.7
11628,1562,1820.0
11629,2207,1884.5
11630,1562,1884.5
11631,1934,1857.2
11632,2210,1922.0
11633,1562,1857.5
11634,1708,1872.1
11635,1562,1807.6
11636,1562,1807.6
11637,1562,1743.1
11638,2210,1807.9
11639,1562,1743.4
11640,2210,1808.2
11641,1539,1768.7
11642,1562,1703.9
11643,2210,1768.7
11644,1562,1754.1
11645,2210,1818.9
11646,1710,1833.7
11647,1562,1833.7
11648,2291,1841.8
11649,1562,1841.8
11650,2291,1849.9
11651,1562,1852.2
11652,1634,1859.4
11653,1522,1790.6
11654,1495,1783.9
11655,1473,1710.2
11656,1484,1687.6
11657,1484,1679.8
11658,1408,1591.5
11659,1469,1582.2
11660,1486,1501.7
11661,1618,1507.3
11662,1500,1493.9
11663,1373,1479.0
11664,1509,1480.4
11665,1468,1479.9
11666,1479,1479.4
11667,1470,1478.0
11668,1478,1485.0
11669,1457,1483.8
11670,1480,1483.2
11671,1479,1469.3
11672,1487,1468.0
11673,1496,1480.3
11674,1500,1479.4
11675,1512,1483.8
11676,1571,1493.0
11677,1506,1496.6
11678,1504,1499.2
11679,1594,1512.9
11680,1540,1518.9
11681,1440,1515.0
11682,1655,1531.8
11683,1528,1535.0
11684,1528,1537.8
11685,1519,1538.5
11686,1550,1536.4
11687,1509,1536.7
11688,1561,1542.4
11689,1571,1540.1
11690,1561,1542.2
11691,1559,1554.1
11692,1560,1544.6
11693,1571,1548.9
11694,1552,1551.3
11695,1595,1558.9
11696,1603,1564.2
11697,1583,1571.6
11698,1594,1574.9
11699,1583,1576.1
11700,1500,1570.0
11701,1749,1589.0
11702,2119,1644.9
11703,1349,1622.7
11704,846,1552.1
11705,2147,1607.3
11706,2044,1651.4
11707,2192,1712.3
11708,2178,1770.7
11709,1928,1805.2
11710,2203,1875.5
11711,1833,1883.9
11712,1980,1870.0
11713,2147,1949.8
11714,2104,2075.6
11715,2029,2063.8
11716,2120,2071.4
11717,1706,2022.8
11718,1906,1995.6
11719,1833,1986.1
11720,1728,1938.6
11721,1500,1905.3
11722,2438,1951.1
11723,2411,1977.5
11724,1792,1946.3
11725,1731,1916.5
11726,1663,1870.8
11727,1671,1867.3
11728,1755,1852.2
11729,1671,1836.0
11730,1548,1818.0
11731,1353,1803.3
11732,1348,1694.3
11733,1755,1628.7
11734,1660,1615.5
11735,1755,1617.9
11736,1643,1615.9
11737,1630,1611.8
11738,1942,1630.5
11739,1633,1626.7
11740,1614,1633.3
11741,1788,1676.8
11742,1665,1708.5
11743,2621,1795.1
11744,1647,1793.8
11745,1649,1783.2
11746,1938,1812.7
11747,1264,1776.1
11748,1737,1755.6
11749,1715,1763.8
11750,1715,1773.9
11751,1263,1721.4
11752,1715,1726.4
11753,1715,1635.8
11754,2020,1673.1
11755,2148,1723.0
11756,2022,1731.4
11757,2014,1806.4
11758,2027,1835.4
11759,1875,1851.4
11760,2041,1884.0
11761,1741,1931.8
11762,2083,1968.6
11763,2082,2005.3
11764,1369,1940.2
11765,1243,1849.7
11766,2080,1855.5
11767,2087,1862.8
11768,2081,1868.2
11769,1906,1871.3
11770,2068,1874.0
11771,1966,1896.5
11772,1948,1883.0
11773,2104,1885.2
11774,1903,1938.6
11775,2016,2015.9
11776,2105,2018.4
11777,2108,2020.5
11778,2014,2013.8
11779,2115,2034.7
11780,2130,2040.9
11781,2000,2044.3
11782,2138,2063.3
11783,2234,2076.3
11784,2059,2091.9
11785,1982,2088.5
11786,2025,2080.5
11787,1988,2068.5
11788,1994,2066.5
11789,2250,2080.0
11790,2135,2080.5
11791,1833,2063.8
11792,2116,2061.6
11793,2002,2038.4
11794,2096,2042.1
11795,2097,2053.6
11796,2121,2063.2
11797,1659,2030.3
11798,2114,2042.3
11799,2113,2028.6
11800,1742,1989.3
11801,2101,2016.1
11802,2097,2014.2
11803,2049,2018.9
11804,1500,1959.3
11805,1233,1872.9
11806,1902,1851.0
11807,1474,1832.5
11808,1613,1782.4
11809,2621,1833.2
11810,1449,1803.9
11811,1619,1755.7
11812,1611,1707.1
11813,1510,1653.2
11814,1881,1691.3
11815,1602,1728.2
11816,1500,1688.0
11817,1606,1701.2
11818,1553,1695.2
11819,1620,1595.1
11820,2621,1712.3
11821,1610,1711.4
11822,1644,1714.7
11823,1634,1727.1
11824,1635,1702.5
11825,1695,1711.8
11826,1553,1717.1
11827,1694,1725.9
11828,1699,1740.5
11829,1715,1750.0
11830,1611,1649.0
11831,1718,1659.8
11832,1713,1666.7
11833,1559,1659.2
11834,1355,1631.2
11835,1251,1586.8
11836,1500,1581.5
11837,1401,1552.2
11838,1500,1532.3
11839,1827,1543.5
11840,1944,1576.8
11841,1828,1587.8
11842,1917,1608.2
11843,1840,1636.3
11844,1872,1688.0
11845,1836,1746.5
11846,1934,1789.9
11847,1855,1835.3
11848,1843,1869.6
11849,1832,1870.1
11850,1896,1865.3
11851,1817,1864.2
11852,1825,1855.0
11853,1904,1861.4
11854,1838,1858.0
11855,1892,1863.6
11856,1817,1851.9
11857,1985,1864.9
11858,1902,1870.8
11859,1840,1871.6
11860,1830,1865.0
11861,1820,1865.3
11862,1819,1864.7
11863,1821,1856.4
11864,1787,1851.3
11865,1781,1840.2
11866,1810,1839.5
11867,1763,1817.3
11868,1748,1801.9
11869,1748,1792.7
11870,1748,1784.5
11871,1732,1775.7
11872,1712,1765.0
11873,1746,1757.5
11874,1705,1749.3
11875,1817,1752.9
11876,1652,1737.1
11877,1561,1716.9
11878,1594,1701.5
11879,1562,1682.9
11880,1729,1681.0
11881,1699,1677.7
11882,1777,1684.2
11883,1500,1659.6
11884,2169,1706.0
11885,2166,1740.9
11886,2150,1790.7
11887,2156,1850.2
11888,2125,1903.3
11889,2211,1968.2
11890,2106,2005.9
11891,2113,2047.3
11892,2100,2079.6
11893,2095,2139.1
11894,1982,2120.4
11895,1868,2090.6
11896,2077,2083.3
11897,1573,2025.0
11898,1458,1958.3
11899,1357,1872.9
11900,1500,1812.3
11901,1918,1792.8
11902,1874,1770.2
11903,1990,1759.7
11904,1841,1745.6
11905,2465,1805.3
11906,2079,1805.5
11907,1990,1847.2
11908,2125,1913.9
11909,2163,1994.5
11910,2240,2068.5
11911,2111,2087.8
11912,2082,2108.6
11913,2049,2114.5
11914,1738,2104.2
11915,1500,2007.7
11916,1500,1949.8
11917,1500,1900.8
11918,1564,1844.7
11919,1569,1785.3
11920,1539,1715.2
11921,1693,1673.4
11922,1679,1633.1
11923,1799,1608.1
11924,1636,1597.9
11925,1686,1616.5
11926,1713,1637.8
11927,1707,1658.5
11928,1288,1630.9
11929,1674,1641.4
11930,2340,1721.5
11931,1874,1739.6
11932,1901,1761.8
11933,2065,1788.4
11934,1852,1810.0
11935,1852,1826.6
11936,1758,1831.1
11937,1572,1817.6
11938,1672,1856.0
11939,1661,1854.7
11940,1500,1770.7
11941,1160,1699.3
11942,1174,1626.6
11943,1154,1535.5
11944,2344,1584.7
11945,2150,1614.5
11946,2401,1678.8
11947,2150,1736.6
11948,1500,1719.4
11949,2447,1798.0
11950,2621,1910.1
11951,1500,1944.1
11952,2216,2048.3
11953,2216,2154.5
11954,2621,2182.2
11955,2406,2207.8
11956,2398,2207.5
11957,1384,2130.9
11958,2139,2194.8
11959,2621,2212.2
11960,2046,2154.7
11961,1594,2164.1
11962,1475,2090.0
11963,1577,2026.1
11964,2403,2004.3
11965,2454,2009.1
11966,1586,1927.9
11967,1639,1953.4
11968,1598,1899.3
11969,2061,1843.3
11970,1612,1799.9
11971,1698,1810.3
11972,1619,1824.7
11973,1599,1826.9
11974,1608,1747.4
11975,2145,1716.5
11976,2039,1761.8
11977,2092,1807.1
11978,2109,1858.2
11979,1866,1838.7
11980,2117,1889.2
11981,2113,1930.7
11982,2104,1979.2
11983,1988,2018.1
11984,1872,2044.5
11985,2083,2038.3
11986,1775,2011.9
11987,2077,2010.4
11988,1628,1962.3
11989,2244,2000.1
11990,2080,1996.4
11991,2100,1995.1
11992,1702,1954.9
11993,2111,1967.2
11994,1746,1954.6
11995,1527,1899.0
11996,2126,1934.1
11997,1917,1918.1
11998,1687,1924.0
11999,1170,1816.6
12000,1261,1734.7
12001,1100,1634.7
12002,1590,1623.5
12003,1100,1522.4
12004,1302,1478.0
12005,1234,1448.7
12006,1522,1388.3
12007,1542,1350.8
12008,1340,1316.1
12009,1334,1332.5
12010,1314,1337.8
12011,1566,1384.4
12012,1324,1357.8
12013,1554,1403.2
12014,1548,1427.8
12015,1341,1438.5
12016,1258,1412.1
12017,1347,1392.6
12018,1554,1414.0
12019,1552,1435.8
12020,1196,1424.0
12021,1545,1421.9
12022,1202,1409.7
12023,1540,1408.3
12024,1351,1388.6
12025,2166,1471.1
12026,2308,1576.1
12027,2180,1659.4
12028,2403,1744.3
12029,1968,1785.9
12030,1637,1830.0
12031,1630,1838.5
12032,1643,1882.6
12033,1590,1887.6
12034,1671,1919.6
12035,1658,1868.8
12036,1670,1805.0
12037,1145,1701.5
12038,1655,1626.7
12039,1659,1595.8
12040,1650,1597.1
12041,1579,1592.0
12042,1649,1592.6
12043,1791,1612.7
12044,1569,1602.5
12045,1613,1598.0
12046,1523,1583.3
12047,1792,1648.0
12048,1600,1642.5
12049,1589,1635.5
12050,1593,1629.8
12051,1587,1630.6
12052,1592,1624.9
12053,1185,1564.3
12054,1153,1522.7
12055,1196,1481.0
12056,1186,1447.3
12057,1459,1414.0
12058,1146,1368.6
12059,1332,1342.9
12060,1160,1299.6
12061,1024,1243.3
12062,1160,1200.1
12063,1166,1198.2
12064,1473,1230.2
12065,1191,1229.7
12066,1146,1225.7
12067,1081,1187.9
12068,1151,1188.4
12069,1133,1168.5
12070,952,1147.7
12071,1194,1164.7
12072,1227,1171.4
12073,1217,1176.5
12074,1228,1152.0
12075,1244,1157.3
12076,1229,1165.6
12077,1334,1190.9
12078,1269,1202.7
12079,1393,1228.7
12080,1214,1254.9
12081,1214,1256.9
12082,1793,1313.5
12083,1224,1314.2
12084,1226,1314.0
12085,2191,1408.7
12086,1139,1399.7
12087,1503,1416.6
12088,1156,1405.3
12089,1136,1379.6
12090,1212,1379.4
12091,1353,1393.3
12092,1237,1337.7
12093,1285,1343.8
12094,1220,1343.2
12095,1313,1255.4
12096,1197,1261.2
12097,1323,1243.2
12098,1500,1277.6
12099,1913,1355.3
12100,1147,1348.8
12101,1670,1380.5
12102,1670,1423.8
12103,1730,1468.3
12104,1662,1512.5
12105,1440,1525.2
12106,1655,1571.0
12107,1636,1602.3
12108,1366,1588.9
12109,1656,1563.2
12110,1549,1603.4
12111,1641,1600.5
12112,1428,1576.3
12113,1632,1566.5
12114,1643,1564.6
12115,1582,1578.8
12116,1651,1578.4
12117,1646,1579.4
12118,1632,1606.0
12119,1653,1605.7
12120,1638,1614.6
12121,1610,1611.5
12122,1616,1630.3
12123,1607,1627.8
12124,1616,1625.1
12125,1491,1616.0
12126,1573,1608.2
12127,1462,1589.8
12128,1638,1590.4
12129,1178,1542.9
12130,1649,1544.0
12131,1639,1546.9
12132,1630,1548.3
12133,1477,1535.3
12134,1601,1533.8
12135,2135,1598.2
12136,1584,1599.3
12137,1844,1637.5
12138,1579,1631.6
12139,1446,1658.4
12140,1881,1681.6
12141,2011,1718.8
12142,1875,1743.3
12143,1924,1788.0
12144,2310,1858.9
12145,1875,1832.9
12146,1342,1808.7
12147,1495,1773.8
12148,1905,1806.4
12149,1804,1842.2
12150,1899,1844.0
12151,2005,1843.4
12152,1688,1824.7
12153,1899,1822.2
12154,2137,1804.9
12155,2449,1862.3
12156,1932,1921.3
12157,1908,1962.6
12158,1897,1961.8
12159,1524,1933.8
12160,2387,1982.6
12161,2387,2020.8
12162,1898,2041.8
12163,1907,2042.6
12164,1516,1980.5
12165,1977,1933.3
12166,1716,1911.7
12167,1963,1917.2
12168,1953,1922.8
12169,1753,1945.7
12170,1912,1898.2
12171,1925,1852.0
12172,1629,1825.1
12173,1917,1826.1
12174,1904,1864.9
12175,1573,1824.5
12176,1894,1842.3
12177,1911,1837.1
12178,1286,1770.4
12179,1898,1784.9
12180,1904,1784.1
12181,1929,1784.5
12182,1903,1811.9
12183,1919,1812.1
12184,1403,1762.0
12185,1736,1778.3
12186,1906,1779.5
12187,1434,1731.8
12188,1919,1795.1
12189,1594,1764.7
12190,1979,1772.2
12191,1947,1774.0
12192,2195,1803.2
12193,1937,1805.0
12194,1949,1859.6
12195,1948,1880.8
12196,1690,1859.2
12197,1969,1912.7
12198,1500,1870.8
12199,1430,1854.4
12200,1443,1800.8
12201,1454,1751.5
12202,1444,1676.4
12203,1387,1621.4
12204,1417,1568.2
12205,1436,1517.0
12206,1455,1493.5
12207,1318,1428.4
12208,1437,1422.1
12209,1448,1423.9
12210,1308,1410.4
12211,1500,1415.0
12212,2350,1505.6
12213,2217,1588.6
12214,1719,1618.8
12215,1689,1644.1
12216,1672,1665.8
12217,1695,1703.5
12218,1706,1730.4
12219,1687,1754.3
12220,1728,1796.3
12221,1648,1811.1
12222,1719,1748.0
12223,1648,1691.1
12224,1696,1688.8
12225,1732,1693.1
12226,1833,1709.2
12227,1433,1683.0
12228,1729,1685.3
12229,1722,1688.8
12230,1713,1687.3
12231,1605,1683.0
12232,1690,1680.1
12233,1622,1677.5
12234,1702,1678.1
12235,1568,1661.7
12236,1707,1649.1
12237,1453,1651.1
12238,1735,1651.7
12239,1744,1653.9
12240,1854,1668.0
12241,1705,1678.0
12242,1709,1679.9
12243,1694,1687.1
12244,1651,1682.0
12245,1706,1695.8
12246,1683,1693.4
12247,1707,1718.8
12248,1758,1721.1
12249,1713,1718.0
12250,1724,1705.0
12251,1730,1707.5
12252,1601,1696.7
12253,1615,1688.8
12254,1504,1674.1
12255,1516,1655.1
12256,1509,1637.7
12257,1325,1599.5
12258,1494,1573.1
12259,1506,1552.4
12260,1554,1535.4
12261,1488,1511.2
12262,1501,1501.2
12263,1473,1487.0
12264,1314,1468.0
12265,1655,1481.9
12266,1492,1480.2
12267,1447,1492.4
12268,1495,1492.5
12269,1503,1492.2
12270,1497,1486.5
12271,1555,1493.2
12272,1489,1492.0
12273,1469,1491.6
12274,1370,1497.2
12275,1502,1481.9
12276,1435,1476.2
12277,1506,1482.1
12278,1431,1475.7
12279,1511,1476.5
12280,1512,1478.0
12281,1507,1473.2
12282,2082,1532.5
12283,2069,1592.5
12284,2043,1659.8
12285,2063,1715.9
12286,1970,1769.4
12287,2077,1826.5
12288,1780,1861.4
12289,1793,1889.6
12290,2015,1939.9
12291,1793,1968.5
12292,2015,1961.8
12293,2524,2007.3
12294,1527,1955.7
12295,1527,1902.1
12296,1500,1855.1
12297,1533,1800.7
12298,1894,1812.1
12299,1545,1787.3
12300,1552,1741.0
12301,1923,1754.0
12302,1634,1715.9
12303,1773,1640.8
12304,1821,1670.2
12305,1512,1668.7
12306,1821,1700.8
12307,1832,1730.7
12308,1821,1723.4
12309,1832,1752.1
12310,1500,1746.9
12311,1821,1736.7
12312,1500,1723.3
12313,1877,1733.7
12314,1902,1741.8
12315,1830,1773.6
12316,1824,1773.9
12317,1548,1745.5
12318,1858,1749.2
12319,1891,1755.1
12320,1876,1792.7
12321,1867,1797.3
12322,1864,1833.7
12323,1922,1838.2
12324,1861,1834.1
12325,1527,1803.8
12326,1878,1809.2
12327,1878,1842.2
12328,1660,1822.4
12329,1707,1804.0
12330,1806,1797.0
12331,1864,1796.7
12332,1853,1795.6
12333,1882,1791.6
12334,1832,1788.7
12335,1704,1806.4
12336,1427,1761.3
12337,1354,1708.9
12338,1437,1686.6
12339,1411,1657.0
12340,1428,1619.2
12341,1383,1571.1
12342,1528,1538.6
12343,1543,1504.7
12344,1434,1464.9
12345,1526,1447.1
12346,1505,1454.9
12347,1895,1509.0
12348,1451,1510.4
12349,1460,1515.3
12350,1459,1518.4
12351,1447,1524.8
12352,1457,1517.7
12353,1467,1510.1
12354,1785,1545.2
12355,1487,1541.3
12356,1491,1539.9
12357,1482,1498.6
12358,1218,1475.3
12359,1528,1482.1
12360,1505,1486.7
12361,1500,1492.0
12362,1436,1489.9
12363,1499,1493.1
12364,1855,1500.1
12365,1502,1501.6
12366,1502,1502.7
12367,1502,1504.7
12368,1803,1563.2
12369,1697,1580.1
12370,1493,1578.9
12371,1130,1541.9
12372,994,1497.7
12373,1186,1466.4
12374,1071,1388.0
12375,1071,1344.9
12376,987,1293.4
12377,1928,1336.0
12378,1684,1324.1
12379,1609,1315.3
12380,1730,1339.0
12381,1762,1402.2
12382,1743,1477.1
12383,2268,1585.3
12384,1761,1654.3
12385,1820,1729.2
12386,1332,1763.7
12387,1820,1752.9
12388,2392,1823.7
12389,1560,1818.8
12390,1544,1800.2
12391,1798,1803.8
12392,1555,1785.0
12393,1568,1715.0
12394,1416,1680.5
12395,1796,1678.1
12396,1607,1705.6
12397,1748,1698.4
12398,1588,1618.0
12399,1576,1619.6
12400,1570,1622.2
12401,1570,1599.4
12402,1565,1600.4
12403,1470,1590.6
12404,1571,1606.1
12405,1950,1621.5
12406,1950,1655.8
12407,1950,1676.0
12408,1950,1712.2
12409,1950,1749.6
12410,1950,1787.6
12411,1950,1825.6
12412,1950,1864.1
12413,2036,1920.7
12414,1795,1943.1
12415,2023,1950.4
12416,1675,1922.9
12417,1990,1926.9
12418,1990,1930.9
12419,1990,1934.9
12420,1990,1938.9
12421,1990,1942.9
12422,1458,1893.7
12423,1967,1886.8
12424,1967,1904.0
12425,2102,1911.9
12426,1657,1910.1
12427,1541,1865.2
12428,2033,1869.5
12429,2033,1873.8
12430,2033,1878.1
12431,1502,1829.3
12432,1516,1835.1
12433,1637,1802.1
12434,1500,1755.4
12435,1544,1699.6
12436,2447,1778.6
12437,2522,1876.7
12438,2452,1918.6
12439,1802,1895.5
12440,1500,1842.2
12441,1500,1842.0
12442,1802,1870.6
12443,2485,1955.4
12444,2247,2030.1
12445,2426,2118.3
12446,2400,2113.6
12447,2404,2101.8
12448,2621,2118.7
12449,2035,2142.0
12450,2621,2254.1
12451,1802,2284.3
12452,1802,2284.3
12453,2236,2259.4
12454,1802,2214.9
12455,1802,2152.5
12456,2400,2152.5
12457,2400,2152.1
12458,1802,2070.2
12459,1802,2046.9
12460,2422,2027.0
12461,1802,2027.0
12462,1500,1996.8
12463,1802,1953.4
12464,1500,1923.2
12465,1500,1893.0
12466,2500,1903.0
12467,1802,1843.2
12468,2169,1879.9
12469,2153,1915.0
12470,2180,1890.8
12471,2132,1923.8
12472,2118,1985.6
12473,2167,2022.1
12474,2142,2086.3
12475,2116,2147.9
12476,2130,2110.9
12477,2107,2141.4
12478,1935,2118.0
12479,2069,2109.6
12480,2047,2096.3
12481,1694,2052.5
12482,2120,2052.7
12483,2030,2039.0
12484,2162,2041.0
12485,1985,2027.9
12486,2169,2031.8
12487,2020,2023.1
12488,1918,2021.4
12489,1868,2001.3
12490,1826,1979.2
12491,2034,2013.2
12492,1661,1967.3
12493,1982,1962.5
12494,1530,1899.3
12495,1836,1884.4
12496,1896,1857.1
12497,1886,1843.7
12498,1737,1825.6
12499,1910,1829.8
12500,1843,1831.5
12501,1683,1796.4
12502,1930,1823.3
12503,1912,1816.3
12504,1975,1860.8
12505,1918,1869.0
12506,1818,1861.2
12507,1944,1867.0
12508,1976,1890.9
12509,1963,1896.2
12510,1956,1907.5
12511,1953,1934.5
12512,1698,1911.3
12513,1917,1911.8
12514,1953,1909.6
12515,1941,1911.9
12516,1931,1923.2
12517,1847,1913.5
12518,1884,1904.3
12519,2079,1915.9
12520,1915,1911.8
12521,1914,1907.9
12522,1914,1929.5
12523,2014,1939.2
12524,1995,1943.4
12525,2060,1955.3
12526,2044,1966.6
12527,1897,1971.6
12528,2145,1997.7
12529,1898,1979.6
12530,2176,2005.7
12531,2156,2029.9
12532,1888,2027.3
12533,2129,2038.8
12534,1763,2015.6
12535,2149,2024.5
12536,2255,2045.6
12537,2181,2074.0
12538,1980,2057.5
12539,1762,2043.9
12540,2213,2047.6
12541,2182,2050.2
12542,1808,2042.2
12543,2171,2046.4
12544,1085,1978.6
12545,2087,1972.4
12546,2156,1962.5
12547,2033,1947.7
12548,2114,1961.1
12549,2203,2005.2
12550,1935,1977.4
12551,1971,1956.3
12552,2054,1980.9
12553,1652,1929.0
12554,1500,1970.5
12555,1776,1939.4
12556,1728,1896.6
12557,2036,1896.9
12558,1776,1863.1
12559,1776,1820.4
12560,1718,1798.7
12561,1718,1773.4
12562,1776,1745.6
12563,1697,1750.1
12564,1348,1734.9
12565,1262,1683.5
12566,1337,1644.4
12567,1348,1575.6
12568,1342,1532.2
12569,1799,1534.5
12570,1471,1509.8
12571,1523,1490.3
12572,1523,1465.0
12573,1533,1448.6
12574,1508,1464.6
12575,1786,1517.0
12576,1537,1537.0
12577,1527,1554.9
12578,1534,1574.1
12579,1545,1548.7
12580,1604,1562.0
12581,1562,1565.9
12582,1506,1564.2
12583,1547,1565.6
12584,1535,1568.3
12585,1525,1542.2
12586,1532,1541.7
12587,1538,1542.8
12588,1509,1540.3
12589,1546,1540.4
12590,1542,1534.2
12591,1499,1527.9
12592,1527,1530.0
12593,1517,1527.0
12594,1507,1524.2
12595,1519,1523.6
12596,1503,1520.7
12597,1539,1520.8
12598,1549,1524.8
12599,1520,1522.2
12600,1529,1520.9
12601,1564,1527.4
12602,1507,1525.4
12603,1567,1530.4
12604,1568,1536.5
12605,1578,1542.4
12606,1563,1548.4
12607,1559,1550.4
12608,1500,1545.5
12609,1362,1529.7
12610,1462,1523.0
12611,2621,1628.7
12612,2621,1740.1
12613,1715,1754.9
12614,2621,1860.2
12615,1715,1873.9
12616,1715,1889.1
12617,1826,1915.8
12618,1603,1926.1
12619,1590,1948.9
12620,1670,1969.7
12621,1612,1868.8
12622,1569,1763.6
12623,1580,1750.1
12624,1558,1643.8
12625,1647,1637.0
12626,1531,1618.6
12627,1542,1590.2
12628,1500,1579.9
12629,1890,1609.9
12630,2131,1656.0
12631,2116,1706.4
12632,1891,1738.6
12633,1697,1750.3
12634,1686,1763.1
12635,1542,1752.6
12636,1286,1728.1
12637,1672,1741.1
12638,1664,1757.5
12639,1592,1727.7
12640,1658,1680.4
12641,1702,1639.0
12642,1734,1623.3
12643,1693,1622.9
12644,1883,1642.6
12645,1719,1660.3
12646,1950,1726.7
12647,1864,1745.9
12648,2065,1786.0
12649,1976,1824.4
12650,1976,1856.2
12651,2035,1889.5
12652,1975,1913.6
12653,1463,1890.6
12654,1997,1902.0
12655,1950,1925.1
12656,2229,1953.0
12657,1468,1913.4
12658,1904,1897.3
12659,1509,1850.6
12660,1502,1803.2
12661,1913,1791.0
12662,1509,1744.4
12663,1369,1735.0
12664,1454,1680.7
12665,1427,1628.4
12666,1493,1554.8
12667,1427,1550.7
12668,1493,1509.6
12669,1493,1508.0
12670,1781,1535.9
12671,1781,1522.7
12672,1498,1521.6
12673,1461,1530.8
12674,1638,1549.2
12675,1488,1555.3
12676,1501,1556.1
12677,1547,1568.1
12678,1492,1568.0
12679,1500,1568.7
12680,2621,1652.7
12681,1384,1613.0
12682,1216,1584.8
12683,1426,1581.3
12684,1946,1612.1
12685,1765,1639.8
12686,1938,1683.5
12687,1985,1727.3
12688,1927,1770.8
12689,1924,1813.2
12690,1717,1722.8
12691,1910,1775.4
12692,1902,1844.0
12693,1663,1867.7
12694,1924,1865.5
12695,1350,1824.0
12696,1811,1811.3
12697,2128,1825.6
12698,1901,1823.0
12699,1776,1808.2
12700,1930,1829.5
12701,2106,1849.1
12702,1993,1858.2
12703,1500,1841.9
12704,1987,1848.2
12705,1835,1896.7
12706,1688,1884.4
12707,1646,1836.2
12708,1716,1817.7
12709,1709,1811.0
12710,1636,1781.6
12711,1692,1740.2
12712,1550,1695.9
12713,1675,1713.4
12714,1651,1679.8
12715,1641,1660.4
12716,1621,1653.7
12717,1566,1645.7
12718,1551,1629.2
12719,1569,1615.2
12720,1558,1607.4
12721,1731,1611.3
12722,1813,1637.6
12723,1559,1626.0
12724,1697,1630.6
12725,1777,1644.2
12726,1553,1637.4
12727,1648,1645.6
12728,1529,1643.4
12729,1572,1643.7
12730,1580,1645.9
12731,1534,1626.2
12732,1616,1606.5
12733,1511,1601.7
12734,1573,1589.3
12735,1500,1561.6
12736,1500,1556.3
12737,1853,1576.8
12738,1826,1606.5
12739,1921,1641.4
12740,1396,1623.0
12741,1691,1638.7
12742,1708,1647.9
12743,1559,1652.7
12744,1786,1674.0
12745,1774,1701.4
12746,1500,1701.4
12747,1431,1659.2
12748,1416,1618.2
12749,2401,1666.2
12750,2401,1766.7
12751,2361,1833.7
12752,2066,1869.5
12753,1720,1885.6
12754,1674,1874.4
12755,1587,1855.7
12756,1751,1880.8
12757,1684,1906.1
12758,1732,1937.7
12759,1762,1873.8
12760,1690,1802.7
12761,1749,1741.5
12762,1689,1703.8
12763,1689,1700.7
12764,1698,1703.1
12765,1664,1710.8
12766,1510,1686.7
12767,1500,1668.3
12768,1781,1673.2
12769,1426,1639.6
12770,1455,1616.1
12771,972,1538.4
12772,1927,1562.2
12773,2619,1655.2
12774,1814,1666.8
12775,1500,1650.4
12776,1500,1649.4
12777,1961,1695.5
12778,1500,1667.4
12779,1621,1686.9
12780,1500,1691.4
12781,1621,1756.3
12782,1500,1713.6
12783,1621,1613.8
12784,1621,1594.5
12785,1500,1594.5
12786,2156,1660.1
12787,1621,1626.1
12788,1500,1626.1
12789,1894,1653.4
12790,1621,1665.5
12791,1894,1692.8
12792,1621,1704.9
12793,1894,1732.2
12794,1621,1732.2
12795,1621,1744.3
12796,1621,1690.8
12797,1903,1719.0
12798,1621,1731.1
12799,1903,1732.0
12800,1621,1732.0
12801,1621,1704.7
12802,1903,1732.9
12803,1847,1728.2
12804,2040,1770.1
12805,1973,1805.3
12806,1800,1823.2
12807,1973,1830.2
12808,1973,1865.4
12809,1973,1872.4
12810,2010,1911.3
12811,1973,1946.5
12812,2091,1965.3
12813,1969,1977.5
12814,1953,1968.8
12815,1942,1965.7
12816,1942,1979.9
12817,1942,1976.8
12818,1929,1972.4
12819,1876,1962.7
12820,1700,1931.7
12821,1773,1911.7
12822,1925,1895.1
12823,1930,1891.2
12824,1864,1882.3
12825,1930,1881.1
12826,2109,1897.8
12827,1898,1893.4
12828,1527,1853.2
12829,1588,1824.4
12830,1500,1804.4
12831,1548,1781.9
12832,1527,1742.1
12833,1527,1701.8
12834,1527,1668.1
12835,1549,1630.0
12836,1500,1569.1
12837,2237,1603.0
12838,2001,1650.4
12839,1826,1674.2
12840,1696,1693.8
12841,1842,1723.2
12842,1816,1752.1
12843,1730,1772.4
12844,1942,1813.9
12845,1956,1854.6
12846,1866,1891.2
12847,1935,1861.0
12848,1952,1856.1
12849,1859,1859.4
12850,1778,1867.6
12851,1938,1877.2
12852,1778,1873.4
12853,1938,1894.2
12854,1774,1877.4
12855,1804,1862.2
12856,1954,1871.0
12857,1801,1857.6
12858,1947,1857.1
12859,1968,1868.0
12860,1970,1887.2
12861,2052,1898.6
12862,1946,1915.4
12863,1841,1905.7
12864,1927,1921.0
12865,1910,1931.6
12866,1928,1929.0
12867,1826,1931.5
12868,1882,1925.0
12869,1907,1918.9
12870,1899,1911.8
12871,1713,1877.9
12872,1713,1854.6
12873,1553,1825.8
12874,1680,1801.1
12875,1805,1790.6
12876,1525,1750.3
12877,1505,1718.2
12878,1408,1670.8
12879,1608,1640.9
12880,1500,1601.0
12881,2065,1636.2
12882,1928,1657.7
12883,1892,1691.6
12884,1936,1717.2
12885,1285,1665.2
12886,1933,1706.0
12887,1922,1747.7
12888,1911,1798.0
12889,1895,1826.7
12890,1889,1865.6
12891,2006,1859.7
12892,1876,1854.5
12893,1503,1815.6
12894,1856,1807.6
12895,1838,1862.9
12896,1505,1820.1
12897,1620,1789.9
12898,1999,1798.7
12899,1976,1806.8
12900,2000,1817.9
12901,1896,1806.9
12902,1983,1817.6
12903,1822,1849.5
12904,1986,1862.5
12905,1996,1878.3
12906,1990,1926.8
12907,2001,1964.9
12908,2017,1966.7
12909,2011,1970.2
12910,2000,1970.2
12911,1988,1979.4
12912,1930,1974.1
12913,1945,1986.4
12914,2020,1989.8
12915,1826,1972.8
12916,2032,1977.0
12917,1814,1958.3
12918,1983,1954.9
12919,2017,1955.5
12920,2029,1958.4
12921,2199,1979.5
12922,2035,1990.0
12923,1924,1987.9
12924,2021,1988.0
12925,1941,1999.5
12926,2002,1996.5
12927,1960,2011.1
12928,1925,2005.3
12929,1686,1972.2
12930,1888,1958.1
12931,1792,1917.4
12932,1787,1892.6
12933,1567,1856.9
12934,1776,1832.4
12935,1578,1796.1
12936,1789,1774.8
12937,1783,1757.1
12938,1811,1745.7
12939,1485,1725.6
12940,1570,1693.8
12941,1792,1693.8
12942,1787,1693.8
12943,1781,1715.2
12944,1776,1715.2
12945,1599,1717.3
12946,1763,1714.7
12947,1613,1697.7
12948,1749,1691.5
12949,1604,1703.4
12950,1775,1723.9
12951,1769,1721.6
12952,1761,1719.0
12953,1616,1702.5
12954,1771,1702.0
12955,1763,1718.4
12956,1639,1706.0
12957,1795,1724.2
12958,1811,1730.4
12959,1874,1757.4
12960,1838,1763.7
12961,1908,1777.6
12962,1838,1785.3
12963,1765,1800.2
12964,1817,1804.8
12965,1821,1810.6
12966,1788,1825.5
12967,1682,1814.2
12968,1792,1812.3
12969,1798,1804.7
12970,1693,1790.2
12971,2018,1801.2
12972,1701,1787.5
12973,1644,1775.4
12974,1800,1773.7
12975,1811,1772.7
12976,1525,1746.4
12977,1538,1732.0
12978,1585,1711.3
12979,1519,1683.4
12980,1549,1669.0
12981,1512,1618.4
12982,1528,1601.1
12983,1796,1616.3
12984,1486,1584.9
12985,1478,1551.6
12986,1473,1546.4
12987,1518,1544.4
12988,1445,1530.4
12989,1535,1532.0
12990,1641,1541.2
12991,1569,1546.9
12992,1489,1543.0
12993,1941,1557.5
12994,1485,1557.4
12995,1489,1558.5
12996,1806,1591.8
12997,1509,1590.9
12998,1496,1596.0
12999,991,1541.6
13000,1924,1569.9
13001,1498,1562.8
13002,1476,1561.5
13003,1489,1516.3
13004,1358,1503.6
13005,1470,1501.7
13006,1485,1469.6
13007,1802,1498.9
13008,1474,1496.7
13009,1562,1553.8
13010,2700,1631.4
13011,1494,1631.0
13012,1529,1636.3
13013,1529,1640.3
13014,1532,1657.7
13015,1532,1663.9
13016,1520,1667.4
13017,1500,1637.2
13018,1047,1594.5
13019,1226,1560.9
13020,911,1382.0
13021,1226,1355.2
13022,1073,1309.6
13023,1106,1267.3
13024,1213,1235.4
13025,1081,1190.3
13026,1221,1160.4
13027,1152,1125.6
13028,1164,1137.3
13029,1221,1136.8
13030,1111,1156.8
13031,1236,1157.8
13032,1023,1152.8
13033,1236,1165.8
13034,1253,1169.8
13035,1236,1185.3
13036,1231,1186.3
13037,1073,1178.4
13038,1311,1193.1
13039,1221,1193.1
13040,954,1177.4
13041,1096,1163.4
13042,1218,1182.9
13043,1225,1181.8
13044,1796,1236.1
13045,1946,1307.1
13046,1841,1368.1
13047,1677,1428.5
13048,1834,1480.8
13049,1844,1543.1
13050,2058,1653.5
13051,1863,1730.2
13052,1863,1794.7
13053,1880,1860.2
13054,1837,1864.3
13055,1882,1857.9
13056,1857,1859.5
13057,1846,1876.4
13058,1775,1870.5
13059,1188,1804.9
13060,1198,1718.9
13061,1198,1652.4
13062,1514,1617.5
13063,1402,1569.7
13064,1494,1535.4
13065,1371,1484.3
13066,1500,1448.6
13067,1371,1401.1
13068,1670,1390.6
13069,1500,1421.8
13070,1592,1461.2
13071,1540,1495.4
13072,1591,1503.1
13073,1576,1520.5
13074,1588,1529.9
13075,1764,1569.2
13076,1573,1576.5
13077,1398,1579.2
13078,1434,1555.6
13079,1565,1562.1
13080,1324,1535.3
13081,1583,1539.6
13082,1712,1551.7
13083,1520,1546.1
13084,1887,1576.0
13085,1296,1529.2
13086,1913,1563.2
13087,1908,1614.2
13088,1931,1663.9
13089,1952,1702.6
13090,1451,1715.3
13091,1855,1742.5
13092,2238,1795.1
13093,1962,1839.3
13094,1396,1790.2
13095,1237,1784.3
13096,1753,1768.3
13097,1699,1747.4
13098,1699,1724.2
13099,1500,1679.0
13100,1803,1714.2
13101,1559,1684.6
13102,1787,1639.5
13103,1598,1603.1
13104,1605,1624.0
13105,1614,1661.7
13106,1509,1637.3
13107,1474,1614.8
13108,1752,1620.1
13109,2068,1676.9
13110,2072,1703.8
13111,2089,1756.8
13112,2192,1797.3
13113,2263,1863.8
13114,2209,1924.2
13115,2085,1971.3
13116,2134,2033.8
13117,2026,2089.0
13118,1985,2112.3
13119,1940,2099.5
13120,2028,2095.1
13121,2153,2101.5
13122,1934,2075.7
13123,1917,2041.1
13124,1966,2016.8
13125,1809,1989.2
13126,1859,1961.7
13127,1783,1937.4
13128,1868,1925.7
13129,1634,1895.1
13130,1991,1891.4
13131,1500,1826.1
13132,1392,1771.9
13133,1392,1719.4
13134,1353,1658.1
13135,1102,1587.4
13136,1353,1536.8
13137,1510,1509.5
13138,1265,1449.2
13139,1434,1429.2
13140,1246,1354.7
13141,1347,1339.4
13142,1355,1335.7
13143,1359,1332.4
13144,1370,1334.1
13145,1351,1359.0
13146,1141,1337.8
13147,1363,1323.1
13148,1283,1324.9
13149,1347,1316.2
13150,1334,1325.0
13151,1348,1325.1
13152,1329,1322.5
13153,1295,1316.1
13154,1329,1312.0
13155,1285,1305.4
13156,1099,1301.2
13157,1275,1292.4
13158,1350,1299.1
13159,1383,1302.7
13160,1297,1299.0
13161,1273,1291.5
13162,1282,1286.8
13163,1231,1280.4
13164,1306,1278.1
13165,1195,1269.1
13166,1383,1297.5
13167,1296,1299.6
13168,1600,1324.6
13169,1282,1314.5
13170,1386,1323.4
13171,1264,1322.5
13172,1539,1348.2
13173,1528,1377.9
13174,1539,1401.2
13175,1506,1432.3
13176,1541,1448.1
13177,2158,1534.3
13178,2140,1588.3
13179,2158,1675.9
13180,2170,1754.3
13181,2170,1844.9
13182,1510,1842.0
13183,2170,1906.2
13184,2164,1968.7
13185,2155,2033.6
13186,2033,2082.8
13187,2161,2083.1
13188,2086,2077.7
13189,2145,2076.4
13190,2311,2090.5
13191,2210,2094.5
13192,1646,2108.1
13193,1636,2054.7
13194,1611,1999.4
13195,1646,1948.5
13196,1715,1916.7
13197,1650,1865.6
13198,1554,1812.4
13199,1763,1774.2
13200,1615,1704.6
13201,1582,1641.8
13202,1543,1631.5
13203,1605,1628.4
13204,1622,1629.5
13205,1546,1619.5
13206,1666,1614.6
13207,1655,1615.1
13208,1522,1611.9
13209,1443,1579.9
13210,1547,1573.1
13211,1657,1580.6
13212,1500,1576.3
13213,1444,1560.2
13214,1831,1581.1
13215,1476,1574.1
13216,1824,1589.9
13217,1527,1577.1
13218,1814,1606.3
13219,1834,1645.4
13220,1349,1625.6
13221,1830,1642.9
13222,1396,1632.5
13223,1824,1670.5
13224,1500,1637.4
13225,1743,1664.1
13226,1849,1666.6
13227,1737,1687.6
13228,1731,1679.3
13229,1628,1658.7
13230,1724,1696.2
13231,1632,1676.4
13232,1039,1640.7
13233,1055,1563.8
13234,1086,1522.4
13235,1091,1457.2
13236,1091,1381.4
13237,1091,1316.8
13238,1091,1252.8
13239,1091,1199.1
13240,1674,1194.1
13241,1907,1221.6
13242,1185,1236.2
13243,1193,1250.0
13244,1733,1314.7
13245,1236,1329.2
13246,2047,1424.8
13247,1264,1442.1
13248,1859,1518.9
13249,2305,1640.3
13250,2204,1693.3
13251,2132,1715.8
13252,2094,1806.7
13253,2445,1931.9
13254,2060,1964.6
13255,2243,2065.3
13256,1791,2039.7
13257,1083,2021.6
13258,1074,1943.1
13259,1085,1821.1
13260,1085,1709.2
13261,1002,1596.2
13262,1118,1498.6
13263,1102,1364.3
13264,1154,1273.7
13265,1273,1176.7
13266,1331,1130.7
13267,1500,1172.4
13268,1500,1215.0
13269,1500,1256.5
13270,1500,1298.0
13271,1200,1317.8
13272,1454,1351.4
13273,1339,1375.1
13274,1758,1435.5
13275,1696,1477.8
13276,1704,1515.1
13277,1402,1505.3
13278,1500,1505.3
13279,1700,1525.3
13280,1475,1522.8
13281,1478,1550.6
13282,1456,1550.8
13283,1442,1561.1
13284,1358,1521.1
13285,1433,1494.8
13286,1443,1468.7
13287,1308,1459.3
13288,1439,1453.2
13289,1396,1422.8
13290,1282,1403.5
13291,1570,1412.7
13292,1605,1427.6
13293,1546,1438.0
13294,1579,1460.1
13295,1523,1469.1
13296,1534,1478.2
13297,1539,1501.3
13298,1538,1511.2
13299,1529,1524.5
13300,1559,1552.2
13301,1549,1550.1
13302,1529,1542.5
13303,1553,1543.2
13304,1549,1540.2
13305,1553,1543.2
13306,1540,1543.8
13307,1618,1551.7
13308,1533,1551.2
13309,1538,1552.1
13310,2030,1599.2
13311,2030,1647.3
13312,1855,1679.9
13313,2030,1727.6
13314,2030,1775.7
13315,2030,1823.4
13316,2030,1872.4
13317,2030,1913.6
13318,2030,1963.3
13319,2030,2012.5
13320,1486,1958.1
13321,1417,1896.8
13322,1493,1860.6
13323,1349,1792.5
13324,1363,1725.8
13325,1491,1671.9
13326,1420,1610.9
13327,1490,1556.9
13328,1488,1502.7
13329,1339,1433.6
13330,1332,1418.2
13331,1500,1426.5
13332,1517,1428.9
13333,1524,1446.4
13334,1551,1465.2
13335,1548,1470.9
13336,2131,1542.0
13337,1426,1535.6
13338,1485,1535.3
13339,1401,1541.5
13340,1392,1547.5
13341,1603,1557.8
13342,1402,1546.3
13343,1116,1505.5
13344,1116,1462.0
13345,1116,1418.8
13346,1116,1317.3
13347,1402,1314.9
13348,1402,1306.6
13349,1737,1340.2
13350,1431,1344.1
13351,1455,1329.3
13352,1859,1375.0
13353,1501,1413.5
13354,1457,1447.6
13355,1419,1477.9
13356,1419,1508.2
13357,1433,1511.3
13358,1781,1549.2
13359,1473,1522.8
13360,1453,1525.0
13361,1509,1530.4
13362,1340,1478.5
13363,1400,1468.4
13364,1500,1472.7
13365,1412,1472.0
13366,1561,1486.2
13367,1468,1489.7
13368,1631,1474.7
13369,1630,1490.4
13370,1197,1464.8
13371,1243,1438.2
13372,1250,1429.2
13373,1500,1439.2
13374,1624,1451.6
13375,1537,1464.1
13376,1602,1468.2
13377,1595,1480.9
13378,1117,1429.5
13379,1290,1395.5
13380,1585,1434.3
13381,1348,1444.8
13382,1599,1479.7
13383,1433,1473.0
13384,1599,1470.5
13385,1315,1448.3
13386,1468,1434.9
13387,1584,1433.8
13388,1509,1473.0
13389,1311,1475.1
13390,1611,1477.7
13391,1299,1472.8
13392,1727,1485.6
13393,1586,1500.9
13394,1288,1469.8
13395,1559,1494.2
13396,1754,1522.8
13397,1515,1515.9
13398,1507,1515.7
13399,1515,1536.1
13400,1680,1543.0
13401,1525,1565.6
13402,1500,1542.9
13403,1577,1542.0
13404,1704,1583.6
13405,1704,1598.1
13406,1702,1592.9
13407,1702,1611.6
13408,1702,1631.1
13409,1702,1649.8
13410,1702,1652.0
13411,1702,1669.7
13412,1702,1689.9
13413,1702,1702.4
13414,1702,1702.2
13415,871,1618.9
13416,1698,1618.5
13417,1709,1619.2
13418,1709,1619.9
13419,1709,1620.6
13420,1384,1588.8
13421,1709,1589.5
13422,1384,1557.7
13423,1721,1559.6
13424,1524,1541.8
13425,1766,1631.3
13426,1518,1613.3
13427,1905,1632.9
13428,1871,1649.1
13429,1977,1675.9
13430,1971,1734.6
13431,1213,1685.0
13432,1184,1665.0
13433,1186,1611.5
13434,1569,1616.0
13435,1199,1559.3
13436,1288,1536.3
13437,1674,1513.2
13438,2186,1544.7
13439,2178,1564.8
13440,2382,1605.9
13441,2165,1701.1
13442,2165,1799.2
13443,2169,1897.5
13444,2141,1954.7
13445,2181,2052.9
13446,2150,2139.1
13447,2183,2190.0
13448,1499,2121.3
13449,1909,2094.4
13450,1853,2041.5
13451,2121,2037.1
13452,1935,2014.1
13453,1916,1988.8
13454,1916,1966.3
13455,1931,1941.3
13456,1643,1890.6
13457,1801,1852.4
13458,1942,1896.7
13459,1957,1901.5
13460,1933,1909.5
13461,2016,1899.0
13462,1969,1902.4
13463,2168,1927.6
13464,1968,1932.8
13465,1961,1935.8
13466,1746,1946.1
13467,1878,1953.8
13468,2086,1968.2
13469,1992,1971.7
13470,1981,1976.5
13471,1880,1962.9
13472,1971,1963.1
13473,1452,1891.5
13474,1976,1892.3
13475,1970,1893.2
13476,2107,1929.3
13477,1981,1939.6
13478,1941,1925.1
13479,1953,1921.2
13480,2287,1951.8
13481,1890,1952.8
13482,1516,1907.3
13483,1886,1950.7
13484,2312,1984.3
13485,1807,1968.0
13486,1872,1944.5
13487,1878,1934.2
13488,1910,1931.1
13489,1855,1921.3
13490,1838,1876.4
13491,1602,1847.6
13492,1673,1863.3
13493,1828,1857.5
13494,1500,1776.3
13495,1848,1780.4
13496,1815,1774.7
13497,2193,1806.2
13498,1777,1792.9
13499,1902,1797.6
13500,1899,1803.7
13501,1805,1824.0
13502,1903,1847.0
13503,1677,1831.9
13504,1900,1871.9
13505,1460,1833.1
13506,1426,1794.2
13507,1421,1717.0
13508,1417,1681.0
13509,1428,1633.6
13510,1415,1585.2
13511,1405,1545.2
13512,1383,1493.2
13513,1317,1457.2
13514,1375,1404.7
13515,1363,1395.0
13516,1392,1391.6
13517,2234,1472.9
13518,2232,1554.4
13519,1826,1594.2
13520,2052,1657.9
13521,2211,1738.5
13522,1814,1781.6
13523,2025,1852.4
13524,2193,1934.2
13525,1516,1949.5
13526,2189,2029.2
13527,1969,2002.7
13528,2023,1981.8
13529,2147,2013.9
13530,1657,1974.4
13531,2141,1967.4
13532,2140,2000.0
13533,1834,1980.9
13534,1529,1914.5
13535,2048,1967.7
13536,1792,1928.0
13537,2167,1947.8
13538,2161,1961.6
13539,1656,1912.5
13540,1541,1900.9
13541,2152,1902.0
13542,2159,1903.9
13543,2376,1958.1
13544,2151,2020.3
13545,2084,2023.9
13546,2032,2047.9
13547,2126,2043.8
13548,2120,2039.7
13549,1927,2066.8
13550,1814,2094.1
13551,2102,2089.1
13552,2101,2083.3
13553,1491,1994.8
13554,2187,1998.4
13555,2115,2001.5
13556,2393,2037.6
13557,2438,2068.8
13558,2438,2100.6
13559,2438,2151.7
13560,2438,2214.1
13561,2438,2247.7
13562,2438,2281.4
13563,2351,2367.4
13564,2230,2371.7
13565,1958,2356.0
13566,1834,2300.1
13567,1948,2251.1
13568,1962,2203.5
13569,1822,2141.9
13570,1993,2097.4
13571,2018,2055.4
13572,1641,1975.7
13573,2192,1959.8
13574,2067,1943.5
13575,1782,1925.9
13576,2034,1945.9
13577,1959,1947.0
13578,1922,1943.0
13579,1911,1951.9
13580,1787,1931.3
13581,1710,1900.5
13582,1519,1888.3
13583,1752,1844.3
13584,1519,1789.5
13585,1519,1763.2
13586,1519,1711.7
13587,1165,1632.3
13588,1800,1620.1
13589,1804,1609.4
13590,1777,1608.4
13591,1782,1615.6
13592,1961,1659.8
13593,1622,1646.8
13594,1727,1667.6
13595,1750,1690.7
13596,1698,1708.6
13597,1762,1768.3
13598,1336,1721.9
13599,1295,1671.0
13600,1325,1625.8
13601,1302,1577.8
13602,1431,1524.8
13603,1333,1495.9
13604,1345,1457.7
13605,1444,1427.1
13606,1331,1390.4
13607,1387,1352.9
13608,1419,1361.2
13609,1263,1358.0
13610,1433,1368.8
13611,1372,1375.8
13612,1332,1365.9
13613,1309,1363.5
13614,2068,1435.8
13615,2068,1498.2
13616,1818,1546.9
13617,2004,1608.6
13618,1937,1660.4
13619,1814,1715.5
13620,2068,1779.0
13621,1959,1837.7
13622,1936,1898.1
13623,1941,1961.3
13624,1950,1949.5
13625,1966,1939.3
13626,1783,1935.8
13627,2052,1940.6
13628,1931,1940.0
13629,1939,1952.5
13630,1998,1945.5
13631,1033,1852.9
13632,1038,1763.1
13633,1521,1721.1
13634,1014,1627.5
13635,1129,1543.8
13636,1029,1468.4
13637,908,1354.0
13638,1055,1266.4
13639,1024,1174.9
13640,1024,1077.5
13641,1037,1077.9
13642,1129,1087.0
13643,1061,1041.0
13644,1080,1047.6
13645,979,1032.6
13646,985,1028.2
13647,1011,1038.5
13648,1177,1050.7
13649,1073,1055.6
13650,1097,1062.9
13651,1256,1084.8
13652,1248,1096.7
13653,1149,1105.5
13654,2013,1198.8
13655,1405,1241.4
13656,1149,1257.8
13657,1855,1342.2
13658,1890,1413.5
13659,1890,1495.2
13660,1810,1566.5
13661,1727,1613.6
13662,1634,1652.2
13663,1500,1687.3
13664,1823,1668.3
13665,2015,1729.3
13666,2031,1817.5
13667,2030,1835.0
13668,1985,1844.5
13669,2214,1876.9
13670,2202,1916.1
13671,2211,1964.5
13672,2194,2020.5
13673,2131,2083.6
13674,1573,2058.6
13675,2170,2074.1
13676,2270,2098.0
13677,2289,2123.9
13678,2142,2139.6
13679,2008,2119.0
13680,2126,2111.4
13681,2136,2103.9
13682,1952,2079.7
13683,1940,2060.6
13684,1934,2096.7
13685,1994,2079.1
13686,1934,2045.5
13687,1784,1995.0
13688,1843,1965.1
13689,1906,1954.9
13690,1899,1932.2
13691,1335,1852.1
13692,1893,1846.2
13693,1887,1840.9
13694,1765,1824.0
13695,1715,1796.1
13696,1866,1789.3
13697,1646,1775.5
13698,1880,1779.2
13699,1856,1774.2
13700,1559,1740.2
13701,1849,1791.6
13702,1878,1790.1
13703,1955,1796.9
13704,1902,1810.6
13705,1629,1802.0
13706,1758,1791.2
13707,1886,1815.2
13708,1856,1812.8
13709,2060,1833.2
13710,1981,1875.4
13711,1924,1882.9
13712,1892,1884.3
13713,1859,1874.7
13714,1985,1883.0
13715,1959,1916.0
13716,2029,1943.1
13717,2058,1960.3
13718,1929,1967.6
13719,2076,1969.2
13720,2080,1979.1
13721,1944,1981.1
13722,1795,1971.4
13723,1729,1958.4
13724,1795,1939.4
13725,1770,1920.5
13726,1783,1895.9
13727,1884,1878.5
13728,1756,1861.2
13729,1724,1826.0
13730,2036,1821.6
13731,1706,1797.8
13732,1389,1757.2
13733,1678,1752.1
13734,1152,1687.8
13735,1303,1641.1
13736,1278,1590.6
13737,1595,1561.7
13738,1267,1512.8
13739,1332,1473.6
13740,1213,1391.3
13741,1277,1348.4
13742,1047,1314.2
13743,1393,1285.7
13744,1279,1298.4
13745,1268,1294.9
13746,1186,1285.7
13747,1283,1254.5
13748,1290,1256.8
13749,1331,1256.7
13750,1304,1265.8
13751,1305,1268.6
13752,1308,1294.7
13753,1296,1285.0
13754,968,1253.9
13755,1293,1256.4
13756,1500,1287.8
13757,1288,1288.3
13758,1289,1288.2
13759,1431,1298.2
13760,1806,1348.4
13761,1289,1346.8
13762,1431,1359.1
13763,1289,1358.4
13764,1289,1390.5
13765,1806,1441.8
13766,1289,1420.7
13767,1409,1432.8
13768,1280,1431.9
13769,1280,1416.8
13770,1211,1357.3
13771,1281,1356.5
13772,1813,1394.7
13773,1810,1446.8
13774,1798,1497.7
13775,1795,1496.6
13776,1809,1548.6
13777,1816,1589.3
13778,1803,1641.6
13779,1767,1690.3
13780,1759,1745.1
13781,1529,1769.9
13782,1819,1770.5
13783,1808,1770.3
13784,1819,1772.4
13785,1832,1776.1
13786,1878,1783.0
13787,1661,1767.5
13788,1703,1757.5
13789,1809,1761.7
13790,1823,1768.1
13791,1815,1796.7
13792,1797,1794.5
13793,1892,1802.9
13794,1777,1798.7
13795,1767,1792.2
13796,1767,1781.1
13797,1226,1737.6
13798,1228,1690.1
13799,1766,1685.8
13800,1219,1625.4
13801,1989,1642.8
13802,1776,1640.7
13803,1928,1644.3
13804,1770,1643.6
13805,1852,1652.1
13806,1789,1654.3
13807,1832,1714.9
13808,1973,1789.4
13809,1767,1789.5
13810,1755,1843.1
13811,1738,1818.0
13812,1824,1822.8
13813,1812,1811.2
13814,1715,1805.7
13815,1481,1768.6
13816,1750,1764.7
13817,1842,1765.7
13818,1709,1739.3
13819,2454,1808.0
13820,1848,1817.3
13821,1557,1799.2
13822,1536,1770.4
13823,1482,1737.4
13824,1500,1715.9
13825,1536,1721.4
13826,1536,1700.0
13827,1500,1665.8
13828,1536,1648.5
13829,1414,1544.5
13830,1536,1513.3
13831,1536,1511.2
13832,1401,1497.7
13833,1536,1503.1
13834,1536,1506.7
13835,1536,1506.7
13836,1500,1503.1
13837,1589,1512.0
13838,1536,1512.0
13839,1469,1517.5
13840,1536,1517.5
13841,1536,1517.5
13842,1536,1531.0
13843,1550,1532.4
13844,1536,1532.4
13845,1550,1533.8
13846,1536,1537.4
13847,1550,1533.5
13848,1536,1533.5
13849,1536,1540.2
13850,1500,1536.6
13851,1536,1536.6
13852,1542,1537.2
13853,1536,1535.8
13854,1690,1551.2
13855,1010,1497.2
13856,1729,1516.5
13857,1014,1462.9
13858,2384,1547.7
13859,2212,1615.3
13860,2194,1684.7
13861,2162,1747.3
13862,2426,1835.7
13863,2196,1901.7
13864,2413,1974.0
13865,2247,2097.7
13866,1832,2108.0
13867,1452,2151.8
13868,1832,2096.6
13869,1473,2022.7
13870,1246,1927.9
13871,1451,1856.8
13872,1460,1760.2
13873,1468,1687.4
13874,1617,1607.8
13875,1446,1527.7
13876,1379,1482.4
13877,1417,1478.9
13878,1478,1443.5
13879,1393,1435.5
13880,1403,1451.2
13881,1405,1446.6
13882,1406,1441.2
13883,1394,1433.8
13884,1437,1415.8
13885,1372,1408.4
13886,1298,1400.3
13887,1337,1392.3
13888,1343,1378.8
13889,1356,1375.1
13890,1362,1371.0
13891,1369,1367.4
13892,1383,1365.1
13893,1369,1362.6
13894,1387,1357.6
13895,1241,1344.5
13896,1243,1339.0
13897,1373,1342.6
13898,1361,1344.4
13899,1382,1347.0
13900,1333,1344.1
13901,1398,1347.0
13902,1387,1347.4
13903,1396,1350.1
13904,1383,1349.7
13905,1350,1360.6
13906,1385,1374.8
13907,1237,1361.2
13908,1402,1365.3
13909,1382,1365.3
13910,1382,1370.2
13911,1477,1378.1
13912,1378,1377.2
13913,1329,1370.5
13914,1284,1360.6
13915,1387,1364.3
13916,1430,1368.8
13917,1453,1390.4
13918,1446,1394.8
13919,1459,1402.5
13920,1434,1407.7
13921,2621,1522.1
13922,1151,1499.4
13923,1151,1481.6
13924,1329,1486.1
13925,1149,1462.3
13926,1426,1461.9
13927,1149,1431.5
13928,1621,1449.0
13929,1608,1463.9
13930,1597,1480.2
13931,1620,1380.1
13932,1618,1426.8
13933,1608,1472.5
13934,1595,1499.1
13935,1516,1535.8
13936,1514,1544.6
13937,1564,1586.1
13938,1551,1579.1
13939,1536,1571.9
13940,1569,1569.1
13941,1535,1560.6
13942,1521,1550.9
13943,1536,1543.7
13944,1543,1538.5
13945,1645,1551.4
13946,1554,1555.4
13947,1577,1556.7
13948,1522,1553.8
13949,1529,1553.1
13950,1514,1547.6
13951,1519,1546.0
13952,1622,1556.1
13953,1499,1552.4
13954,1516,1549.7
13955,1532,1538.4
13956,1512,1534.2
13957,1560,1532.5
13958,1513,1531.6
13959,1526,1531.3
13960,1548,1534.7
13961,1512,1534.0
13962,1469,1518.7
13963,1486,1517.4
13964,1651,1530.9
13965,1480,1525.7
13966,1497,1524.2
13967,1510,1519.2
13968,1338,1501.7
13969,1337,1482.8
13970,1329,1460.9
13971,1263,1436.0
13972,1331,1422.2
13973,1345,1408.1
13974,1236,1366.6
13975,1378,1356.4
13976,1379,1344.6
13977,1512,1344.8
13978,1373,1348.3
13979,1382,1352.8
13980,1214,1341.3
13981,1378,1352.8
13982,1393,1359.0
13983,1363,1360.8
13984,1346,1371.8
13985,1364,1370.4
13986,1337,1366.2
13987,1385,1353.5
13988,1371,1353.3
13989,1364,1351.5
13990,1257,1355.8
13991,1334,1351.4
13992,1252,1337.3
13993,1353,1336.3
13994,1362,1337.9
13995,1377,1339.2
13996,1292,1334.7
13997,1210,1317.2
13998,1368,1316.9
13999,1379,1318.4
14000,1345,1327.2
14001,1339,1327.7
14002,1169,1319.4
14003,1511,1335.2
14004,1328,1331.8
14005,1332,1327.3
14006,1349,1333.0
14007,1309,1342.9
14008,1300,1336.1
14009,1428,1341.0
14010,1139,1320.4
14011,1166,1303.1
14012,1137,1299.9
14013,1497,1298.5
14014,1383,1304.0
14015,1148,1285.6
14016,1150,1265.7
14017,1445,1279.3
14018,1454,1294.7
14019,1508,1302.7
14020,1450,1333.8
14021,1506,1367.8
14022,1436,1397.7
14023,1478,1395.8
14024,1487,1406.2
14025,1550,1446.4
14026,1499,1481.3
14027,1486,1485.4
14028,1499,1489.9
14029,1242,1463.3
14030,1490,1467.3
14031,1803,1497.0
14032,1545,1507.9
14033,1489,1509.0
14034,1506,1510.9
14035,1489,1504.8
14036,1471,1502.0
14037,1499,1503.3
14038,1397,1493.1
14039,1504,1519.3
14040,1761,1546.4
14041,1518,1517.9
14042,1536,1517.0
14043,1517,1519.8
14044,1526,1521.8
14045,1675,1540.4
14046,1498,1543.1
14047,1279,1521.1
14048,1502,1531.6
14049,1392,1520.4
14050,1480,1492.3
14051,1596,1500.1
14052,1470,1493.5
14053,1482,1490.0
14054,1480,1485.4
14055,1416,1459.5
14056,1475,1457.2
14057,1432,1472.5
14058,1404,1462.7
14059,1474,1470.9
14060,1485,1471.4
14061,1495,1461.3
14062,1500,1464.3
14063,1470,1463.1
14064,1476,1462.7
14065,1500,1471.1
14066,1493,1472.9
14067,1459,1475.6
14068,1476,1482.8
14069,1303,1465.7
14070,1503,1467.5
14071,1520,1470.0
14072,1511,1471.1
14073,1446,1468.7
14074,1532,1474.3
14075,1528,1477.1
14076,1814,1509.2
14077,1549,1518.2
14078,1531,1523.7
14079,1544,1547.8
14080,1532,1550.7
14081,1306,1529.3
14082,1500,1528.2
14083,1754,1559.0
14084,1640,1569.8
14085,1500,1567.0
14086,1500,1535.6
14087,1544,1535.1
14088,1978,1579.8
14089,1500,1575.4
14090,1281,1550.3
14091,1416,1561.3
14092,1212,1532.5
14093,1224,1479.5
14094,1547,1470.2
14095,1565,1476.7
14096,1208,1447.5
14097,1099,1403.0
14098,1397,1344.9
14099,1219,1316.8
14100,1406,1329.3
14101,1317,1319.4
14102,1281,1326.3
14103,1232,1327.1
14104,1222,1294.6
14105,1650,1303.1
14106,1652,1347.5
14107,1658,1403.4
14108,1730,1436.7
14109,1817,1496.5
14110,1617,1517.6
14111,1688,1554.7
14112,1573,1583.9
14113,1691,1629.8
14114,2549,1762.5
14115,2621,1859.6
14116,1352,1829.6
14117,1324,1796.2
14118,2621,1885.3
14119,1500,1853.6
14120,1815,1873.4
14121,1674,1872.0
14122,1748,1889.5
14123,1645,1884.9
14124,1613,1791.3
14125,1655,1694.7
14126,1488,1708.3
14127,1631,1739.0
14128,1636,1640.5
14129,1643,1654.8
14130,1591,1632.4
14131,1372,1602.2
14132,1411,1568.5
14133,1395,1543.5
14134,1424,1524.6
14135,1435,1502.6
14136,1425,1496.3
14137,1390,1472.2
14138,1427,1451.3
14139,1438,1430.8
14140,1426,1414.3
14141,1256,1402.7
14142,1405,1402.1
14143,1415,1404.1
14144,1487,1410.4
14145,1434,1410.3
14146,1384,1406.2
14147,1555,1422.7
14148,1461,1426.1
14149,1833,1465.6
14150,1461,1469.1
14151,1833,1526.8
14152,1512,1537.5
14153,1434,1539.4
14154,1436,1534.3
14155,1433,1534.2
14156,1444,1540.2
14157,1432,1527.9
14158,1462,1528.0
14159,1833,1528.0
14160,1452,1527.1
14161,1442,1488.0
14162,1428,1479.6
14163,1833,1519.5
14164,1500,1525.9
14165,1317,1514.3
14166,1241,1494.0
14167,1607,1511.5
14168,1280,1493.3
14169,1330,1443.0
14170,1163,1414.1
14171,1163,1386.2
14172,1617,1405.1
14173,1342,1356.0
14174,1177,1323.7
14175,1180,1310.0
14176,1193,1305.2
14177,1180,1262.5
14178,1193,1253.8
14179,1180,1238.8
14180,1183,1240.8
14181,1180,1242.5
14182,1354,1216.2
14183,1286,1210.6
14184,1198,1212.7
14185,1286,1223.3
14186,1198,1223.8
14187,1206,1226.4
14188,1326,1239.7
14189,1808,1302.5
14190,1691,1353.3
14191,1772,1412.5
14192,1710,1448.1
14193,1783,1497.8
14194,2047,1582.7
14195,1993,1653.4
14196,1869,1720.5
14197,1796,1779.5
14198,2010,1847.9
14199,1904,1857.5
14200,1721,1860.5
14201,1880,1871.3
14202,1481,1848.4
14203,1500,1820.1
14204,2621,1877.5
14205,1855,1863.7
14206,2256,1902.4
14207,1500,1872.8
14208,1500,1821.8
14209,1500,1781.4
14210,2473,1856.6
14211,1500,1818.6
14212,1559,1826.4
14213,1600,1836.4
14214,1663,1740.6
14215,1559,1711.0
14216,1473,1632.7
14217,1559,1638.6
14218,1603,1648.9
14219,1559,1654.8
14220,1738,1581.3
14221,1541,1585.4
14222,1548,1584.3
14223,1585,1582.8
14224,1548,1571.3
14225,1548,1570.2
14226,1433,1566.2
14227,1548,1565.1
14228,1611,1565.9
14229,1548,1564.8
14230,1548,1545.8
14231,1590,1550.7
14232,1661,1562.0
14233,1548,1558.3
14234,1523,1555.8
14235,1136,1514.6
14236,1443,1515.6
14237,1324,1493.2
14238,1133,1445.4
14239,1136,1404.2
14240,1136,1363.0
14241,1564,1360.4
14242,1136,1307.9
14243,1429,1296.0
14244,1162,1259.9
14245,1711,1317.4
14246,1162,1289.3
14247,1165,1273.4
14248,1340,1294.1
14249,1575,1338.0
14250,1677,1392.1
14251,1209,1356.6
14252,1432,1386.2
14253,1172,1360.5
14254,1666,1410.9
14255,1290,1368.8
14256,1340,1386.6
14257,1402,1410.3
14258,1315,1407.8
14259,1264,1376.7
14260,1500,1359.0
14261,1410,1379.1
14262,1376,1373.5
14263,1206,1376.9
14264,1404,1350.7
14265,1404,1362.1
14266,1392,1367.3
14267,1624,1389.5
14268,1372,1395.2
14269,1419,1410.7
14270,1410,1401.7
14271,1539,1414.6
14272,1522,1429.2
14273,1438,1452.4
14274,1337,1445.7
14275,1440,1449.3
14276,1486,1458.7
14277,1398,1436.1
14278,1448,1443.7
14279,1447,1446.5
14280,1441,1449.6
14281,1453,1441.0
14282,1477,1436.5
14283,1449,1437.6
14284,1521,1456.0
14285,1437,1455.7
14286,1459,1453.0
14287,1478,1461.0
14288,1513,1467.5
14289,1477,1470.5
14290,1525,1478.9
14291,1473,1480.9
14292,1567,1489.9
14293,1452,1490.2
14294,1463,1484.4
14295,1431,1483.8
14296,1310,1468.9
14297,1412,1462.3
14298,1351,1446.1
14299,1412,1439.6
14300,1421,1429.2
14301,1347,1416.6
14302,1199,1379.8
14303,1527,1387.3
14304,1527,1393.7
14305,1500,1400.6
14306,1533,1422.9
14307,1894,1471.1
14308,1545,1490.5
14309,1552,1504.5
14310,1923,1554.7
14311,2086,1628.6
14312,1606,1669.3
14313,1664,1683.0
14314,1672,1697.5
14315,1216,1669.1
14316,1667,1682.5
14317,1801,1673.2
14318,1658,1684.5
14319,1656,1694.9
14320,1769,1679.5
14321,1622,1633.1
14322,1350,1607.5
14323,1619,1603.0
14324,1625,1598.3
14325,1776,1654.3
14326,1546,1642.2
14327,1648,1626.9
14328,1635,1624.6
14329,1647,1623.7
14330,1673,1614.1
14331,1665,1618.4
14332,1336,1617.0
14333,1669,1622.0
14334,1649,1624.4
14335,1671,1613.9
14336,1398,1599.1
14337,1666,1600.9
14338,1670,1604.4
14339,1667,1606.4
14340,1199,1559.0
14341,1580,1550.5
14342,1689,1585.8
14343,1382,1557.1
14344,1377,1529.9
14345,1149,1477.7
14346,1161,1454.0
14347,1361,1423.5
14348,1349,1391.4
14349,1287,1353.4
14350,1191,1352.6
14351,1349,1329.5
14352,1264,1287.0
14353,1363,1285.1
14354,1249,1272.3
14355,1347,1292.1
14356,1272,1303.2
14357,1288,1295.9
14358,1367,1297.7
14359,1371,1306.1
14360,1364,1323.4
14361,1225,1311.0
14362,1221,1306.7
14363,1335,1303.9
14364,1137,1292.7
14365,1293,1287.3
14366,1327,1292.8
14367,1286,1292.6
14368,1330,1288.9
14369,1296,1281.4
14370,1313,1276.3
14371,1311,1284.9
14372,1273,1290.1
14373,1257,1282.3
14374,1304,1299.0
14375,1295,1299.2
14376,1290,1295.5
14377,1248,1291.7
14378,1332,1291.9
14379,1295,1291.8
14380,1316,1292.1
14381,1296,1290.6
14382,1346,1297.9
14383,1722,1344.4
14384,1734,1387.4
14385,1716,1429.5
14386,1720,1472.5
14387,1706,1518.3
14388,1695,1554.6
14389,1952,1620.3
14390,1639,1652.6
14391,1478,1670.8
14392,2150,1751.2
14393,2166,1795.6
14394,1565,1778.7
14395,1565,1763.6
14396,1950,1786.6
14397,1950,1811.0
14398,1950,1836.5
14399,1950,1836.3
14400,1950,1867.4
14401,1950,1914.6
14402,1950,1894.6
14403,1950,1873.0
14404,2036,1920.1
14405,1795,1943.1
14406,2023,1950.4
14407,1675,1922.9
14408,1990,1926.9
14409,1990,1930.9
14410,1990,1934.9
14411,1990,1938.9
14412,1990,1942.9
14413,1458,1893.7
14414,1967,1886.8
14415,1967,1904.0
14416,2102,1911.9
14417,1330,1877.4
14418,2386,1917.0
14419,1487,1866.7
14420,1340,1801.7
14421,1331,1735.8
14422,1334,1670.2
14423,2052,1729.6
14424,1781,1711.0
14425,1458,1660.1
14426,1348,1584.7
14427,1335,1585.2
14428,1339,1480.5
14429,1912,1523.0
14430,1342,1523.2
14431,1516,1541.7
14432,1615,1569.8
14433,1302,1494.8
14434,1599,1476.6
14435,1534,1484.2
14436,1423,1491.7
14437,1586,1516.8
14438,1588,1541.7
14439,1667,1517.2
14440,1759,1558.9
14441,2015,1608.8
14442,1603,1607.6
14443,1604,1637.8
14444,1606,1638.5
14445,1783,1663.4
14446,1993,1720.4
14447,1949,1756.7
14448,1619,1759.8
14449,1624,1755.5
14450,1763,1755.9
14451,1840,1738.4
14452,1623,1740.4
14453,1603,1740.3
14454,1630,1742.7
14455,1750,1739.4
14456,1786,1718.7
14457,1612,1685.0
14458,1644,1687.5
14459,1606,1685.7
14460,1613,1670.7
14461,2031,1689.8
14462,1455,1673.0
14463,1611,1673.8
14464,1614,1672.2
14465,1953,1692.5
14466,1453,1659.2
14467,1599,1657.9
14468,1592,1652.7
14469,1436,1635.7
14470,1574,1631.8
14471,1556,1584.3
14472,1447,1583.5
14473,1364,1558.8
14474,1556,1553.0
14475,1687,1526.4
14476,1548,1535.9
14477,1596,1535.6
14478,1523,1528.7
14479,1533,1538.4
14480,1553,1536.3
14481,1515,1532.2
14482,1554,1542.9
14483,1541,1560.6
14484,1536,1558.6
14485,1655,1555.4
14486,1562,1556.8
14487,1503,1547.5
14488,1500,1545.2
14489,1406,1532.5
14490,1933,1570.5
14491,2188,1637.8
14492,1080,1590.4
14493,1593,1595.6
14494,1434,1585.4
14495,1432,1563.1
14496,1416,1548.5
14497,1415,1539.7
14498,1567,1546.4
14499,1547,1560.5
14500,1545,1521.7
14501,1463,1449.2
14502,1561,1497.3
14503,1500,1488.0
14504,1547,1499.3
14505,1545,1510.6
14506,2206,1589.6
14507,1640,1612.1
14508,1640,1619.4
14509,1640,1628.7
14510,1640,1638.2
14511,2524,1744.3
14512,1500,1738.2
14513,1950,1783.2
14514,1864,1814.9
14515,2065,1866.9
14516,1976,1843.9
14517,1976,1877.5
14518,2035,1917.0
14519,1975,1950.5
14520,1463,1932.8
14521,1997,1880.1
14522,1950,1925.1
14523,2229,1953.0
14524,1216,1888.2
14525,2061,1887.8
14526,2079,1898.1
14527,1664,1866.9
14528,2125,1875.9
14529,2060,1884.4
14530,2105,1948.6
14531,2097,1958.6
14532,1904,1954.0
14533,1153,1846.4
14534,1468,1871.6
14535,1904,1855.9
14536,1509,1798.9
14537,1502,1782.7
14538,1913,1761.5
14539,1509,1706.4
14540,1369,1632.8
14541,1454,1568.5
14542,1427,1520.8
14543,1493,1554.8
14544,1427,1550.7
14545,1493,1509.6
14546,1493,1508.0
14547,1781,1535.9
14548,1781,1522.7
14549,1498,1521.6
14550,1461,1530.8
14551,1638,1549.2
14552,1488,1555.3
14553,1501,1556.1
14554,1547,1568.1
14555,1492,1568.0
14556,1500,1568.7
14557,1753,1565.9
14558,1746,1562.4
14559,1800,1592.6
14560,1686,1615.1
14561,1945,1645.8
14562,1807,1677.7
14563,1548,1682.4
14564,1875,1715.2
14565,1689,1734.9
14566,1634,1748.3
14567,1500,1723.0
14568,2029,1751.3
14569,1931,1764.4
14570,1941,1789.9
14571,1908,1786.2
14572,1832,1788.7
14573,1950,1828.9
14574,1923,1833.7
14575,1886,1853.4
14576,1923,1882.3
14577,1867,1919.0
14578,1925,1908.6
14579,1988,1914.3
14580,1922,1912.4
14581,1913,1912.9
14582,1904,1920.1
14583,1979,1923.0
14584,1908,1921.5
14585,1972,1930.1
14586,1906,1928.4
14587,1857,1927.4
14588,1910,1925.9
14589,1919,1919.0
14590,1910,1917.8
14591,1879,1914.4
14592,1876,1911.6
14593,1882,1901.9
14594,1914,1902.5
14595,1522,1857.5
14596,1708,1837.7
14597,1744,1826.4
14598,1759,1811.3
14599,1750,1794.4
14600,1686,1772.0
14601,1840,1768.1
14602,1713,1751.8
14603,1791,1742.7
14604,1716,1722.9
14605,1804,1751.1
14606,1850,1765.3
14607,1804,1771.3
14608,1701,1765.5
14609,1277,1718.2
14610,1501,1699.7
14611,1279,1643.6
14612,1521,1624.4
14613,1274,1572.7
14614,1262,1527.3
14615,1220,1468.9
14616,1265,1410.4
14617,1217,1351.7
14618,1286,1310.2
14619,1292,1311.7
14620,1465,1308.1
14621,1443,1324.5
14622,1349,1307.3
14623,1962,1376.1
14624,1972,1447.1
14625,1965,1521.6
14626,1953,1590.4
14627,1963,1665.0
14628,1974,1733.8
14629,1985,1803.1
14630,2007,1857.3
14631,2008,1913.8
14632,1500,1928.9
14633,2012,1933.9
14634,2023,1939.0
14635,2036,1946.1
14636,2023,1953.1
14637,2011,1957.9
14638,2009,1961.4
14639,1998,1962.7
14640,2011,1963.1
14641,2014,1963.7
14642,2027,2016.4
14643,2037,2018.9
14644,2022,2018.8
14645,2011,2016.3
14646,1997,2013.7
14647,2011,2013.7
14648,2011,2013.9
14649,2023,2016.4
14650,1726,1987.9
14651,1612,1947.7
14652,1538,1898.8
14653,1531,1848.2
14654,1531,1799.1
14655,1591,1757.1
14656,1633,1720.7
14657,1663,1685.9
14658,1927,1677.5
14659,2619,1737.1
14660,1128,1677.3
14661,1638,1679.9
14662,1132,1639.3
14663,1137,1599.9
14664,1558,1602.6
14665,1143,1557.8
14666,1120,1506.5
14667,1128,1453.0
14668,1468,1407.1
14669,1347,1279.9
14670,1445,1311.6
14671,1116,1259.4
14672,1644,1310.6
14673,1119,1308.8
14674,1810,1334.0
14675,1436,1363.3
14676,1638,1415.1
14677,1225,1424.8
14678,1227,1400.7
14679,1239,1389.9
14680,1240,1369.4
14681,1235,1381.3
14682,1318,1348.7
14683,1338,1370.6
14684,1158,1305.4
14685,1251,1286.9
14686,1264,1249.5
14687,1278,1254.8
14688,1090,1241.1
14689,1268,1244.0
14690,1221,1242.1
14691,1141,1232.7
14692,1228,1223.7
14693,1274,1217.3
14694,1097,1211.2
14695,1239,1210.0
14696,1045,1188.1
14697,1251,1185.4
14698,1252,1201.6
14699,967,1171.5
14700,1238,1173.2
14701,1227,1181.8
14702,1228,1181.8
14703,1233,1177.7
14704,1049,1172.9
14705,1060,1155.0
14706,1189,1169.4
14707,907,1135.0
14708,1193,1129.1
14709,918,1124.2
14710,1184,1118.8
14711,931,1089.2
14712,1191,1085.5
14713,1186,1080.8
14714,1174,1093.3
14715,1304,1117.7
14716,1153,1114.1
14717,1400,1163.4
14718,1141,1158.2
14719,1224,1188.8
14720,1118,1182.2
14721,1150,1204.1
14722,1148,1199.8
14723,1583,1239.5
14724,1516,1273.7
14725,1630,1306.3
14726,1255,1316.5
14727,1607,1337.2
14728,1588,1381.9
14729,1630,1422.5
14730,1626,1473.3
14731,1483,1506.6
14732,1650,1556.8
14733,1431,1541.6
14734,1479,1537.9
14735,1500,1524.9
14736,1507,1550.1
14737,1902,1579.6
14738,1760,1596.8
14739,1764,1610.2
14740,1500,1597.6
14741,1321,1581.4
14742,2051,1621.5
14743,1321,1610.5
14744,1500,1612.6
14745,1268,1589.4
14746,1417,1580.4
14747,1417,1531.9
14748,1409,1496.8
14749,1316,1452.0
14750,1389,1440.9
14751,1549,1463.7
14752,1833,1441.9
14753,1565,1466.3
14754,1111,1427.4
14755,1264,1427.0
14756,1176,1402.9
14757,1169,1378.1
14758,1246,1361.8
14759,1347,1364.9
14760,1355,1361.5
14761,1359,1342.5
14762,1370,1296.2
14763,1351,1274.8
14764,1141,1277.8
14765,1363,1287.7
14766,1283,1298.4
14767,1347,1316.2
14768,1334,1325.0
14769,1348,1325.1
14770,1329,1322.5
14771,1295,1316.1
14772,1329,1312.0
14773,1285,1305.4
14774,1099,1301.2
14775,1275,1292.4
14776,1350,1299.1
14777,1383,1302.7
14778,1297,1299.0
14779,1273,1291.5
14780,1282,1286.8
14781,1231,1280.4
14782,1306,1278.1
14783,1195,1269.1
14784,1383,1297.5
14785,1296,1299.6
14786,1600,1324.6
14787,1282,1314.5
14788,1386,1323.4
14789,1264,1322.5
14790,1273,1321.6
14791,1192,1317.7
14792,1265,1313.6
14793,1451,1339.2
14794,1331,1334.0
14795,1412,1345.6
14796,1365,1322.1
14797,1969,1390.8
14798,1085,1360.7
14799,1365,1370.8
14800,1427,1386.2
14801,1365,1403.5
14802,1902,1467.2
14803,1365,1458.6
14804,1399,1465.4
14805,1764,1500.6
14806,1365,1500.6
14807,1538,1457.5
14808,1901,1539.1
14809,1500,1552.6
14810,1320,1541.9
14811,1365,1541.9
14812,1365,1488.2
14813,1365,1488.2
14814,1856,1533.9
14815,1365,1494.0
14816,1856,1543.1
14817,1365,1525.8
14818,1856,1521.3
14819,1365,1507.8
14820,1442,1520.0
14821,1365,1520.0
14822,1966,1580.1
14823,1365,1580.1
14824,1500,1544.5
14825,1500,1558.0
14826,1469,1519.3
14827,1382,1521.0
14828,1500,1485.4
14829,1170,1465.9
14830,1229,1444.6
14831,1219,1430.0
14832,1776,1411.0
14833,1771,1451.6
14834,1770,1478.6
14835,1696,1498.2
14836,1554,1506.7
14837,1775,1546.0
14838,1761,1572.1
14839,2005,1655.6
14840,1766,1709.3
14841,1728,1760.2
14842,1735,1756.1
14843,1743,1753.3
14844,2000,1776.3
14845,1899,1796.6
14846,1722,1813.4
14847,1737,1809.6
14848,1750,1808.5
14849,1725,1780.5
14850,1719,1775.8
14851,1719,1774.9
14852,1196,1721.0
14853,1658,1712.5
14854,1609,1673.4
14855,1637,1647.2
14856,1306,1605.6
14857,1605,1592.4
14858,1605,1577.9
14859,1605,1565.9
14860,1853,1579.3
14861,1600,1567.4
14862,1365,1584.3
14863,1591,1577.6
14864,1585,1575.2
14865,913,1502.8
14866,924,1464.6
14867,1121,1416.2
14868,1181,1373.8
14869,1035,1316.8
14870,955,1227.0
14871,967,1163.7
14872,1189,1146.1
14873,964,1083.4
14874,1251,1050.0
14875,969,1055.6
14876,969,1060.1
14877,1344,1082.4
14878,969,1061.2
14879,793,1037.0
14880,1069,1048.4
14881,1113,1063.0
14882,973,1041.4
14883,985,1043.5
14884,1800,1098.4
14885,985,1100.0
14886,1945,1197.6
14887,986,1161.8
14888,1943,1259.2
14889,1099,1289.8
14890,1169,1299.8
14891,996,1288.1
14892,1002,1291.0
14893,1002,1292.7
14894,1500,1262.7
14895,996,1263.8
14896,1261,1195.4
14897,972,1194.0
14898,979,1097.6
14899,1083,1096.0
14900,970,1076.1
14901,1004,1076.9
14902,961,1072.8
14903,1103,1082.9
14904,943,1027.2
14905,1089,1036.5
14906,1100,1020.4
14907,1238,1047.0
14908,1500,1099.1
14909,1500,1140.8
14910,1500,1193.8
14911,1443,1237.7
14912,1500,1291.6
14913,1271,1308.4
14914,1770,1391.1
14915,1510,1433.2
14916,1343,1457.5
14917,1319,1465.6
14918,1512,1466.8
14919,1504,1467.2
14920,1494,1466.6
14921,1418,1464.1
14922,1353,1449.4
14923,1497,1472.0
14924,1416,1436.6
14925,1536,1439.2
14926,1517,1456.6
14927,1484,1473.1
14928,1542,1476.1
14929,1471,1472.8
14930,1555,1478.9
14931,1400,1477.1
14932,1562,1498.0
14933,1559,1504.2
14934,1493,1511.9
14935,1569,1515.2
14936,1450,1508.5
14937,1605,1520.6
14938,1622,1528.6
14939,1550,1536.5
14940,1609,1541.9
14941,1260,1527.9
14942,1590,1530.7
14943,1525,1527.3
14944,1611,1539.1
14945,1605,1542.7
14946,1472,1544.9
14947,1603,1544.7
14948,1370,1519.5
14949,1500,1514.5
14950,1370,1490.6
14951,1592,1523.8
14952,1592,1524.0
14953,1592,1530.7
14954,1801,1549.7
14955,2124,1601.6
14956,1894,1643.8
14957,1892,1672.7
14958,1886,1724.3
14959,1914,1765.7
14960,1845,1813.2
14961,1755,1829.5
14962,1550,1825.3
14963,1593,1825.4
14964,1523,1797.6
14965,1556,1740.8
14966,1536,1705.0
14967,1525,1668.3
14968,1511,1630.8
14969,1553,1594.7
14970,1534,1563.6
14971,1545,1542.6
14972,1616,1549.2
14973,1542,1544.1
14974,1531,1544.9
14975,1554,1544.7
14976,1711,1562.2
14977,1561,1565.8
14978,1513,1566.0
14979,1575,1568.2
14980,1570,1571.8
14981,1635,1580.8
14982,1629,1582.1
14983,1770,1604.9
14984,1320,1583.8
14985,1567,1585.1
14986,1713,1585.3
14987,1580,1587.2
14988,1695,1605.4
14989,1662,1614.1
14990,1604,1617.5
14991,1657,1619.7
14992,1700,1626.8
14993,1691,1618.9
14994,1638,1650.7
14995,1694,1663.4
14996,1634,1655.5
14997,1648,1662.3
14998,1659,1658.7
14999,1668,1659.3
15000,1621,1661.0
15001,1756,1670.9
15002,1761,1677.0
15003,1682,1676.1
15004,1694,1681.7
15005,1685,1680.8
15006,1668,1684.2
15007,1595,1678.9
15008,2403,1753.3
15009,2454,1831.9
15010,1171,1786.9
15011,1403,1751.6
15012,1446,1720.1
15013,1369,1688.8
15014,1468,1666.2
15015,1331,1630.8
15016,1215,1585.5
15017,1426,1568.6
15018,1425,1470.8
15019,1713,1396.7
15020,2283,1507.9
15021,2214,1589.0
15022,2232,1667.6
15023,2264,1757.1
15024,1826,1792.9
15025,2255,1885.3
15026,2007,1964.5
15027,1801,2002.0
15028,2239,2083.4
15029,1471,2059.2
15030,2094,2040.3
15031,2229,2041.8
15032,2162,2034.8
15033,2236,2032.0
15034,2268,2076.2
15035,1144,1965.1
15036,1500,1914.4
15037,1247,1859.0
15038,1247,1759.8
15039,1500,1762.7
15040,1234,1676.7
15041,1500,1603.8
15042,1859,1573.5
15043,1699,1519.8
15044,1655,1458.5
15045,1671,1511.2
15046,1485,1509.7
15047,1683,1553.3
15048,1648,1593.4
15049,1551,1598.5
15050,1484,1623.5
15051,1545,1628.0
15052,1665,1608.6
15053,1656,1604.3
15054,1569,1595.7
15055,1674,1596.0
15056,1529,1600.4
15057,1659,1598.0
15058,1598,1593.0
15059,1666,1604.5
15060,1679,1624.0
15061,1569,1626.4
15062,1606,1620.5
15063,1469,1601.8
15064,1460,1590.9
15065,1449,1568.4
15066,1687,1584.2
15067,1541,1572.4
15068,1674,1580.0
15069,1491,1562.5
15070,1466,1541.2
15071,1703,1554.6
15072,1493,1543.3
15073,1546,1551.0
15074,1684,1573.4
15075,1531,1581.6
15076,1508,1563.7
15077,1665,1576.1
15078,1519,1560.6
15079,1481,1559.6
15080,1669,1579.9
15081,1468,1556.4
15082,1465,1553.6
15083,1634,1562.4
15084,1466,1540.6
15085,1456,1533.1
15086,1453,1527.6
15087,1470,1508.1
15088,1449,1501.1
15089,1441,1497.1
15090,1334,1463.6
15091,1444,1461.2
15092,1458,1460.5
15093,1465,1443.6
15094,1432,1440.2
15095,1435,1438.1
15096,1445,1437.3
15097,1614,1451.7
15098,1473,1454.1
15099,1463,1456.3
15100,1448,1467.7
15101,1434,1466.7
15102,1442,1465.1
15103,1426,1461.2
15104,1414,1459.4
15105,1512,1467.1
15106,1403,1462.9
15107,1406,1442.1
15108,1412,1436.0
15109,1146,1404.3
15110,1405,1400.0
15111,1413,1397.9
15112,1424,1396.1
15113,1264,1379.9
15114,1190,1357.5
15115,1667,1373.0
15116,1069,1339.6
15117,1167,1315.7
15118,1561,1330.6
15119,1356,1351.6
15120,1627,1373.8
15121,1506,1383.1
15122,1633,1404.0
15123,1344,1412.0
15124,1610,1454.0
15125,1658,1453.1
15126,1389,1485.1
15127,1711,1539.5
15128,1215,1504.9
15129,1493,1518.6
15130,1640,1519.9
15131,1209,1490.2
15132,1611,1488.0
15133,1544,1508.0
15134,1180,1465.0
15135,1379,1437.1
15136,1194,1417.6
15137,1438,1390.3
15138,1814,1450.2
15139,1177,1418.6
15140,1621,1416.7
15141,1184,1414.2
15142,1364,1389.5
15143,1492,1384.3
15144,1621,1428.4
15145,1379,1428.4
15146,1207,1429.7
15147,1185,1404.4
15148,1594,1382.4
15149,1523,1417.0
15150,1195,1374.4
15151,1202,1376.2
15152,1452,1385.0
15153,1411,1376.9
15154,1313,1346.1
15155,1474,1355.6
15156,1330,1367.9
15157,1425,1391.9
15158,1492,1381.7
15159,1407,1370.1
15160,1477,1398.3
15161,1461,1424.2
15162,1491,1428.1
15163,1242,1411.2
15164,1485,1428.4
15165,1373,1418.3
15166,1493,1434.6
15167,1486,1440.7
15168,1538,1445.3
15169,1423,1446.9
15170,1496,1448.8
15171,1491,1451.8
15172,1478,1450.5
15173,1470,1473.3
15174,1562,1481.0
15175,1587,1502.4
15176,1587,1511.8
15177,1587,1521.9
15178,1500,1518.1
15179,1500,1525.8
15180,1500,1526.2
15181,1584,1535.5
15182,1584,1546.1
15183,1500,1549.1
15184,1780,1570.9
15185,1554,1567.6
15186,1589,1567.8
15187,1589,1568.0
15188,1589,1576.9
15189,1589,1585.8
15190,1589,1594.7
15191,1589,1595.2
15192,1589,1595.7
15193,1500,1595.7
15194,1500,1567.7
15195,1372,1549.5
15196,1589,1549.5
15197,1437,1534.3
15198,1589,1534.3
15199,1589,1534.3
15200,1500,1525.4
15201,1580,1524.5
15202,1570,1522.6
15203,1288,1501.4
15204,1560,1507.4
15205,1500,1520.2
15206,1500,1511.3
15207,1554,1523.0
15208,1399,1504.0
15209,1362,1481.3
15210,1145,1445.8
15211,1554,1443.2
15212,1554,1441.6
15213,1564,1469.2
15214,1364,1449.6
15215,1564,1456.0
15216,1500,1456.0
15217,1564,1457.0
15218,1500,1467.1
15219,1876,1518.5
15220,1865,1590.5
15221,1536,1588.7
15222,1878,1621.1
15223,1844,1649.1
15224,1732,1685.9
15225,1867,1716.2
15226,1730,1739.2
15227,1948,1777.6
15228,1918,1819.4
15229,1844,1816.2
15230,1905,1820.2
15231,1834,1850.0
15232,1823,1844.5
15233,1813,1841.4
15234,1856,1853.8
15235,1453,1812.4
15236,1888,1828.2
15237,1878,1821.2
15238,1804,1809.8
15239,1881,1813.5
15240,1705,1793.5
15241,1469,1757.0
15242,1910,1765.7
15243,1493,1733.7
15244,1931,1741.2
15245,1941,1790.0
15246,1998,1801.0
15247,1923,1805.5
15248,2003,1825.4
15249,1930,1830.3
15250,1914,1851.2
15251,1807,1885.0
15252,1947,1888.7
15253,1945,1933.9
15254,1691,1909.9
15255,1759,1891.7
15256,1947,1886.6
15257,1953,1889.6
15258,1820,1871.3
15259,1943,1872.6
15260,1890,1870.2
15261,1954,1884.9
15262,1947,1884.9
15263,1946,1885.0
15264,2019,1917.8
15265,1949,1936.8
15266,1502,1892.3
15267,1720,1869.0
15268,1504,1837.4
15269,1536,1796.7
15270,1509,1758.6
15271,1495,1712.7
15272,1366,1654.6
15273,1505,1610.5
15274,1952,1603.8
15275,1508,1559.7
15276,1572,1566.7
15277,1527,1547.4
15278,1632,1560.2
15279,1517,1558.3
15280,1507,1558.1
15281,1382,1546.8
15282,1522,1562.4
15283,1453,1557.2
15284,1531,1515.1
15285,1516,1515.9
15286,1543,1513.0
15287,1543,1514.6
15288,1404,1491.8
15289,1568,1496.9
15290,1795,1525.7
15291,1567,1544.2
15292,1624,1554.4
15293,1557,1564.8
15294,1559,1567.6
15295,1532,1569.2
15296,1582,1573.1
15297,1575,1576.3
15298,1607,1596.6
15299,1596,1599.4
15300,1701,1590.0
15301,1590,1592.3
15302,1506,1580.5
15303,1653,1590.1
15304,1315,1565.7
15305,1227,1535.2
15306,1334,1510.4
15307,1297,1482.6
15308,1503,1472.2
15309,1149,1427.5
15310,1149,1372.3
15311,1493,1362.6
15312,1461,1358.1
15313,1423,1335.1
15314,1251,1328.7
15315,1309,1336.9
15316,1290,1332.5
15317,1459,1348.7
15318,1335,1331.9
15319,1286,1345.6
15320,1284,1359.1
15321,1368,1346.6
15322,1415,1342.0
15323,1486,1348.3
15324,1536,1376.8
15325,1418,1387.7
15326,1512,1409.9
15327,1765,1440.5
15328,1271,1434.1
15329,1063,1411.8
15330,1500,1433.4
15331,1495,1446.1
15332,1461,1450.7
15333,1525,1454.6
15334,1530,1454.0
15335,1575,1469.7
15336,1514,1469.9
15337,1602,1453.6
15338,1538,1480.3
15339,1541,1528.1
15340,1708,1548.9
15341,1270,1526.4
15342,1762,1556.5
15343,1740,1578.0
15344,1758,1600.8
15345,1916,1634.9
15346,1730,1656.5
15347,1713,1667.6
15348,1987,1712.5
15349,2039,1762.3
15350,1598,1751.3
15351,1506,1774.9
15352,1783,1777.0
15353,1361,1739.1
15354,1682,1731.5
15355,1389,1678.8
15356,1682,1674.0
15357,1500,1652.7
15358,1682,1622.2
15359,1130,1531.3
15360,1136,1485.1
15361,1383,1472.8
15362,984,1392.9
15363,1378,1394.6
15364,1372,1363.6
15365,1364,1361.1
15366,1196,1312.5
15367,1336,1296.1
15368,1310,1258.9
15369,1382,1284.1
15370,1285,1299.0
15371,1271,1287.8
15372,1930,1382.4
15373,2012,1445.8
15374,1891,1497.7
15375,1882,1549.5
15376,1822,1612.1
15377,1890,1667.5
15378,1884,1724.9
15379,1861,1772.8
15380,1883,1832.6
15381,1128,1818.3
15382,1128,1738.1
15383,1114,1648.3
15384,1191,1578.3
15385,1111,1501.2
15386,897,1408.7
15387,1111,1330.8
15388,1099,1252.3
15389,1115,1177.7
15390,1099,1099.3
15391,1099,1096.4
15392,1136,1097.2
15393,798,1065.6
15394,2419,1188.4
15395,1151,1192.4
15396,1630,1265.7
15397,1588,1313.4
15398,1601,1363.6
15399,1610,1413.1
15400,1550,1458.2
15401,1677,1516.0
15402,1573,1559.7
15403,1561,1636.0
15404,1638,1557.9
15405,1559,1598.7
15406,1699,1605.6
15407,1557,1602.5
15408,1532,1595.6
15409,1616,1596.2
15410,1543,1595.5
15411,1533,1581.1
15412,1727,1596.5
15413,1552,1595.6
15414,1814,1613.2
15415,1561,1613.4
15416,1271,1570.6
15417,1551,1570.0
15418,1604,1577.2
15419,1544,1570.0
15420,1568,1572.5
15421,1360,1555.2
15422,1552,1537.7
15423,1562,1538.7
15424,1483,1505.6
15425,1488,1498.3
15426,1880,1559.2
15427,1898,1593.9
15428,1499,1583.4
15429,1579,1586.9
15430,1485,1578.6
15431,1463,1588.9
15432,1785,1612.2
15433,1470,1603.0
15434,1786,1633.3
15435,1475,1632.0
15436,1864,1630.4
15437,1826,1623.2
15438,1469,1620.2
15439,1302,1592.5
15440,1469,1590.9
15441,1566,1601.2
15442,1462,1568.9
15443,1480,1569.9
15444,1500,1541.3
15445,1720,1565.8
15446,1855,1564.9
15447,1847,1567.0
15448,1792,1599.3
15449,1798,1648.9
15450,1788,1680.8
15451,1755,1699.7
15452,1696,1723.1
15453,1799,1755.0
15454,1799,1784.9
15455,1562,1769.1
15456,1799,1763.5
15457,1851,1763.9
15458,1749,1759.6
15459,1790,1758.8
15460,1340,1714.0
15461,1801,1718.6
15462,1801,1729.1
15463,1729,1722.1
15464,1801,1722.3
15465,1500,1716.1
15466,1801,1716.3
15467,1808,1712.0
15468,1755,1712.6
15469,1716,1705.2
15470,1835,1754.7
15471,1835,1758.1
15472,1847,1762.7
15473,1860,1775.8
15474,1784,1774.1
15475,1841,1808.2
15476,1850,1813.1
15477,1851,1817.4
15478,1851,1827.0
15479,1851,1840.5
15480,1839,1840.9
15481,1808,1838.2
15482,1643,1817.8
15483,1876,1819.4
15484,1886,1829.6
15485,1875,1833.0
15486,1828,1830.8
15487,2008,1846.5
15488,1861,1847.5
15489,1856,1848.0
15490,1865,1850.6
15491,1814,1851.2
15492,1869,1873.8
15493,1865,1872.7
15494,1542,1838.3
15495,1594,1810.2
15496,1428,1770.2
15497,1552,1724.6
15498,1574,1695.9
15499,1590,1669.3
15500,1558,1638.6
15501,1547,1611.9
15502,1517,1576.7
15503,1429,1533.1
15504,1675,1546.4
15505,1604,1547.4
15506,1444,1549.0
15507,1246,1518.4
15508,1684,1529.4
15509,1689,1539.3
15510,1678,1551.3
15511,1671,1563.7
15512,1659,1577.9
15513,1695,1604.5
15514,1680,1605.0
15515,1696,1614.2
15516,1692,1639.0
15517,1702,1684.6
15518,1683,1684.5
15519,1688,1684.4
15520,1689,1685.5
15521,1689,1687.3
15522,1798,1701.2
15523,1707,1702.4
15524,1715,1705.9
15525,1727,1709.0
15526,1748,1714.6
15527,2040,1748.4
15528,1713,1751.4
15529,1697,1752.3
15530,1777,1761.1
15531,1724,1764.6
15532,1735,1758.3
15533,1757,1763.3
15534,1751,1766.9
15535,1762,1770.4
15536,1901,1785.7
15537,1385,1720.2
15538,1754,1724.3
15539,1765,1731.1
15540,1308,1684.2
15541,1788,1690.6
15542,1788,1695.9
15543,1878,1708.0
15544,1352,1668.1
15545,1788,1670.7
15546,2203,1700.9
15547,1558,1718.2
15548,1443,1687.1
15549,1275,1638.1
15550,1291,1636.4
15551,1268,1584.4
15552,1291,1534.7
15553,1698,1516.7
15554,1297,1511.2
15555,1300,1462.4
15556,1265,1368.6
15557,1348,1347.6
15558,1264,1329.7
15559,1465,1348.7
15560,1343,1353.9
15561,1286,1355.7
15562,1564,1383.0
15563,1580,1371.2
15564,1569,1398.4
15565,1560,1424.4
15566,1567,1454.6
15567,1500,1469.8
15568,2029,1546.3
15569,2094,1609.2
15570,1462,1621.1
15571,1533,1645.8
15572,1364,1625.8
15573,1491,1616.9
15574,1648,1624.8
15575,1291,1597.9
15576,1474,1588.6
15577,1453,1583.9
15578,1674,1548.4
15579,1701,1509.1
15580,1795,1542.4
15581,1692,1558.3
15582,1663,1588.2
15583,1652,1604.3
15584,1774,1616.9
15585,1591,1646.9
15586,1595,1659.0
15587,1677,1681.4
15588,1663,1680.3
15589,1674,1677.6
15590,1635,1661.6
15591,1666,1659.0
15592,1613,1654.0
15593,1535,1642.3
15594,1673,1632.2
15595,1620,1635.1
15596,1698,1645.4
15597,1615,1639.2
15598,1725,1645.4
15599,1731,1651.1
15600,1699,1657.5
15601,1679,1658.8
15602,1447,1642.2
15603,1750,1663.7
15604,1748,1671.2
15605,1752,1684.4
15606,1763,1690.9
15607,1598,1689.2
15608,1783,1695.0
15609,1536,1675.5
15610,1669,1672.5
15611,1522,1656.8
15612,1681,1680.2
15613,1536,1658.8
15614,1743,1658.3
15615,1527,1635.8
15616,1652,1624.7
15617,1681,1633.0
15618,1626,1617.3
15619,1558,1619.5
15620,1567,1609.3
15621,1576,1614.7
15622,1558,1602.4
15623,1576,1606.4
15624,1833,1615.4
15625,1859,1648.6
15626,1680,1651.4
15627,1588,1642.1
15628,1575,1637.0
15629,1583,1639.5
15630,1797,1662.5
15631,1731,1678.0
15632,1565,1678.7
15633,1698,1690.9
15634,1572,1664.8
15635,1645,1643.4
15636,1623,1637.7
15637,1657,1644.6
15638,1934,1680.5
15639,1657,1687.9
15640,1668,1675.0
15641,1616,1663.5
15642,1607,1667.7
15643,1623,1660.2
15644,2189,1721.9
15645,1581,1715.5
15646,1710,1724.2
15647,1853,1743.8
15648,1595,1709.9
15649,1589,1703.1
15650,1956,1731.9
15651,1832,1753.5
15652,1737,1766.5
15653,1712,1775.4
15654,1211,1677.6
15655,1834,1702.9
15656,1742,1706.1
15657,1742,1695.0
15658,1500,1685.5
15659,1317,1658.3
15660,1317,1594.4
15661,1500,1561.2
15662,1940,1581.5
15663,1504,1560.7
15664,1724,1612.0
15665,1800,1608.6
15666,1741,1608.5
15667,1874,1621.7
15668,1758,1647.5
15669,1842,1700.0
15670,1741,1742.4
15671,1727,1765.1
15672,1847,1755.8
15673,1867,1792.1
15674,1753,1795.0
15675,1809,1795.9
15676,1811,1802.9
15677,1733,1788.8
15678,1826,1795.6
15679,1726,1784.0
15680,1710,1780.9
15681,1719,1780.1
15682,1809,1776.3
15683,1884,1778.0
15684,1797,1782.4
15685,1689,1770.4
15686,1668,1756.1
15687,1804,1763.2
15688,1805,1761.1
15689,1696,1758.1
15690,1703,1757.4
15691,1890,1774.5
15692,1690,1762.6
15693,1823,1756.5
15694,1679,1744.7
15695,1908,1766.6
15696,1704,1770.2
15697,1897,1779.5
15698,1880,1787.0
15699,1888,1806.2
15700,1850,1820.9
15701,1792,1811.1
15702,1775,1819.6
15703,1806,1817.9
15704,1772,1827.2
15705,1772,1813.6
15706,1877,1830.9
15707,1886,1829.8
15708,1739,1815.7
15709,1852,1812.1
15710,1861,1813.2
15711,1850,1819.0
15712,1881,1829.6
15713,1352,1784.2
15714,1605,1767.5
15715,1066,1696.9
15716,1477,1656.9
15717,1602,1628.5
15718,1708,1625.4
15719,2024,1642.6
15720,1708,1627.3
15721,1708,1613.1
15722,1458,1570.8
15723,1708,1606.4
15724,1708,1616.7
15725,1545,1664.6
15726,1708,1687.7
15727,1500,1677.5
15728,1708,1677.5
15729,1478,1622.9
15730,1708,1622.9
15731,1701,1622.2
15732,1520,1628.4
15733,1708,1628.4
15734,1708,1628.4
15735,1332,1607.1
15736,2180,1654.3
15737,1708,1675.1
15738,2180,1722.3
15739,1323,1706.8
15740,1708,1706.8
15741,1954,1732.1
15742,1708,1750.9
15743,1708,1750.9
15744,1470,1727.1
15745,1708,1764.7
15746,1708,1717.5
15747,1708,1717.5
15748,1371,1636.6
15749,1479,1652.2
15750,1339,1615.3
15751,1506,1570.5
15752,1454,1545.1
15753,1488,1523.1
15754,1476,1523.7
15755,1397,1492.6
15756,1461,1467.9
15757,1364,1433.5
15758,1456,1442.0
15759,1400,1434.1
15760,1435,1443.7
15761,1354,1428.5
15762,1418,1424.9
15763,1409,1417.0
15764,1399,1409.3
15765,1386,1408.2
15766,1398,1401.9
15767,1409,1406.4
15768,1500,1410.8
15769,1473,1418.1
15770,1361,1410.7
15771,1389,1414.2
15772,1381,1410.5
15773,1368,1406.4
15774,1359,1402.4
15775,1348,1398.6
15776,1349,1393.7
15777,1415,1394.3
15778,1389,1383.2
15779,1397,1375.6
15780,1392,1378.7
15781,1407,1380.5
15782,1359,1378.3
15783,1410,1382.5
15784,1429,1389.5
15785,1374,1392.1
15786,1403,1397.5
15787,1350,1391.0
15788,1355,1387.6
15789,1782,1426.1
15790,1734,1460.3
15791,1707,1490.3
15792,1978,1552.2
15793,1704,1581.6
15794,1710,1609.7
15795,1705,1642.8
15796,1712,1673.7
15797,1505,1689.2
15798,1864,1740.1
15799,1718,1733.7
15800,1374,1697.7
15801,1879,1714.9
15802,1743,1691.4
15803,1730,1694.0
15804,2092,1732.2
15805,1752,1736.9
15806,1730,1738.7
15807,1760,1764.2
15808,1920,1769.8
15809,1758,1773.8
15810,1750,1811.4
15811,1877,1811.2
15812,1716,1808.5
15813,1057,1741.2
15814,1858,1717.8
15815,1888,1731.4
15816,1705,1728.9
15817,2054,1758.3
15818,1686,1734.9
15819,1209,1680.0
15820,1964,1701.4
15821,1754,1689.1
15822,2329,1750.4
15823,2320,1876.7
15824,2275,1918.4
15825,1846,1914.2
15826,1780,1921.7
15827,1776,1893.9
15828,1788,1904.1
15829,1552,1938.4
15830,1877,1929.7
15831,1622,1916.5
15832,1793,1862.9
15833,1792,1810.1
15834,1655,1748.1
15835,1676,1731.1
15836,1775,1730.6
15837,1408,1693.8
15838,1778,1692.8
15839,1798,1717.4
15840,1786,1708.3
15841,1764,1722.5
15842,1783,1721.5
15843,1548,1697.1
15844,1517,1683.3
15845,1558,1671.5
15846,1544,1648.4
15847,1541,1661.7
15848,1542,1638.1
15849,1522,1610.5
15850,1532,1585.1
15851,1533,1562.0
15852,1707,1554.4
15853,1547,1554.3
15854,1536,1556.2
15855,1524,1552.8
15856,1514,1549.8
15857,1522,1547.9
15858,1489,1542.6
15859,1489,1539.3
15860,1588,1544.9
15861,1500,1541.6
15862,1489,1519.8
15863,1489,1514.0
15864,1500,1510.4
15865,1500,1508.0
15866,1489,1505.5
15867,1496,1502.9
15868,1496,1503.6
15869,1508,1505.5
15870,1527,1499.4
15871,1500,1499.4
15872,1485,1499.0
15873,1509,1501.0
15874,2320,1583.0
15875,2193,1652.3
15876,1500,1653.4
15877,1462,1650.0
15878,1794,1679.8
15879,1807,1709.7
15880,1796,1736.6
15881,1817,1768.3
15882,1748,1794.6
15883,1762,1819.9
15884,1775,1765.4
15885,2167,1762.8
15886,1742,1787.0
15887,1779,1818.7
15888,1773,1816.6
15889,1820,1817.9
15890,1642,1802.5
15891,1782,1799.0
15892,1775,1801.7
15893,1791,1804.6
15894,1798,1806.9
15895,1781,1768.3
15896,1797,1773.8
15897,1765,1772.4
15898,1778,1772.9
15899,1789,1769.8
15900,1806,1786.2
15901,1900,1798.0
15902,1817,1802.2
15903,1895,1812.6
15904,1815,1814.3
15905,1807,1816.9
15906,1546,1791.8
15907,1835,1798.8
15908,1843,1805.3
15909,1773,1803.7
15910,1801,1803.2
15911,1849,1798.1
15912,1862,1802.6
15913,1854,1798.5
15914,1865,1803.5
15915,1834,1806.2
15916,2074,1859.0
15917,1779,1853.4
15918,1886,1857.7
15919,1852,1865.6
15920,1842,1869.7
15921,1845,1869.3
15922,1713,1854.4
15923,1619,1830.9
15924,1726,1817.0
15925,1711,1804.7
15926,1721,1769.4
15927,1739,1765.4
15928,1787,1755.5
15929,1760,1746.3
15930,1753,1737.4
15931,1702,1723.1
15932,1641,1715.9
15933,1785,1732.5
15934,1751,1735.0
15935,1787,1742.6
15936,1767,1747.2
15937,1792,1752.5
15938,1796,1753.4
15939,1788,1756.2
15940,1674,1748.3
15941,1812,1759.3
15942,1734,1768.6
15943,1794,1769.5
15944,1811,1775.5
15945,1627,1759.5
15946,1810,1763.8
15947,1623,1746.9
15948,1821,1749.4
15949,1800,1750.6
15950,1794,1762.6
15951,1809,1762.3
15952,1802,1769.1
15953,1667,1756.4
15954,1679,1743.2
15955,1780,1758.5
15956,1694,1746.9
15957,1622,1746.8
15958,1776,1742.3
15959,1788,1741.1
15960,1794,1741.1
15961,1800,1740.2
15962,1952,1755.2
15963,1754,1763.9
15964,2579,1853.9
15965,2037,1879.6
15966,2574,1967.6
15967,2040,2009.4
15968,2367,2068.5
15969,2029,2092.6
15970,2324,2145.6
15971,2033,2168.9
15972,2214,2195.1
15973,2024,2222.1
15974,2013,2165.5
15975,2163,2178.1
15976,2070,2127.7
15977,2245,2148.2
15978,2149,2126.4
15979,2352,2158.7
15980,2351,2161.4
15981,1814,2139.5
15982,1711,2089.2
15983,1756,2062.4
15984,1778,2038.9
15985,1610,1983.6
15986,1778,1954.4
15987,1778,1907.7
15988,1778,1870.6
15989,1966,1832.0
15990,1750,1771.9
15991,1768,1767.3
15992,1728,1769.0
15993,1737,1767.1
15994,1811,1770.4
15995,1691,1778.5
15996,1757,1776.4
15997,1766,1775.2
15998,1785,1775.9
15999,1641,1743.4
16000,1761,1744.5
16001,1650,1732.7
16002,1799,1739.8
16003,1641,1730.2
16004,1805,1729.6
16005,1807,1741.2
16006,1577,1723.2
16007,1841,1730.7
16008,1634,1715.6
16009,1621,1713.6
16010,1845,1722.0
16011,1827,1739.7
16012,1847,1744.5
16013,1862,1766.6
16014,1644,1750.5
16015,1829,1752.7
16016,1868,1781.8
16017,1868,1784.5
16018,1868,1807.9
16019,1662,1812.0
16020,1868,1814.3
16021,1662,1797.8
16022,1868,1799.9
16023,1868,1800.5
16024,1579,1794.0
16025,1880,1799.1
16026,1770,1789.3
16027,1701,1772.6
16028,1805,1766.3
16029,1868,1786.9
16030,1758,1775.9
16031,1787,1788.4
16032,1393,1740.9
16033,1787,1732.8
16034,1787,1753.6
16035,1787,1744.3
16036,1787,1746.0
16037,1787,1754.6
16038,1802,1754.3
16039,1828,1750.3
16040,1828,1757.3
16041,1502,1728.8
16042,1772,1766.7
16043,1263,1714.3
16044,1390,1674.6
16045,1158,1611.7
16046,1371,1570.1
16047,1452,1536.6
16048,1332,1489.6
16049,1242,1431.0
16050,1242,1372.4
16051,1134,1335.6
16052,1668,1325.2
16053,1143,1313.2
16054,2305,1404.7
16055,1883,1477.2
16056,2305,1570.6
16057,1883,1613.7
16058,2305,1711.0
16059,2085,1795.3
16060,1182,1789.3
16061,1302,1806.1
16062,1104,1749.7
16063,1500,1785.4
16064,1500,1704.9
16065,1500,1666.6
16066,1072,1543.3
16067,1801,1535.1
16068,1578,1462.4
16069,1807,1434.6
16070,1779,1494.3
16071,1735,1537.6
16072,1772,1604.4
16073,1794,1633.8
16074,1765,1660.3
16075,1836,1693.9
16076,1558,1742.5
16077,1746,1737.0
16078,1573,1736.5
16079,1500,1705.8
16080,1576,1685.5
16081,1727,1684.7
16082,1670,1674.5
16083,1582,1653.3
16084,1592,1636.0
16085,1629,1615.3
16086,1593,1618.8
16087,1600,1604.2
16088,1590,1605.9
16089,1586,1614.5
16090,1612,1618.1
16091,1590,1604.4
16092,1612,1598.6
16093,1587,1599.1
16094,1602,1600.1
16095,1596,1596.8
16096,1585,1596.0
16097,1573,1593.3
16098,1539,1588.2
16099,1589,1588.5
16100,1632,1590.5
16101,1624,1593.9
16102,1630,1595.7
16103,1638,1600.8
16104,1661,1606.7
16105,1668,1613.9
16106,1517,1607.1
16107,1661,1615.9
16108,1621,1624.1
16109,1670,1632.2
16110,1532,1622.2
16111,1638,1623.6
16112,1684,1629.0
16113,1621,1627.3
16114,1413,1602.5
16115,1607,1596.4
16116,1594,1604.1
16117,1588,1596.8
16118,1576,1592.3
16119,1508,1576.1
16120,1560,1578.9
16121,1547,1569.8
16122,1537,1555.1
16123,1594,1552.4
16124,1394,1550.5
16125,1522,1542.0
16126,1816,1564.2
16127,1831,1588.5
16128,2043,1635.2
16129,1802,1664.6
16130,1615,1670.1
16131,1804,1695.8
16132,2005,1742.6
16133,1817,1764.9
16134,1806,1806.1
16135,1826,1836.5
16136,1391,1794.0
16137,1839,1794.8
16138,1828,1773.3
16139,2318,1824.9
16140,1746,1838.0
16141,1810,1838.6
16142,1797,1817.8
16143,1435,1779.6
16144,1591,1758.1
16145,1879,1763.4
16146,1562,1780.5
16147,1602,1756.8
16148,1538,1727.8
16149,1606,1656.6
16150,1651,1647.1
16151,1709,1637.0
16152,1677,1625.0
16153,1650,1646.5
16154,1772,1664.6
16155,1659,1642.6
16156,1659,1652.3
16157,1866,1678.7
16158,1744,1699.3
16159,1772,1715.9
16160,1772,1728.0
16161,1943,1751.4
16162,1775,1761.2
16163,1710,1767.2
16164,1870,1777.0
16165,1750,1786.1
16166,1726,1792.8
16167,1720,1778.2
16168,1714,1775.2
16169,1744,1772.4
16170,1689,1764.1
16171,1551,1724.9
16172,1649,1712.3
16173,1659,1707.2
16174,1739,1694.1
16175,1742,1693.3
16176,1738,1694.5
16177,1731,1695.6
16178,1571,1681.3
16179,1728,1679.7
16180,1570,1667.8
16181,1675,1680.2
16182,1737,1689.0
16183,1659,1689.0
16184,1641,1679.2
16185,1793,1684.3
16186,1816,1692.1
16187,1874,1706.4
16188,1833,1732.6
16189,1691,1728.9
16190,1280,1699.9
16191,1297,1662.1
16192,1427,1631.1
16193,1572,1622.4
16194,1552,1613.5
16195,1209,1555.1
16196,1118,1485.3
16197,1177,1415.6
16198,1019,1334.2
16199,1176,1282.7
16200,1138,1268.5
16201,1156,1254.4
16202,1114,1223.1
16203,1164,1182.3
16204,1110,1138.1
16205,1096,1126.8
16206,1075,1122.5
16207,1113,1116.1
16208,1130,1127.2
16209,1159,1125.5
16210,1228,1134.5
16211,1012,1120.1
16212,1174,1126.1
16213,1270,1136.7
16214,1375,1163.2
16215,1293,1182.9
16216,1810,1256.4
16217,1680,1313.1
16218,1882,1388.3
16219,1929,1465.3
16220,1681,1510.6
16221,1717,1581.1
16222,1193,1583.0
16223,1414,1597.4
16224,1500,1609.9
16225,1500,1630.6
16226,1391,1588.7
16227,1044,1525.1
16228,1403,1477.2
16229,1358,1420.1
16230,1558,1407.8
16231,1951,1431.2
16232,1500,1461.9
16233,1951,1515.6
16234,1435,1509.1
16235,1951,1554.2
16236,1951,1610.2
16237,1951,1700.9
16238,1679,1728.5
16239,1951,1787.8
16240,1679,1799.9
16241,1951,1799.9
16242,1740,1823.9
16243,1951,1823.9
16244,1029,1783.3
16245,1242,1712.4
16246,1500,1667.3
16247,1336,1605.8
16248,1336,1571.5
16249,1524,1528.8
16250,1257,1486.6
16251,1259,1417.4
16252,1268,1370.2
16253,1314,1306.5
16254,1316,1335.2
16255,1295,1340.5
16256,1282,1318.7
16257,1263,1311.4
16258,1282,1306.0
16259,1272,1280.8
16260,1280,1283.1
16261,1305,1287.7
16262,1383,1299.2
16263,1350,1302.8
16264,1205,1291.7
16265,1268,1289.0
16266,1273,1288.1
16267,1333,1295.1
16268,1368,1303.7
16269,1301,1306.6
16270,1311,1309.7
16271,1317,1310.9
16272,1302,1302.8
16273,1297,1297.5
16274,1289,1305.9
16275,1175,1296.6
16276,1310,1300.3
16277,1301,1297.1
16278,1290,1289.3
16279,1323,1291.5
16280,1288,1289.2
16281,1103,1267.8
16282,1291,1266.7
16283,1286,1265.6
16284,1346,1271.3
16285,1401,1293.9
16286,1313,1294.2
16287,1302,1294.3
16288,1369,1302.2
16289,1436,1313.5
16290,1307,1315.4
16291,1240,1329.1
16292,1308,1330.8
16293,1297,1331.9
16294,1274,1324.7
16295,1276,1312.2
16296,1421,1323.0
16297,1288,1321.6
16298,1943,1379.0
16299,1516,1387.0
16300,1500,1406.3
16301,1500,1432.3
16302,1441,1445.6
16303,1500,1465.9
16304,1500,1488.5
16305,1500,1510.9
16306,1833,1552.1
16307,1500,1573.3
16308,1274,1506.4
16309,1323,1487.1
16310,1305,1467.6
16311,1469,1464.5
16312,1295,1449.9
16313,1498,1449.7
16314,1278,1427.5
16315,1298,1407.3
16316,1498,1373.8
16317,1556,1379.4
16318,1305,1382.5
16319,1674,1417.6
16320,1400,1427.1
16321,1423,1422.5
16322,1400,1433.0
16323,1290,1412.2
16324,1530,1437.4
16325,1619,1469.5
16326,1400,1459.7
16327,1302,1434.3
16328,1400,1443.8
16329,1400,1416.4
16330,1741,1450.5
16331,1400,1448.2
16332,1766,1484.8
16333,1437,1499.5
16334,1352,1481.7
16335,1631,1482.9
16336,1559,1498.8
16337,1400,1508.6
16338,1400,1508.6
16339,1171,1485.7
16340,1318,1443.4
16341,1400,1443.4
16342,1400,1406.8
16343,1371,1400.2
16344,1400,1405.0
16345,1675,1409.4
16346,1515,1405.0
16347,1400,1405.0
16348,1366,1401.6
16349,1589,1443.4
16350,1400,1451.6
16351,1400,1451.6
16352,1566,1468.2
16353,1356,1466.7
16354,1400,1466.7
16355,1500,1449.2
16356,1400,1437.7
16357,1400,1437.7
16358,1442,1445.3
16359,1752,1461.6
16360,1877,1509.3
16361,1932,1562.5
16362,1632,1569.1
16363,1916,1625.1
16364,1919,1677.0
16365,1924,1719.4
16366,1918,1771.2
16367,1865,1817.7
16368,1847,1858.2
16369,1572,1840.2
16370,1697,1822.2
16371,1848,1813.8
16372,1798,1830.4
16373,1709,1809.7
16374,1659,1783.7
16375,1815,1772.8
16376,1676,1748.6
16377,1500,1712.1
16378,1470,1674.4
16379,1445,1661.7
16380,1500,1642.0
16381,1446,1601.8
16382,1461,1568.1
16383,1434,1540.6
16384,1499,1524.6
16385,1442,1487.3
16386,1500,1469.7
16387,1441,1463.8
16388,1543,1471.1
16389,1448,1471.4
16390,1446,1466.0
16391,1497,1471.1
16392,1466,1471.6
16393,1444,1472.6
16394,1661,1488.8
16395,1441,1488.7
16396,1351,1473.8
16397,1491,1478.8
16398,1318,1456.3
16399,1496,1461.1
16400,1485,1465.0
16401,1467,1462.0
16402,1446,1460.0
16403,1421,1457.7
16404,1329,1424.5
16405,1423,1422.7
16406,1407,1428.3
16407,1231,1402.3
16408,952,1365.7
16409,1390,1355.1
16410,1046,1311.2
16411,1045,1269.0
16412,1179,1242.3
16413,1409,1241.1
16414,1388,1247.0
16415,1500,1254.7
16416,1650,1279.0
16417,1436,1299.5
16418,1678,1372.1
16419,1724,1405.5
16420,1678,1468.7
16421,1728,1537.0
16422,1701,1589.2
16423,1715,1619.8
16424,1777,1658.7
16425,1745,1683.2
16426,1831,1701.3
16427,1732,1730.9
16428,1759,1739.0
16429,1739,1740.5
16430,1747,1747.4
16431,1742,1748.8
16432,1728,1751.5
16433,2257,1805.7
16434,1434,1771.4
16435,1742,1771.1
16436,1997,1787.7
16437,1751,1789.6
16438,1987,1812.4
16439,1762,1814.7
16440,1964,1836.4
16441,1939,1856.1
16442,1811,1864.4
16443,1894,1828.1
16444,1835,1868.2
16445,1832,1877.2
16446,2242,1901.7
16447,2101,1936.7
16448,1828,1920.8
16449,1846,1929.2
16450,2048,1937.6
16451,1860,1929.7
16452,1820,1930.6
16453,1846,1925.8
16454,1680,1910.3
16455,1829,1910.0
16456,1604,1846.2
16457,939,1730.0
16458,1458,1693.0
16459,1449,1653.3
16460,949,1543.4
16461,961,1453.5
16462,963,1367.8
16463,1046,1287.8
16464,1801,1299.9
16465,1768,1293.8
16466,1857,1319.1
16467,1775,1402.7
16468,1815,1438.4
16469,1815,1475.0
16470,1800,1560.1
16471,1522,1616.2
16472,1868,1706.7
16473,1796,1781.7
16474,1394,1741.0
16475,1412,1705.4
16476,1417,1661.4
16477,1412,1625.1
16478,1464,1590.0
16479,1387,1547.2
16480,1377,1504.9
16481,1383,1491.0
16482,1910,1495.2
16483,1752,1490.8
16484,1809,1532.3
16485,1803,1571.4
16486,1818,1611.5
16487,1806,1650.9
16488,1804,1684.9
16489,1796,1725.8
16490,1807,1768.8
16491,1726,1803.1
16492,1795,1791.6
16493,1777,1794.1
16494,1831,1796.3
16495,1786,1794.6
16496,1775,1790.3
16497,1789,1788.6
16498,1775,1785.7
16499,1773,1783.4
16500,1743,1777.0
16501,1807,1785.1
16502,1823,1787.9
16503,1764,1786.6
16504,1801,1783.6
16505,1814,1786.4
16506,1733,1782.2
16507,1743,1777.6
16508,1818,1781.9
16509,1600,1764.6
16510,1640,1754.3
16511,1648,1738.4
16512,1757,1731.8
16513,1792,1734.6
16514,1647,1719.2
16515,1801,1717.9
16516,1638,1708.4
16517,1788,1712.9
16518,1652,1696.3
16519,1796,1715.9
16520,1723,1724.2
16521,1588,1718.2
16522,1664,1708.9
16523,1707,1700.4
16524,1670,1702.7
16525,1674,1690.0
16526,1670,1693.2
16527,1692,1683.6
16528,1747,1693.1
16529,1692,1682.7
16530,1747,1685.1
16531,1692,1695.5
16532,1747,1703.8
16533,1692,1702.3
16534,1692,1704.5
16535,1747,1711.8
16536,1747,1719.5
16537,1692,1719.5
16538,1747,1719.5
16539,1692,1719.5
16540,1654,1710.2
16541,1600,1701.0
16542,1692,1695.5
16543,1692,1695.5
16544,1606,1686.9
16545,1694,1681.6
16546,1688,1675.7
16547,1696,1676.1
16548,1628,1664.2
16549,1679,1662.9
16550,1669,1664.4
16551,1669,1671.3
16552,1652,1667.3
16553,1636,1661.7
16554,1660,1667.1
16555,1682,1665.9
16556,1548,1651.9
16557,1670,1649.3
16558,1651,1651.6
16559,1651,1648.8
16560,1670,1648.9
16561,2095,1691.5
16562,1872,1713.5
16563,1421,1692.0
16564,1670,1693.0
16565,1686,1693.4
16566,1804,1719.0
16567,1691,1721.1
16568,1679,1723.9
16569,1666,1725.4
16570,1691,1727.5
16571,1933,1711.3
16572,1675,1691.6
16573,1716,1721.1
16574,1568,1710.9
16575,1648,1707.1
16576,1647,1691.4
16577,1664,1688.7
16578,1661,1686.9
16579,1765,1696.8
16580,1672,1694.9
16581,1785,1680.1
16582,1873,1699.9
16583,1871,1715.4
16584,1871,1745.7
16585,1836,1764.5
16586,1822,1782.0
16587,1901,1805.7
16588,1893,1828.9
16589,1738,1826.2
16590,1872,1846.2
16591,1862,1853.9
16592,1753,1841.9
16593,1826,1837.4
16594,1882,1838.5
16595,1729,1827.8
16596,1232,1768.8
16597,2016,1780.3
16598,2235,1814.5
16599,1282,1768.9
16600,1330,1714.7
16601,1461,1674.6
16602,1440,1643.3
16603,1558,1616.5
16604,1391,1567.4
16605,1403,1534.8
16606,1631,1574.7
16607,1153,1488.4
16608,1423,1407.2
16609,1262,1405.2
16610,1352,1407.4
16611,1433,1404.6
16612,1458,1406.4
16613,1581,1408.7
16614,1461,1415.7
16615,1454,1420.8
16616,1339,1391.6
16617,1451,1421.4
16618,1844,1463.5
16619,1450,1482.3
16620,1500,1497.1
16621,1463,1500.1
16622,2500,1604.3
16623,2131,1659.3
16624,1852,1698.4
16625,1873,1740.3
16626,1865,1792.9
16627,1732,1821.0
16628,1864,1823.0
16629,2040,1882.0
16630,1800,1912.0
16631,1918,1957.5
16632,1842,1891.7
16633,1502,1828.8
16634,1810,1824.6
16635,1789,1816.2
16636,1723,1802.0
16637,1662,1795.0
16638,1801,1788.7
16639,1750,1759.7
16640,1678,1747.5
16641,1596,1715.3
16642,2613,1792.4
16643,1893,1831.5
16644,2003,1850.8
16645,1815,1853.4
16646,1817,1862.8
16647,1899,1886.5
16648,1610,1867.4
16649,1888,1881.2
16650,2224,1935.8
16651,1783,1954.5
16652,2217,1914.9
16653,1873,1912.9
16654,2211,1933.7
16655,1935,1945.7
16656,2200,1984.0
16657,2199,2014.0
16658,1971,2050.1
16659,2274,2088.7
16660,1801,2046.4
16661,2188,2086.9
16662,2196,2084.8
16663,2346,2132.1
16664,2170,2128.0
16665,2161,2150.6
16666,2154,2146.0
16667,2140,2140.1
16668,2043,2147.3
16669,2122,2132.1
16670,2007,2152.7
16671,2128,2146.7
16672,1610,2088.1
16673,1743,2027.8
16674,1584,1969.2
16675,1595,1912.6
16676,1573,1854.5
16677,1609,1801.4
16678,1619,1759.0
16679,1591,1705.9
16680,1611,1666.3
16681,1667,1620.2
16682,1599,1619.1
16683,1631,1607.9
16684,1620,1611.5
16685,1645,1616.5
16686,1617,1620.9
16687,1601,1620.1
16688,1569,1615.1
16689,1621,1618.1
16690,1609,1617.9
16691,1598,1611.0
16692,1628,1613.9
16693,1574,1608.2
16694,1609,1607.1
16695,1641,1606.7
16696,1661,1611.1
16697,1617,1612.7
16698,1620,1617.8
16699,1597,1615.4
16700,1599,1614.4
16701,1601,1614.7
16702,1607,1612.6
16703,1615,1616.7
16704,1601,1615.9
16705,1635,1615.3
16706,1662,1615.4
16707,1598,1613.5
16708,1628,1614.3
16709,1638,1618.4
16710,1450,1603.5
16711,1999,1643.3
16712,1996,1682.2
16713,1948,1715.5
16714,1930,1748.4
16715,1918,1776.7
16716,2069,1817.4
16717,1860,1843.6
16718,1905,1871.3
16719,1930,1900.5
16720,1936,1949.1
16721,1313,1880.5
16722,1563,1837.2
16723,1266,1769.0
16724,1542,1730.2
16725,1232,1661.6
16726,1244,1579.1
16727,1525,1545.6
16728,1225,1477.6
16729,1198,1404.4
16730,1189,1329.7
16731,1619,1360.3
16732,1176,1321.6
16733,1649,1359.9
16734,1176,1323.3
16735,1621,1362.2
16736,1176,1355.4
16737,1176,1320.5
16738,1615,1359.5
16739,1176,1357.3
16740,1653,1403.7
16741,1176,1359.4
16742,1653,1407.1
16743,1176,1359.8
16744,1500,1392.2
16745,1308,1360.9
16746,1164,1359.7
16747,1318,1373.9
16748,1180,1330.4
16749,1355,1348.3
16750,1191,1302.1
16751,1203,1304.8
16752,1283,1267.8
16753,1156,1265.8
16754,1444,1260.2
16755,1530,1282.4
16756,1504,1316.4
16757,1543,1338.9
16758,1519,1372.8
16759,1584,1395.7
16760,1537,1430.3
16761,1509,1460.9
16762,1532,1485.8
16763,1497,1519.9
16764,1436,1519.1
16765,1536,1519.7
16766,1453,1514.6
16767,1550,1515.3
16768,1462,1509.6
16769,1492,1500.4
16770,1522,1498.9
16771,1671,1515.1
16772,1464,1508.3
16773,1626,1521.2
16774,1550,1532.6
16775,1550,1534.0
16776,1693,1558.0
16777,1600,1563.0
16778,1500,1566.8
16779,1443,1561.9
16780,1542,1563.9
16781,1651,1561.9
16782,1507,1566.2
16783,1523,1555.9
16784,1554,1556.3
16785,1636,1564.9
16786,1528,1548.4
16787,1545,1542.9
16788,1508,1543.7
16789,1552,1554.6
16790,1505,1550.9
16791,1580,1543.8
16792,1484,1541.5
16793,1418,1531.0
16794,1466,1522.2
16795,1432,1501.8
16796,1489,1497.9
16797,1454,1488.8
16798,1516,1489.6
16799,1582,1492.6
16800,1799,1522.0
16801,1716,1535.6
16802,1277,1514.9
16803,1413,1514.4
16804,1276,1495.4
16805,1284,1480.6
16806,1426,1474.3
16807,1405,1469.4
16808,1516,1469.4
16809,1434,1454.6
16810,1388,1413.5
16811,1507,1392.6
16812,1636,1428.5
16813,1408,1428.0
16814,1415,1441.9
16815,1331,1446.6
16816,1400,1444.0
16817,1440,1447.5
16818,1405,1436.4
16819,1309,1423.9
16820,1587,1443.8
16821,1416,1434.7
16822,1431,1414.2
16823,1436,1417.0
16824,1363,1411.8
16825,1423,1421.0
16826,1418,1422.8
16827,1587,1437.5
16828,1407,1437.7
16829,1643,1471.1
16830,1500,1462.4
16831,1444,1465.2
16832,1442,1466.3
16833,1435,1466.2
16834,1728,1502.7
16835,1470,1507.4
16836,1461,1511.7
16837,1466,1499.6
16838,1441,1503.0
16839,1642,1502.9
16840,1449,1497.8
16841,1462,1499.6
16842,1727,1528.1
16843,1457,1530.3
16844,1503,1507.8
16845,1461,1506.9
16846,1466,1507.4
16847,1461,1506.9
16848,1446,1507.4
16849,1436,1486.8
16850,1665,1508.4
16851,2171,1579.3
16852,2162,1622.8
16853,2097,1686.8
16854,2053,1741.8
16855,1994,1795.1
16856,2166,1865.1
16857,1661,1885.1
16858,2211,1961.6
16859,1187,1936.7
16860,1924,1962.6
16861,1789,1924.4
16862,1880,1896.2
16863,2050,1891.5
16864,1923,1878.5
16865,1964,1875.5
16866,1970,1855.9
16867,1990,1888.8
16868,1886,1856.3
16869,1970,1934.6
16870,1886,1930.8
16871,1970,1948.9
16872,1621,1923.0
16873,1970,1915.0
16874,1807,1903.4
16875,1970,1904.0
16876,2106,1917.6
16877,1970,1915.6
16878,1506,1877.6
16879,1970,1877.6
16880,1452,1834.2
16881,1660,1803.2
16882,1486,1789.7
16883,1390,1731.7
16884,2013,1752.3
16885,1643,1719.6
16886,1652,1674.2
16887,1726,1649.8
16888,1672,1666.4
16889,1643,1633.7
16890,1415,1630.0
16891,1669,1630.9
16892,1329,1615.2
16893,1674,1643.6
16894,1674,1609.7
16895,1781,1623.5
16896,1529,1611.2
16897,1674,1606.0
16898,1590,1597.8
16899,2027,1636.2
16900,2027,1697.4
16901,1579,1688.4
16902,1577,1713.2
16903,1568,1702.6
16904,1561,1691.3
16905,1552,1668.4
16906,1547,1670.2
16907,1564,1659.2
16908,1563,1656.5
16909,1549,1608.7
16910,1562,1562.2
16911,1563,1560.6
16912,1565,1559.4
16913,1587,1561.3
16914,1712,1576.4
16915,1547,1575.9
16916,1552,1576.4
16917,1568,1576.8
16918,1534,1573.9
16919,1550,1574.0
16920,1544,1572.2
16921,1558,1571.7
16922,1569,1572.1
16923,1577,1571.1
16924,1596,1559.5
16925,1594,1564.2
16926,1609,1569.9
16927,1605,1573.6
16928,1594,1579.6
16929,1582,1582.8
16930,1575,1585.9
16931,1572,1587.3
16932,1140,1544.4
16933,1993,1586.0
16934,1576,1584.0
16935,1990,1623.6
16936,1591,1621.8
16937,1575,1618.8
16938,1581,1617.5
16939,1569,1616.2
16940,1583,1617.0
16941,1593,1619.1
16942,1589,1664.0
16943,1605,1625.2
16944,1617,1629.3
16945,1611,1591.4
16946,1606,1592.9
16947,1601,1595.5
16948,1451,1582.5
16949,1475,1573.1
16950,1496,1564.4
16951,1393,1544.4
16952,1418,1527.3
16953,1422,1509.0
16954,1778,1525.1
16955,1430,1507.0
16956,1441,1490.5
16957,1403,1470.7
16958,1523,1477.9
16959,1441,1474.5
16960,1388,1463.7
16961,1447,1469.1
16962,1968,1524.1
16963,1447,1526.6
16964,1492,1498.0
16965,1446,1499.6
16966,1216,1477.1
16967,1432,1480.0
16968,1419,1469.6
16969,1460,1471.5
16970,1277,1460.4
16971,1421,1457.8
16972,1440,1405.0
16973,1518,1412.1
16974,1479,1410.8
16975,1383,1404.5
16976,1492,1432.1
16977,1523,1441.2
16978,1801,1479.4
16979,1496,1483.0
16980,1505,1505.8
16981,1425,1506.2
16982,1491,1511.3
16983,1509,1510.4
16984,1268,1489.3
16985,1141,1465.1
16986,1268,1442.7
16987,1189,1409.3
16988,1189,1348.1
16989,1271,1325.6
16990,1519,1327.0
16991,1611,1345.6
16992,1784,1374.9
16993,1583,1382.3
16994,1583,1413.8
16995,1729,1472.6
16996,1420,1487.8
16997,1500,1518.9
16998,1700,1570.0
16999,1331,1576.0
17000,1463,1570.4
17001,1443,1553.6
17002,1333,1508.5
17003,1628,1513.0
17004,1342,1488.9
17005,1370,1453.0
17006,1552,1466.2
17007,1364,1452.6
17008,1518,1434.4
17009,1383,1439.6
17010,1688,1462.1
17011,1392,1457.0
17012,1225,1446.2
17013,1389,1422.3
17014,1594,1447.5
17015,1558,1466.3
17016,1369,1448.0
17017,1374,1449.0
17018,1430,1440.2
17019,1489,1450.8
17020,1363,1418.3
17021,1363,1415.4
17022,1469,1439.8
17023,1646,1465.5
17024,1365,1442.6
17025,1368,1423.6
17026,1962,1482.9
17027,1375,1483.0
17028,1604,1500.4
17029,1554,1506.9
17030,1394,1510.0
17031,1679,1541.6
17032,1519,1546.6
17033,1394,1521.4
17034,1648,1549.7
17035,1643,1577.2
17036,1638,1544.8
17037,1657,1573.0
17038,1653,1577.9
17039,1601,1582.6
17040,1543,1597.5
17041,1394,1569.0
17042,1528,1569.9
17043,1738,1604.3
17044,1535,1593.0
17045,1568,1585.5
17046,1783,1600.0
17047,2060,1640.3
17048,1527,1627.7
17049,2060,1673.6
17050,1553,1674.6
17051,2060,1741.2
17052,1768,1765.2
17053,1876,1779.0
17054,2060,1831.5
17055,2060,1880.7
17056,1500,1852.4
17057,1500,1796.4
17058,2060,1849.7
17059,2060,1849.7
17060,1500,1844.4
17061,1500,1788.4
17062,2060,1817.6
17063,1513,1781.3
17064,1440,1719.3
17065,1459,1659.2
17066,1573,1666.5
17067,1672,1683.7
17068,1507,1628.4
17069,1741,1596.5
17070,1409,1587.4
17071,1552,1592.6
17072,1679,1554.5
17073,1833,1586.5
17074,1508,1593.3
17075,1340,1581.4
17076,1502,1574.3
17077,1354,1542.5
17078,1312,1523.0
17079,1407,1489.6
17080,1366,1485.3
17081,1282,1458.3
17082,1460,1436.4
17083,1379,1391.0
17084,1366,1376.8
17085,1357,1378.5
17086,1365,1364.8
17087,1374,1366.8
17088,1425,1378.1
17089,1395,1376.9
17090,1360,1376.3
17091,1756,1423.7
17092,1374,1415.1
17093,1401,1417.3
17094,1383,1419.0
17095,1383,1421.6
17096,1352,1420.3
17097,1421,1425.0
17098,1323,1414.8
17099,1314,1406.7
17100,1362,1406.9
17101,1371,1368.4
17102,1442,1375.2
17103,1368,1371.9
17104,1464,1380.0
17105,1388,1380.5
17106,1204,1365.7
17107,1464,1370.0
17108,1464,1384.1
17109,1337,1386.4
17110,1516,1401.8
17111,1526,1417.3
17112,1413,1414.4
17113,1473,1424.9
17114,1479,1426.4
17115,1417,1429.3
17116,1263,1435.2
17117,1442,1433.0
17118,1644,1451.0
17119,1456,1462.9
17120,1465,1457.8
17121,1392,1444.4
17122,1463,1449.4
17123,1476,1449.7
17124,1615,1463.3
17125,1446,1466.2
17126,1382,1478.1
17127,1472,1481.1
17128,1480,1464.7
17129,1309,1450.0
17130,1328,1436.3
17131,1469,1444.0
17132,1632,1460.9
17133,1458,1459.1
17134,1467,1444.3
17135,1481,1447.8
17136,1535,1463.1
17137,1564,1472.3
17138,1505,1474.8
17139,1496,1493.5
17140,1567,1517.4
17141,1506,1521.1
17142,1516,1509.5
17143,1524,1516.1
17144,1644,1533.8
17145,1618,1547.5
17146,1540,1548.0
17147,1512,1542.8
17148,1738,1566.1
17149,1513,1567.8
17150,1561,1567.2
17151,1533,1569.9
17152,1592,1577.5
17153,1726,1597.7
17154,1606,1593.9
17155,1643,1596.4
17156,1548,1597.2
17157,1537,1599.7
17158,1603,1586.2
17159,1546,1589.5
17160,1500,1583.4
17161,1546,1584.7
17162,1500,1575.5
17163,1546,1557.5
17164,1546,1551.5
17165,1604,1547.6
17166,1523,1545.1
17167,1571,1548.5
17168,1683,1556.5
17169,1649,1566.8
17170,1509,1567.7
17171,1518,1564.9
17172,1704,1585.3
17173,1520,1582.7
17174,1624,1590.5
17175,1513,1581.4
17176,1603,1589.4
17177,1509,1583.2
17178,1618,1576.7
17179,1522,1564.0
17180,1555,1568.6
17181,1651,1581.9
17182,1545,1566.0
17183,1567,1570.7
17184,1565,1564.8
17185,1574,1570.9
17186,1582,1568.8
17187,1650,1582.9
17188,1438,1564.9
17189,1486,1561.3
17190,1418,1547.6
17191,1390,1521.5
17192,1428,1509.8
17193,1384,1491.5
17194,1598,1494.8
17195,1394,1476.8
17196,1396,1458.2
17197,1738,1467.0
17198,1749,1498.1
17199,1396,1489.1
17200,1380,1485.3
17201,1360,1482.3
17202,1345,1474.0
17203,1473,1482.9
17204,1365,1459.6
17205,1474,1467.6
17206,1389,1466.9
17207,1375,1430.6
17208,1372,1392.9
17209,1430,1396.3
17210,1516,1409.9
17211,1699,1443.8
17212,1448,1454.1
17213,1413,1448.1
17214,1432,1454.8
17215,1466,1454.0
17216,1472,1462.3
17217,1413,1466.1
17218,1429,1471.8
17219,1484,1477.2
17220,1495,1475.1
17221,1391,1444.3
17222,1431,1442.6
17223,1416,1442.9
17224,1495,1449.2
17225,1276,1430.2
17226,1298,1412.8
17227,1351,1406.6
17228,1323,1396.0
17229,1628,1410.4
17230,1357,1396.6
17231,1385,1396.0
17232,1558,1408.7
17233,1462,1413.3
17234,2035,1467.3
17235,2053,1545.0
17236,1468,1562.0
17237,2043,1631.2
17238,1994,1698.3
17239,1684,1703.9
17240,1703,1738.5
17241,1807,1780.7
17242,1953,1820.2
17243,1679,1841.9
17244,1398,1778.2
17245,1873,1760.2
17246,1664,1779.8
17247,1646,1740.1
17248,1518,1692.5
17249,1575,1681.6
17250,1563,1667.6
17251,1551,1642.0
17252,1551,1601.8
17253,1552,1589.1
17254,1526,1601.9
17255,1569,1571.5
17256,1577,1562.8
17257,1603,1558.5
17258,1323,1539.0
17259,1724,1553.9
17260,1532,1550.8
17261,1545,1550.2
17262,1552,1550.3
17263,1513,1546.4
17264,1566,1550.4
17265,1555,1549.0
17266,1555,1546.8
17267,1567,1543.2
17268,1576,1568.5
17269,1779,1574.0
17270,1576,1578.4
17271,1600,1583.9
17272,1576,1586.3
17273,1566,1591.6
17274,1530,1588.0
17275,1564,1588.9
17276,1578,1591.2
17277,1551,1589.6
17278,1569,1588.9
17279,1523,1563.3
17280,1542,1559.9
17281,1600,1559.9
17282,1517,1554.0
17283,1565,1553.9
17284,1577,1558.6
17285,1714,1573.6
17286,1578,1573.6
17287,1437,1562.2
17288,1559,1561.2
17289,1291,1538.0
17290,1657,1549.5
17291,1303,1519.8
17292,1303,1498.4
17293,1418,1483.7
17294,1303,1456.3
17295,1431,1428.0
17296,1699,1440.1
17297,1626,1459.0
17298,1294,1432.5
17299,1381,1441.5
17300,1296,1405.4
17301,1693,1444.4
17302,1259,1440.0
17303,1693,1467.5
17304,1640,1501.2
17305,1712,1529.3
17306,1621,1521.5
17307,1704,1529.3
17308,2406,1640.5
17309,1549,1657.3
17310,1683,1696.0
17311,1666,1693.3
17312,1867,1754.1
17313,1664,1751.2
17314,1671,1754.3
17315,2041,1787.2
17316,1697,1794.8
17317,1634,1787.8
17318,1818,1729.0
17319,1700,1744.1
17320,1696,1745.4
17321,1962,1775.0
17322,1706,1758.9
17323,1907,1783.2
17324,1850,1801.1
17325,1700,1767.0
17326,1705,1767.8
17327,1694,1773.8
17328,1704,1762.4
17329,1767,1769.1
17330,1726,1772.1
17331,1696,1745.5
17332,2252,1800.1
17333,1791,1788.5
17334,1731,1776.6
17335,1720,1778.6
17336,1750,1783.1
17337,1717,1785.4
17338,1744,1789.4
17339,1708,1783.5
17340,1515,1762.4
17341,1885,1781.3
17342,1710,1727.1
17343,1500,1698.0
17344,1885,1713.4
17345,1885,1729.9
17346,1645,1719.4
17347,1546,1702.3
17348,1670,1694.9
17349,1885,1712.6
17350,1743,1735.4
17351,1754,1722.3
17352,1637,1715.0
17353,1440,1709.0
17354,1738,1694.3
17355,1733,1679.1
17356,1579,1672.5
17357,1716,1689.5
17358,1507,1673.2
17359,1512,1635.9
17360,1773,1638.9
17361,1757,1639.2
17362,1747,1650.2
17363,1755,1681.7
17364,1732,1681.1
17365,1756,1683.4
17366,1772,1702.7
17367,1762,1707.3
17368,1563,1712.9
17369,1522,1713.9
17370,1784,1715.0
17371,2059,1745.2
17372,1803,1750.8
17373,1777,1753.0
17374,1803,1760.1
17375,1811,1765.6
17376,1830,1771.4
17377,1662,1761.4
17378,1832,1788.3
17379,1978,1833.9
17380,1298,1785.3
17381,1367,1716.1
17382,1344,1670.2
17383,1351,1627.6
17384,1344,1581.7
17385,1607,1561.3
17386,1321,1510.4
17387,1325,1476.7
17388,1322,1425.7
17389,1297,1357.6
17390,1081,1335.9
17391,1277,1326.9
17392,1226,1315.1
17393,1500,1330.0
17394,1110,1306.6
17395,1277,1273.6
17396,1378,1279.3
17397,1580,1304.8
17398,1510,1323.6
17399,1344,1328.3
17400,1477,1367.9
17401,1711,1411.3
17402,1742,1462.9
17403,1726,1485.5
17404,1779,1552.4
17405,1709,1595.6
17406,1696,1627.4
17407,1687,1638.1
17408,1720,1659.1
17409,1662,1690.9
17410,1670,1710.2
17411,1780,1717.1
17412,1629,1705.8
17413,1634,1696.6
17414,1652,1683.9
17415,1622,1675.2
17416,1738,1679.4
17417,1732,1683.9
17418,1622,1674.1
17419,1609,1668.8
17420,1595,1661.3
17421,1688,1652.1
17422,1611,1650.3
17423,1597,1646.6
17424,1716,1653.0
17425,1587,1649.5
17426,1780,1653.7
17427,1799,1660.4
17428,1606,1658.8
17429,1615,1659.4
17430,1731,1673.0
17431,1610,1665.2
17432,1691,1673.2
17433,1606,1674.1
17434,1712,1673.7
17435,1607,1675.7
17436,1655,1663.2
17437,1604,1643.7
17438,1759,1659.0
17439,1752,1672.7
17440,1832,1682.8
17441,1665,1688.3
17442,1708,1690.0
17443,1603,1689.7
17444,1730,1691.5
17445,1596,1690.4
17446,1775,1702.4
17447,1606,1702.6
17448,1807,1707.4
17449,1869,1719.1
17450,2208,1756.7
17451,2228,1813.0
17452,2187,1860.9
17453,1879,1888.5
17454,2168,1932.3
17455,2188,1991.5
17456,2016,2015.6
17457,2180,2073.0
17458,1669,2059.2
17459,2178,2090.1
17460,2157,2085.0
17461,2071,2069.3
17462,1812,2031.8
17463,2169,2060.8
17464,2168,2060.8
17465,1614,2003.4
17466,2165,2018.3
17467,1468,1947.1
17468,2162,1996.4
17469,1826,1961.2
17470,2065,1952.0
17471,2075,1952.4
17472,2154,1986.6
17473,2093,1979.0
17474,2000,1962.2
17475,2126,2013.4
17476,2020,1998.9
17477,2109,2063.0
17478,2122,2059.0
17479,1810,2057.4
17480,2105,2061.4
17481,2062,2060.1
17482,1786,2023.3
17483,2122,2026.2
17484,2113,2037.5
17485,1778,2002.7
17486,2099,2010.6
17487,1865,1986.2
17488,1782,1952.2
17489,1767,1947.9
17490,1411,1878.5
17491,1700,1842.3
17492,1772,1840.9
17493,1693,1798.0
17494,1693,1756.0
17495,1957,1773.9
17496,1980,1762.0
17497,1996,1775.1
17498,1949,1791.8
17499,1969,1812.0
17500,2058,1876.7
17501,1944,1901.1
17502,1930,1916.9
17503,2004,1948.0
17504,2088,1987.5
17505,1906,1982.4
17506,2146,1999.0
17507,1957,1995.1
17508,1938,1994.0
17509,1917,1988.8
17510,1928,1975.8
17511,1954,1976.8
17512,1941,1977.9
17513,1953,1972.8
17514,1952,1959.2
17515,1943,1962.9
17516,1974,1945.7
17517,2035,1953.5
17518,1972,1956.9
17519,1973,1962.5
17520,1980,1967.7
17521,2022,1974.5
17522,2000,1980.4
17523,1991,1984.2
17524,2186,2007.6
17525,1958,2009.1
17526,1932,2004.9
17527,1980,1999.4
17528,1500,1952.2
17529,1464,1901.3
17530,1681,1871.4
17531,1674,1836.6
17532,1542,1790.8
17533,1708,1762.5
17534,1528,1696.7
17535,1870,1687.9
17536,1538,1648.5
17537,1628,1613.3
17538,1754,1638.7
17539,1558,1648.1
17540,1762,1656.2
17541,1549,1643.7
17542,1557,1645.2
17543,1607,1635.1
17544,1547,1637.0
17545,1550,1605.0
17546,1737,1624.9
17547,1568,1618.9
17548,1572,1600.7
17549,1920,1636.9
17550,1578,1618.5
17551,1911,1654.7
17552,1728,1671.8
17553,1597,1670.8
17554,1750,1691.1
17555,1857,1721.8
17556,1556,1703.7
17557,1717,1718.6
17558,1752,1736.6
17559,1771,1721.7
17560,1500,1713.9
17561,1634,1686.2
17562,1771,1690.5
17563,1829,1713.7
17564,1654,1704.1
17565,1741,1692.5
17566,1414,1678.3
17567,1730,1679.6
17568,1650,1669.4
17569,1715,1663.8
17570,1415,1655.3
17571,1721,1664.0
17572,1711,1658.0
17573,1725,1647.6
17574,1635,1645.7
17575,1675,1639.1
17576,1723,1670.0
17577,1730,1670.0
17578,1778,1682.8
17579,1693,1680.6
17580,1716,1710.7
17581,1779,1716.5
17582,1471,1692.5
17583,1717,1691.7
17584,1701,1698.3
17585,1533,1684.1
17586,2156,1727.4
17587,1688,1723.2
17588,2168,1762.2
17589,1659,1758.8
17590,1523,1739.5
17591,1767,1738.3
17592,1192,1710.4
17593,1539,1692.6
17594,1844,1706.9
17595,1539,1707.5
17596,1844,1676.3
17597,1539,1661.4
17598,1855,1630.1
17599,1539,1618.1
17600,1315,1597.3
17601,1528,1573.4
17602,1539,1608.1
17603,1539,1608.1
17604,1657,1589.4
17605,1463,1581.8
17606,1826,1580.0
17607,1266,1552.7
17608,1500,1517.2
17609,1750,1538.3
17610,1500,1556.8
17611,1500,1554.0
17612,1500,1550.1
17613,1500,1546.2
17614,1500,1530.5
17615,1302,1514.4
17616,1559,1487.7
17617,1566,1517.7
17618,1636,1531.3
17619,1580,1514.3
17620,1580,1522.3
17621,1589,1531.2
17622,1438,1525.0
17623,1592,1534.2
17624,1621,1546.3
17625,1602,1576.3
17626,1602,1580.6
17627,1591,1583.1
17628,1618,1581.3
17629,1614,1584.7
17630,1595,1586.2
17631,1600,1587.3
17632,1600,1603.5
17633,1600,1604.3
17634,1600,1602.2
17635,1619,1603.9
17636,1600,1603.7
17637,1500,1594.6
17638,1600,1592.8
17639,1720,1603.4
17640,1608,1604.7
17641,1589,1603.6
17642,1589,1602.5
17643,1538,1596.3
17644,1589,1595.2
17645,1599,1593.2
17646,1594,1592.6
17647,1691,1611.7
17648,1589,1610.6
17649,1500,1588.6
17650,1579,1585.7
17651,1568,1583.6
17652,1565,1581.2
17653,1585,1585.9
17654,1513,1578.3
17655,1581,1576.5
17656,1581,1575.2
17657,1598,1565.9
17658,1500,1557.0
17659,1190,1526.0
17660,1597,1527.8
17661,1524,1523.4
17662,2109,1577.8
17663,2270,1646.3
17664,2154,1710.4
17665,2115,1763.8
17666,2191,1824.8
17667,2294,1894.4
17668,1877,1932.1
17669,1097,1922.8
17670,1112,1874.3
17671,1374,1859.3
17672,1604,1808.8
17673,1364,1718.2
17674,1954,1698.2
17675,2151,1701.8
17676,1853,1668.0
17677,2224,1661.0
17678,1859,1659.2
17679,1920,1741.5
17680,2092,1839.5
17681,2094,1911.5
17682,1543,1905.4
17683,1952,1964.2
17684,1496,1918.4
17685,1500,1853.3
17686,1515,1819.5
17687,1524,1749.5
17688,1512,1714.8
17689,1590,1681.8
17690,1532,1625.8
17691,1497,1566.1
17692,1525,1564.3
17693,1495,1518.6
17694,1503,1519.3
17695,1530,1522.3
17696,1501,1520.9
17697,1512,1519.7
17698,1501,1518.6
17699,1510,1510.6
17700,1520,1509.4
17701,1566,1516.3
17702,1539,1517.7
17703,1544,1522.6
17704,1596,1531.9
17705,1532,1532.1
17706,1559,1537.9
17707,1546,1541.3
17708,1566,1547.8
17709,1523,1549.1
17710,1557,1552.8
17711,1590,1555.2
17712,1522,1553.5
17713,1577,1556.8
17714,1579,1555.1
17715,1632,1565.1
17716,1627,1571.9
17717,1585,1575.8
17718,1519,1571.1
17719,2032,1622.0
17720,1118,1578.1
17721,1120,1531.1
17722,1143,1493.2
17723,1051,1440.6
17724,1684,1451.1
17725,1012,1389.1
17726,1500,1376.4
17727,1028,1320.7
17728,1442,1313.0
17729,1347,1244.5
17730,1500,1282.7
17731,1034,1274.1
17732,1405,1300.3
17733,1054,1300.6
17734,1580,1290.2
17735,1467,1335.7
17736,1381,1323.8
17737,1042,1325.2
17738,1500,1331.0
17739,1510,1347.3
17740,1381,1335.4
17741,1381,1370.1
17742,1288,1358.4
17743,1381,1391.1
17744,1392,1372.3
17745,1635,1389.1
17746,1405,1391.5
17747,1406,1427.9
17748,1405,1418.4
17749,1728,1440.2
17750,1505,1452.6
17751,1405,1455.0
17752,1500,1476.2
17753,1340,1472.1
17754,1432,1476.1
17755,1448,1457.4
17756,1715,1488.4
17757,1450,1492.8
17758,1715,1523.8
17759,1096,1460.6
17760,1480,1458.1
17761,1932,1510.8
17762,1390,1499.8
17763,1486,1514.4
17764,1484,1519.6
17765,1319,1506.7
17766,1461,1481.3
17767,1481,1484.4
17768,1890,1501.9
17769,1387,1531.0
17770,1892,1572.2
17771,1602,1539.2
17772,1886,1588.8
17773,1907,1630.9
17774,1822,1664.7
17775,1946,1727.4
17776,1722,1753.5
17777,1971,1802.5
17778,1878,1801.3
17779,1983,1860.9
17780,1779,1849.6
17781,1969,1886.3
17782,1919,1889.6
17783,1801,1879.0
17784,1968,1893.6
17785,1842,1883.2
17786,1950,1906.0
17787,2012,1910.1
17788,1909,1913.2
17789,1500,1864.9
17790,1904,1877.4
17791,1904,1870.9
17792,1903,1869.3
17793,1571,1846.3
17794,1941,1843.6
17795,1356,1795.0
17796,1293,1729.3
17797,1471,1675.2
17798,1931,1677.4
17799,1675,1694.9
17800,1675,1672.0
17801,2123,1693.9
17802,2210,1724.6
17803,2110,1778.5
17804,1585,1742.9
17805,1655,1772.8
17806,1190,1762.5
17807,1500,1765.4
17808,1190,1691.3
17809,1500,1673.8
17810,1190,1625.3
17811,1500,1563.0
17812,1190,1461.0
17813,1500,1400.0
17814,1332,1374.7
17815,1190,1328.2
17816,1205,1329.7
17817,1500,1329.7
17818,1214,1332.1
17819,1460,1328.1
17820,1237,1332.8
17821,1425,1325.3
17822,1252,1331.5
17823,1252,1306.7
17824,1252,1298.7
17825,1340,1313.7
17826,1272,1320.4
17827,1345,1304.9
17828,1328,1316.3
17829,1256,1295.9
17830,1399,1312.1
17831,1159,1285.5
17832,1476,1307.9
17833,1189,1301.6
17834,1205,1296.9
17835,1450,1307.9
17836,1444,1325.1
17837,1313,1321.9
17838,1340,1323.1
17839,1292,1326.7
17840,1421,1328.9
17841,1821,1395.1
17842,2225,1470.0
17843,1843,1535.4
17844,1541,1569.0
17845,1936,1617.6
17846,2233,1696.5
17847,2209,1786.1
17848,2209,1873.0
17849,1900,1933.8
17850,1856,1977.3
17851,1818,1977.0
17852,2182,1972.7
17853,1690,1957.4
17854,2174,2020.7
17855,1957,2022.8
17856,1741,1973.6
17857,2191,1971.8
17858,2181,1969.0
17859,1640,1943.0
17860,2174,1974.8
17861,1439,1936.9
17862,1959,1914.6
17863,2138,1959.4
17864,1822,1924.2
17865,2123,1940.8
17866,2119,1978.6
17867,1968,1956.3
17868,2069,1945.1
17869,2016,1982.7
17870,2076,1972.9
17871,1979,2026.9
17872,2071,2038.1
17873,1999,2024.2
17874,1916,2033.6
17875,1726,1993.9
17876,1450,1927.0
17877,1264,1856.6
17878,2011,1850.8
17879,2300,1879.2
17880,2103,1881.9
17881,2290,1913.0
17882,2008,1906.7
17883,2303,1937.1
17884,2299,1975.4
17885,2270,2029.8
17886,2321,2116.9
17887,2287,2219.2
17888,2225,2240.6
17889,2179,2228.5
17890,2305,2248.7
17891,2074,2227.1
17892,2290,2255.3
17893,2287,2253.7
17894,1959,2219.7
17895,2279,2220.6
17896,2267,2215.2
17897,2320,2218.5
17898,2274,2223.4
17899,2282,2233.7
17900,2293,2232.5
17901,2000,2225.1
17902,2280,2224.1
17903,2293,2224.7
17904,2280,2256.8
17905,2291,2258.0
17906,2052,2236.5
17907,2255,2230.0
17908,2270,2229.6
17909,1941,2195.5
17910,2264,2192.6
17911,1902,2182.8
17912,2163,2171.1
17913,2249,2166.7
17914,2362,2174.9
17915,2264,2172.2
17916,2259,2192.9
17917,2255,2192.9
17918,2287,2194.6
17919,2007,2201.2
17920,1537,2128.5
17921,1354,2073.7
17922,1629,2020.3
17923,1543,1949.7
17924,1552,1868.7
17925,1348,1777.1
17926,1446,1695.8
17927,1582,1628.5
17928,1589,1558.7
17929,1555,1513.5
17930,1591,1518.9
17931,1583,1541.8
17932,1523,1531.2
17933,1560,1532.9
17934,1553,1533.0
17935,1500,1548.2
17936,1500,1553.6
17937,1464,1541.8
17938,1500,1532.9
17939,1631,1540.5
17940,1500,1531.4
17941,1704,1543.5
17942,1856,1576.8
17943,1500,1570.8
17944,1380,1553.5
17945,1037,1507.2
17946,1006,1457.8
17947,1361,1447.5
17948,1345,1432.0
17949,1161,1385.0
17950,1357,1370.7
17951,1667,1367.0
17952,1829,1364.3
17953,1816,1395.9
17954,1868,1444.7
17955,1821,1523.1
17956,1851,1607.6
17957,1861,1657.6
17958,1886,1711.7
17959,2102,1805.8
17960,2105,1880.6
17961,1816,1895.5
17962,2105,1923.1
17963,1816,1923.1
17964,2052,1941.5
17965,2047,1964.1
17966,1807,1959.7
17967,1883,1961.9
17968,1810,1954.3
17969,1816,1925.7
17970,1988,1914.0
17971,1828,1915.2
17972,1809,1885.6
17973,1970,1901.0
17974,1824,1878.2
17975,1828,1856.3
17976,1864,1862.0
17977,1788,1852.5
17978,1768,1848.3
17979,1888,1855.5
17980,1760,1832.7
17981,1756,1825.5
17982,1910,1835.6
17983,1539,1792.5
17984,1611,1771.2
17985,1910,1779.4
17986,1449,1737.9
17987,1726,1731.7
17988,1401,1695.0
17989,1704,1676.6
17990,1035,1604.1
17991,1703,1598.8
17992,1500,1557.8
17993,1703,1574.2
17994,1141,1527.2
17995,1145,1450.7
17996,1758,1481.6
17997,1466,1455.6
17998,1983,1513.8
17999,1337,1477.1
18000,1500,1523.6
18001,2003,1553.6
18002,1979,1601.5
18003,1969,1628.1
18004,1984,1712.4
18005,1976,1795.5
18006,1860,1805.7
18007,1984,1857.5
18008,1848,1844.0
18009,1969,1907.2
18010,1947,1951.9
18011,1947,1946.3
18012,1500,1898.4
18013,1500,1851.5
18014,1500,1803.1
18015,1946,1800.1
18016,1965,1810.6
18017,1964,1808.6
18018,1837,1807.5
18019,1837,1794.3
18020,1929,1792.5
18021,1994,1797.2
18022,1935,1840.7
18023,1938,1884.5
18024,1935,1928.0
18025,1938,1927.2
18026,1913,1922.0
18027,1901,1915.7
18028,1891,1921.1
18029,1842,1921.6
18030,1870,1915.7
18031,1860,1902.3
18032,1871,1895.9
18033,1793,1881.4
18034,1864,1874.3
18035,1770,1857.5
18036,1891,1855.3
18037,1882,1853.4
18038,1729,1837.2
18039,1863,1839.3
18040,1876,1839.9
18041,1865,1840.4
18042,1754,1828.7
18043,1842,1833.6
18044,1603,1807.5
18045,1830,1813.5
18046,1273,1751.7
18047,1285,1692.0
18048,1295,1648.6
18049,1299,1592.2
18050,1285,1533.1
18051,1283,1474.9
18052,1264,1425.9
18053,1251,1366.8
18054,1262,1332.7
18055,1276,1277.3
18056,1285,1278.5
18057,1287,1278.7
18058,1289,1278.1
18059,1272,1275.4
18060,1276,1274.5
18061,1285,1274.7
18062,1267,1275.0
18063,1264,1276.3
18064,1272,1277.3
18065,1265,1276.2
18066,1256,1273.3
18067,1267,1271.3
18068,1271,1269.5
18069,1282,1270.5
18070,1289,1271.8
18071,1301,1273.4
18072,1307,1277.4
18073,1295,1280.5
18074,1297,1283.0
18075,1296,1286.1
18076,1297,1290.2
18077,1303,1293.8
18078,1290,1295.7
18079,1297,1297.2
18080,1298,1298.1
18081,1307,1298.7
18082,1309,1298.9
18083,1320,1301.4
18084,1330,1304.7
18085,1343,1309.4
18086,1329,1312.6
18087,1341,1316.4
18088,1332,1320.6
18089,1338,1324.7
18090,1346,1329.5
18091,1333,1332.1
18092,1345,1335.7
18093,1341,1337.8
18094,1484,1353.2
18095,1617,1380.6
18096,1574,1405.1
18097,1612,1432.2
18098,1657,1464.7
18099,1657,1496.6
18100,1991,1561.1
18101,1991,1626.9
18102,2100,1702.4
18103,2260,1794.3
18104,2200,1865.9
18105,2182,1922.4
18106,2213,1986.3
18107,2089,2034.0
18108,2223,2090.6
18109,2213,2146.2
18110,2205,2167.6
18111,2201,2188.6
18112,2197,2198.3
18113,2148,2187.1
18114,2200,2187.1
18115,2334,2202.3
18116,1368,2117.8
18117,1446,2053.5
18118,1260,1957.2
18119,1233,1859.2
18120,1491,1787.8
18121,1240,1691.7
18122,1548,1626.8
18123,1232,1535.2
18124,1188,1434.0
18125,1517,1352.3
18126,1193,1334.8
18127,1351,1325.3
18128,1209,1320.2
18129,1369,1333.8
18130,1227,1307.4
18131,1634,1346.8
18132,1236,1315.6
18133,1353,1327.7
18134,1220,1330.9
18135,1361,1315.3
18136,1456,1341.6
18137,1254,1331.9
18138,1265,1337.5
18139,1829,1383.5
18140,1269,1387.7
18141,1596,1383.9
18142,1427,1403.0
18143,1291,1396.8
18144,1450,1419.8
18145,2081,1491.8
18146,1653,1511.5
18147,2076,1593.7
18148,1917,1658.9
18149,1986,1674.6
18150,2051,1752.8
18151,2041,1797.3
18152,1900,1844.6
18153,2007,1916.2
18154,2015,1972.7
18155,2184,1983.0
18156,1992,2016.9
18157,2083,2017.6
18158,1970,2022.9
18159,1746,1998.9
18160,1975,1991.3
18161,1988,1986.0
18162,1905,1986.5
18163,1974,1983.2
18164,1973,1979.0
18165,1613,1921.9
18166,1963,1919.0
18167,1612,1871.9
18168,1955,1870.4
18169,1943,1890.1
18170,1933,1885.9
18171,1894,1876.5
18172,2121,1898.1
18173,1916,1892.3
18174,1550,1850.0
18175,1963,1885.0
18176,1907,1879.4
18177,1961,1914.3
18178,1899,1908.7
18179,1902,1904.6
18180,1881,1899.4
18181,1875,1897.5
18182,1871,1872.5
18183,2106,1891.5
18184,1844,1920.9
18185,1500,1874.6
18186,1780,1861.9
18187,1750,1840.8
18188,1628,1813.7
18189,1841,1807.6
18190,1624,1781.9
18191,1301,1724.5
18192,1395,1676.9
18193,1300,1596.3
18194,1328,1544.7
18195,1415,1536.2
18196,1502,1508.4
18197,1320,1465.4
18198,1345,1437.1
18199,1339,1386.9
18200,1349,1359.4
18201,1380,1367.3
18202,1173,1345.1
18203,1327,1347.8
18204,1313,1346.3
18205,1351,1339.9
18206,1292,1318.9
18207,1480,1334.9
18208,1357,1336.1
18209,1295,1331.7
18210,1570,1353.8
18211,1357,1351.5
18212,1427,1376.9
18213,1486,1392.8
18214,1325,1394.0
18215,1627,1421.6
18216,1421,1434.5
18217,1277,1414.2
18218,1377,1416.2
18219,1365,1423.2
18220,1459,1412.1
18221,1340,1410.4
18222,1353,1403.0
18223,1317,1386.1
18224,1418,1395.4
18225,1354,1368.1
18226,1373,1363.3
18227,1363,1371.9
18228,1254,1359.6
18229,1179,1341.0
18230,1381,1333.2
18231,1374,1336.6
18232,1639,1365.2
18233,1641,1397.6
18234,1636,1419.4
18235,1625,1446.5
18236,1845,1493.7
18237,1654,1522.8
18238,1696,1567.0
18239,1661,1615.2
18240,1630,1640.1
18241,1284,1631.1
18242,1636,1630.8
18243,1629,1629.6
18244,1615,1627.5
18245,1666,1631.6
18246,864,1533.5
18247,1650,1533.1
18248,1305,1494.0
18249,1669,1494.8
18250,1591,1490.9
18251,1632,1525.7
18252,1777,1539.8
18253,1523,1529.2
18254,1680,1535.7
18255,1632,1532.3
18256,1711,1617.0
18257,1708,1622.8
18258,1999,1692.2
18259,1636,1688.9
18260,1743,1704.1
18261,1614,1702.3
18262,1561,1680.7
18263,1301,1658.5
18264,1630,1653.5
18265,1320,1622.3
18266,1327,1583.9
18267,1517,1564.8
18268,1336,1498.5
18269,1345,1469.4
18270,1465,1441.6
18271,1559,1436.1
18272,1404,1420.4
18273,1304,1420.7
18274,1307,1388.4
18275,1306,1387.0
18276,1471,1401.4
18277,1266,1376.3
18278,1291,1371.8
18279,1307,1368.0
18280,1297,1351.2
18281,1319,1327.2
18282,1639,1350.7
18283,1286,1348.9
18284,1715,1389.7
18285,1264,1385.5
18286,1239,1362.3
18287,1455,1381.2
18288,1261,1378.2
18289,1238,1371.3
18290,1425,1384.1
18291,1224,1374.6
18292,1205,1331.2
18293,1605,1363.1
18294,1943,1385.9
18295,1210,1380.5
18296,1682,1424.8
18297,1212,1400.5
18298,1397,1414.1
18299,1609,1451.2
18300,1204,1429.1
18301,1306,1437.3
18302,1558,1472.6
18303,1859,1498.0
18304,1951,1498.8
18305,1887,1566.5
18306,2209,1619.2
18307,1725,1670.5
18308,1500,1680.8
18309,1401,1660.0
18310,1632,1702.8
18311,1530,1725.2
18312,1654,1734.8
18313,1647,1713.6
18314,1494,1667.9
18315,1539,1633.1
18316,1820,1594.2
18317,1606,1582.3
18318,1594,1591.7
18319,1621,1613.7
18320,1605,1611.0
18321,1589,1616.9
18322,1581,1609.6
18323,1523,1597.2
18324,1248,1572.6
18325,1564,1575.1
18326,1582,1551.3
18327,1600,1550.7
18328,1555,1546.8
18329,2621,1646.8
18330,1584,1644.7
18331,1536,1639.4
18332,1594,1640.7
18333,1546,1643.0
18334,1575,1675.7
18335,1562,1675.5
18336,1567,1674.0
18337,1500,1664.0
18338,1566,1665.1
18339,2430,1646.0
18340,1538,1641.4
18341,1714,1659.2
18342,1587,1658.5
18343,1653,1669.2
18344,1546,1666.3
18345,1596,1669.7
18346,1582,1671.2
18347,1586,1679.8
18348,1717,1694.9
18349,2029,1654.8
18350,1686,1669.6
18351,1604,1658.6
18352,1615,1661.4
18353,1628,1658.9
18354,1319,1636.2
18355,2296,1706.2
18356,1319,1679.9
18357,2296,1750.9
18358,2294,1808.6
18359,1319,1737.6
18360,2294,1798.4
18361,1319,1769.9
18362,2294,1837.8
18363,2294,1904.4
18364,1319,1904.4
18365,2294,1904.2
18366,1363,1908.6
18367,1095,1788.5
18368,1175,1676.6
18369,1076,1652.3
18370,1221,1545.0
18371,1059,1519.0
18372,1368,1426.4
18373,1059,1302.9
18374,1080,1279.0
18375,1793,1228.9
18376,2364,1329.0
18377,1704,1389.9
18378,2008,1473.2
18379,2010,1566.6
18380,1982,1642.7
18381,2344,1771.2
18382,1987,1833.1
18383,1837,1910.9
18384,1750,1977.9
18385,2199,2018.5
18386,1976,1979.7
18387,1687,1978.0
18388,1557,1932.9
18389,1831,1915.0
18390,1767,1893.5
18391,1351,1794.2
18392,1162,1711.7
18393,1829,1710.9
18394,1772,1713.1
18395,1827,1675.9
18396,1805,1658.8
18397,1818,1671.9
18398,2162,1732.4
18399,1811,1730.4
18400,1531,1706.8
18401,1847,1756.4
18402,1781,1818.3
18403,1648,1800.2
18404,2477,1870.7
18405,2105,1898.5
18406,1785,1896.5
18407,2197,1934.4
18408,2477,1965.9
18409,1782,1963.0
18410,1764,1986.3
18411,2015,2003.1
18412,1858,2010.8
18413,1748,2020.8
18414,1090,1882.1
18415,2443,1915.9
18416,1678,1905.2
18417,1732,1858.7
18418,1732,1784.2
18419,1735,1779.5
18420,1742,1777.3
18421,2020,1777.8
18422,1878,1779.8
18423,2061,1811.1
18424,1483,1850.4
18425,1539,1760.0
18426,1301,1722.3
18427,1530,1702.1
18428,1548,1683.7
18429,1268,1637.0
18430,1576,1620.4
18431,1572,1575.6
18432,1578,1545.6
18433,1565,1496.0
18434,1570,1504.7
18435,1925,1543.3
18436,1557,1568.9
18437,1411,1557.0
18438,1539,1556.1
18439,1560,1585.3
18440,1144,1542.1
18441,1931,1578.0
18442,1727,1592.9
18443,1532,1589.6
18444,1546,1587.2
18445,1535,1548.2
18446,1769,1569.4
18447,1348,1563.1
18448,1554,1564.6
18449,1554,1564.0
18450,1645,1614.1
18451,1552,1576.2
18452,1584,1561.9
18453,1556,1564.3
18454,1615,1571.2
18455,1720,1589.7
18456,1842,1597.0
18457,1568,1619.0
18458,1574,1621.0
18459,1168,1582.4
18460,1567,1574.6
18461,1395,1558.9
18462,1575,1558.0
18463,1554,1557.8
18464,1581,1554.4
18465,1851,1567.5
18466,1570,1540.3
18467,1586,1542.1
18468,1547,1539.4
18469,1665,1589.1
18470,1507,1583.1
18471,1723,1615.9
18472,1513,1609.7
18473,1512,1605.5
18474,1508,1598.2
18475,1568,1569.9
18476,1784,1591.3
18477,1797,1612.4
18478,1793,1637.0
18479,1895,1660.0
18480,1859,1695.2
18481,1774,1700.3
18482,1847,1733.7
18483,1841,1766.6
18484,1847,1800.5
18485,1854,1829.1
18486,1851,1835.8
18487,1617,1817.8
18488,1774,1815.9
18489,1853,1811.7
18490,1846,1810.4
18491,1732,1806.2
18492,1831,1804.6
18493,1819,1802.4
18494,1851,1802.8
18495,1823,1799.7
18496,1680,1782.6
18497,1809,1801.8
18498,1823,1806.7
18499,1869,1808.3
18500,1808,1804.5
18501,1711,1802.4
18502,1796,1798.9
18503,1796,1796.6
18504,1789,1790.4
18505,1831,1791.2
18506,1789,1802.1
18507,1771,1798.3
18508,1783,1794.3
18509,1798,1787.2
18510,1637,1770.1
18511,1672,1766.2
18512,1847,1771.3
18513,1063,1698.0
18514,1688,1687.9
18515,1493,1654.1
18516,1700,1645.2
18517,1564,1624.5
18518,1659,1612.1
18519,1612,1593.5
18520,1559,1585.7
18521,1578,1576.3
18522,1645,1556.1
18523,1636,1613.4
18524,1568,1601.4
18525,1583,1610.4
18526,1574,1597.8
18527,1629,1604.3
18528,1550,1593.4
18529,1625,1594.7
18530,1420,1580.8
18531,1565,1579.5
18532,1605,1575.5
18533,1709,1582.8
18534,1621,1588.1
18535,1609,1590.7
18536,1716,1604.9
18537,1677,1609.7
18538,1891,1643.8
18539,1768,1658.1
18540,1620,1678.1
18541,1606,1682.2
18542,1614,1683.1
18543,1831,1695.3
18544,1614,1694.6
18545,1831,1716.8
18546,1614,1706.6
18547,1831,1722.0
18548,1614,1694.3
18549,1614,1678.9
18550,1673,1684.2
18551,1822,1705.8
18552,1728,1717.2
18553,1646,1698.7
18554,1646,1701.9
18555,1554,1674.2
18556,1533,1666.1
18557,1519,1634.9
18558,1527,1626.2
18559,1344,1599.2
18560,1527,1584.6
18561,1344,1536.8
18562,1533,1517.3
18563,914,1444.1
18564,1535,1433.0
18565,1825,1460.1
18566,1508,1457.6
18567,1510,1456.7
18568,1527,1456.7
18569,1369,1459.2
18570,1522,1458.7
18571,1505,1474.8
18572,1500,1471.5
18573,1565,1536.6
18574,1000,1483.1
18575,1951,1495.7
18576,1951,1540.0
18577,1621,1551.1
18578,1951,1593.5
18579,1951,1651.7
18580,1334,1632.9
18581,1442,1626.6
18582,1411,1617.7
18583,1487,1609.9
18584,1431,1653.0
18585,1448,1602.7
18586,1444,1552.0
18587,1425,1532.4
18588,1454,1482.7
18589,1412,1428.8
18590,1396,1435.0
18591,1283,1419.1
18592,1400,1418.0
18593,1389,1408.2
18594,1353,1400.4
18595,1391,1394.7
18596,1404,1390.7
18597,1422,1390.4
18598,1139,1358.9
18599,1401,1357.8
18600,1371,1355.3
18601,1500,1377.0
18602,1302,1367.2
18603,1954,1423.7
18604,1500,1438.4
18605,1645,1463.8
18606,1542,1477.6
18607,1746,1510.0
18608,1655,1561.6
18609,1667,1588.2
18610,1654,1616.5
18611,1748,1641.3
18612,1671,1678.2
18613,1671,1649.9
18614,1681,1668.0
18615,1731,1676.6
18616,1707,1693.1
18617,1663,1684.8
18618,1705,1689.8
18619,1717,1694.8
18620,1712,1700.6
18621,1730,1698.8
18622,1704,1702.1
18623,1801,1715.1
18624,1714,1718.4
18625,1803,1725.6
18626,1732,1728.1
18627,1719,1733.7
18628,1748,1738.0
18629,1741,1740.4
18630,1264,1695.6
18631,1232,1645.8
18632,1742,1649.6
18633,1747,1644.2
18634,1735,1646.3
18635,1755,1641.5
18636,1757,1644.0
18637,1720,1644.1
18638,1773,1646.6
18639,1717,1644.2
18640,2247,1742.5
18641,1586,1777.9
18642,1306,1734.3
18643,1259,1685.5
18644,1272,1639.2
18645,1278,1591.5
18646,1265,1542.3
18647,1265,1496.8
18648,1265,1446.0
18649,1264,1400.7
18650,1278,1303.8
18651,1282,1273.4
18652,1500,1292.8
18653,1271,1294.0
18654,964,1263.2
18655,1270,1262.4
18656,1277,1263.6
18657,1919,1329.0
18658,2089,1411.4
18659,1794,1464.4
18660,1949,1531.5
18661,1835,1586.8
18662,1803,1617.1
18663,1904,1680.4
18664,1944,1778.4
18665,1922,1843.6
18666,1693,1885.2
18667,1880,1881.3
18668,1853,1857.7
18669,1838,1862.1
18670,1828,1850.0
18671,1828,1849.3
18672,1828,1851.8
18673,1850,1846.4
18674,1942,1846.2
18675,1616,1815.6
18676,1630,1809.3
18677,1415,1762.8
18678,1365,1714.0
18679,1365,1666.7
18680,1796,1663.5
18681,1418,1622.5
18682,1796,1619.3
18683,1405,1574.8
18684,1365,1517.1
18685,1500,1505.5
18686,1205,1463.0
18687,1365,1458.0
18688,1500,1471.5
18689,1500,1485.0
18690,1500,1455.4
18691,1500,1463.6
18692,1500,1434.0
18693,1796,1473.1
18694,1500,1486.6
18695,1381,1474.7
18696,1408,1495.0
18697,1366,1495.1
18698,1242,1469.3
18699,1418,1461.1
18700,1609,1472.0
18701,1207,1442.7
18702,1399,1432.6
18703,1406,1393.6
18704,1397,1383.3
18705,1317,1376.9
18706,1391,1375.2
18707,1314,1370.0
18708,1380,1383.8
18709,1503,1392.3
18710,1794,1410.8
18711,1623,1452.4
18712,1459,1458.4
18713,1373,1455.1
18714,1364,1451.8
18715,1364,1456.5
18716,1374,1454.8
18717,1441,1467.5
18718,1405,1470.0
18719,1424,1462.1
18720,1311,1413.8
18721,1441,1395.6
18722,1978,1447.5
18723,1905,1500.7
18724,2126,1576.9
18725,2159,1656.4
18726,1972,1716.2
18727,2149,1787.0
18728,1904,1836.9
18729,2138,1908.3
18730,1881,1965.3
18731,2153,2036.5
18732,2151,2053.8
18733,2143,2077.6
18734,2137,2078.7
18735,1222,1985.0
18736,1695,1957.3
18737,1568,1899.2
18738,1688,1877.6
18739,1560,1819.8
18740,1714,1803.1
18741,1706,1758.4
18742,1633,1706.6
18743,1586,1650.9
18744,1699,1607.1
18745,1570,1641.9
18746,1680,1640.4
18747,1690,1652.6
18748,1685,1652.3
18749,1715,1667.8
18750,1633,1659.7
18751,1649,1654.0
18752,1612,1651.9
18753,1662,1659.5
18754,1673,1656.9
18755,1668,1666.7
18756,1694,1668.1
18757,1600,1659.1
18758,1699,1660.5
18759,1691,1658.1
18760,1830,1677.8
18761,1601,1673.0
18762,1703,1682.1
18763,1597,1675.6
18764,1716,1679.9
18765,1720,1685.1
18766,1719,1687.6
18767,1710,1698.6
18768,1723,1701.0
18769,1640,1695.9
18770,1648,1677.7
18771,1719,1689.5
18772,1706,1689.8
18773,1675,1697.6
18774,1696,1695.6
18775,1704,1694.0
18776,1699,1692.0
18777,1769,1697.9
18778,1709,1696.5
18779,1720,1704.5
18780,1730,1712.7
18781,1793,1720.1
18782,1871,1736.6
18783,1790,1748.1
18784,1775,1756.0
18785,1741,1759.7
18786,1500,1739.8
18787,1500,1712.9
18788,1858,1727.8
18789,1792,1735.0
18790,1779,1739.9
18791,1703,1730.9
18792,1281,1671.9
18793,1454,1638.3
18794,1440,1604.8
18795,1053,1536.0
18796,1246,1510.6
18797,1362,1496.8
18798,1255,1436.5
18799,1429,1400.2
18800,1429,1365.2
18801,1405,1335.4
18802,1348,1342.1
18803,1417,1338.4
18804,1395,1333.9
18805,1370,1365.6
18806,1152,1356.2
18807,1175,1337.5
18808,1314,1343.4
18809,1271,1327.6
18810,1222,1306.9
18811,1236,1290.0
18812,1187,1273.9
18813,1187,1250.9
18814,1393,1250.7
18815,1195,1233.2
18816,1146,1232.6
18817,1216,1236.7
18818,1159,1221.2
18819,1152,1209.3
18820,1188,1205.9
18821,1177,1200.0
18822,1184,1199.7
18823,1099,1190.9
18824,1182,1169.8
18825,1185,1168.8
18826,1219,1176.1
18827,1195,1174.0
18828,1374,1195.5
18829,1144,1194.7
18830,1150,1190.9
18831,1162,1189.4
18832,1119,1182.9
18833,1302,1203.2
18834,1135,1198.5
18835,1147,1194.7
18836,1190,1191.8
18837,1416,1213.9
18838,1172,1193.7
18839,1162,1195.5
18840,1135,1194.0
18841,1151,1192.9
18842,1368,1217.8
18843,1169,1204.5
18844,1155,1206.5
18845,1113,1203.1
18846,1143,1198.4
18847,1042,1161.0
18848,1142,1158.0
18849,2073,1249.1
18850,2056,1341.2
18851,2055,1431.6
18852,1865,1481.3
18853,2043,1568.7
18854,2168,1670.0
18855,2065,1765.2
18856,1928,1843.7
18857,2038,1943.3
18858,2051,2034.2
18859,1909,2017.8
18860,2075,2019.7
18861,2061,2020.3
18862,1809,2014.7
18863,2046,2015.0
18864,1879,1986.1
18865,2057,1985.3
18866,2042,1996.7
18867,1961,1989.0
18868,1902,1974.1
18869,2022,1985.4
18870,2335,2011.4
18871,2013,2006.6
18872,2016,2027.3
18873,1727,1995.4
18874,2008,2008.3
18875,2109,2013.5
18876,2150,2024.3
18877,2023,2030.5
18878,2023,2042.6
18879,2006,2041.0
18880,2131,2020.6
18881,1650,1984.3
18882,1979,1980.6
18883,1975,2005.4
18884,2097,2014.3
18885,1845,1987.9
18886,1984,1971.3
18887,1954,1964.4
18888,1962,1958.3
18889,1943,1952.0
18890,1966,1935.5
18891,1926,1963.1
18892,1820,1947.2
18893,1941,1943.8
18894,1867,1920.8
18895,1860,1922.3
18896,1937,1917.6
18897,1930,1915.2
18898,1848,1903.8
18899,1815,1891.0
18900,1236,1818.0
18901,1806,1806.0
18902,1679,1791.9
18903,1791,1776.9
18904,1816,1771.8
18905,1758,1761.6
18906,1949,1762.8
18907,1908,1760.6
18908,1726,1748.4
18909,1841,1751.0
18910,1721,1799.5
18911,1737,1792.6
18912,1730,1797.7
18913,1836,1802.2
18914,1639,1784.5
18915,1725,1781.2
18916,1812,1767.5
18917,1757,1752.4
18918,1742,1754.0
18919,1795,1749.4
18920,1771,1754.4
18921,1727,1753.4
18922,1739,1754.3
18923,1787,1749.4
18924,1446,1730.1
18925,1818,1739.4
18926,1737,1731.9
18927,1728,1729.0
18928,1746,1729.4
18929,1903,1740.2
18930,1694,1732.5
18931,1761,1735.9
18932,1770,1739.0
18933,1805,1740.8
18934,1778,1774.0
18935,1735,1765.7
18936,1739,1765.9
18937,1783,1771.4
18938,1859,1782.7
18939,1853,1777.7
18940,1861,1794.4
18941,2081,1826.4
18942,1967,1846.1
18943,1838,1849.4
18944,2072,1878.8
18945,2072,1912.5
18946,1904,1929.0
18947,1857,1936.4
18948,1814,1931.9
18949,2037,1950.3
18950,2064,1970.6
18951,1867,1949.2
18952,2077,1960.2
18953,2085,1984.9
18954,2073,1985.0
18955,1848,1962.6
18956,2070,1979.2
18957,1899,1983.4
18958,2065,2008.5
18959,1976,2002.4
18960,2051,2001.1
18961,1426,1957.0
18962,1466,1895.9
18963,997,1787.1
18964,1515,1731.3
18965,1875,1734.0
18966,1859,1712.9
18967,1862,1709.2
18968,1530,1655.7
18969,1870,1645.1
18970,1691,1609.1
18971,1860,1652.5
18972,1855,1691.4
18973,2068,1798.5
18974,1910,1838.0
18975,2058,1856.3
18976,1693,1839.7
18977,1273,1780.8
18978,2038,1831.6
18979,2034,1848.0
18980,1979,1876.8
18981,2044,1895.2
18982,2014,1911.1
18983,2094,1913.7
18984,1996,1922.3
18985,1994,1915.9
18986,1733,1919.9
18987,2014,1994.0
18988,1535,1943.7
18989,2008,1941.1
18990,1646,1907.8
18991,1913,1894.7
18992,2173,1910.6
18993,2228,1924.0
18994,2078,1932.2
18995,2069,1939.7
18996,2229,1989.3
18997,2233,2011.2
18998,2229,2080.6
18999,2052,2085.0
19000,2164,2136.8
19001,2207,2166.2
19002,2222,2171.1
19003,2364,2184.7
19004,2157,2192.6
19005,2206,2206.3
19006,2214,2204.8
19007,2252,2206.7
19008,2136,2197.4
19009,2277,2219.9
19010,2220,2225.5
19011,2215,2226.3
19012,2064,2210.5
19013,2228,2196.9
19014,2228,2204.0
19015,2103,2193.7
19016,2207,2193.0
19017,2621,2229.9
19018,1829,2199.2
19019,1803,2151.8
19020,1751,2104.9
19021,1807,2064.1
19022,1728,2030.5
19023,1812,1988.9
19024,1397,1905.8
19025,1490,1844.5
19026,1354,1759.2
19027,1503,1647.4
19028,2246,1689.1
19029,1504,1659.2
19030,1507,1634.8
19031,1652,1619.3
19032,1507,1597.2
19033,1482,1564.2
19034,1493,1573.8
19035,1946,1619.4
19036,2057,1689.7
19037,1793,1718.7
19038,1793,1673.4
19039,1783,1701.3
19040,1791,1729.7
19041,1877,1752.2
19042,1935,1795.0
19043,1795,1826.3
19044,1794,1856.4
19045,1803,1842.1
19046,1802,1816.6
19047,1802,1817.5
19048,1722,1810.4
19049,1784,1810.5
19050,1795,1810.9
19051,1500,1773.2
19052,1757,1755.4
19053,1389,1714.8
19054,1678,1703.2
19055,1152,1638.1
19056,1303,1588.2
19057,1278,1535.8
19058,1595,1523.1
19059,1267,1471.4
19060,1332,1425.1
19061,1213,1396.4
19062,1277,1348.4
19063,1047,1314.2
19064,1393,1285.7
19065,1279,1298.4
19066,1268,1294.9
19067,1186,1285.7
19068,1283,1254.5
19069,1290,1256.8
19070,1331,1256.7
19071,1304,1265.8
19072,1305,1268.6
19073,1308,1294.7
19074,1296,1285.0
19075,968,1253.9
19076,1293,1256.4
19077,1500,1287.8
19078,1288,1288.3
19079,1289,1288.2
19080,1431,1298.2
19081,1806,1348.4
19082,1289,1346.8
19083,1431,1359.1
19084,1289,1358.4
19085,1289,1390.5
19086,1806,1441.8
19087,1289,1420.7
19088,1409,1432.8
19089,1280,1431.9
19090,1280,1416.8
19091,1211,1357.3
19092,1281,1356.5
19093,1825,1395.9
19094,1492,1416.2
19095,1419,1429.2
19096,1346,1383.2
19097,1118,1366.1
19098,1126,1337.8
19099,1154,1325.2
19100,1227,1319.9
19101,1507,1349.5
19102,1196,1341.0
19103,1467,1305.2
19104,1226,1278.6
19105,1362,1272.9
19106,1076,1245.9
19107,1346,1268.7
19108,1369,1293.0
19109,1567,1334.3
19110,1445,1356.1
19111,1538,1359.2
19112,1630,1402.6
19113,1834,1439.3
19114,1778,1494.5
19115,1881,1546.4
19116,1963,1635.1
19117,1963,1696.8
19118,1963,1756.2
19119,1963,1795.8
19120,1881,1839.4
19121,1918,1877.4
19122,1903,1904.7
19123,1881,1909.4
19124,1973,1928.9
19125,1881,1928.9
19126,1973,1929.9
19127,1881,1921.7
19128,1973,1922.7
19129,1973,1923.7
19130,1881,1923.7
19131,1973,1929.2
19132,1881,1927.0
19133,1863,1925.2
19134,1839,1911.8
19135,1810,1904.7
19136,1973,1904.7
19137,1810,1897.6
19138,1973,1897.6
19139,1810,1881.3
19140,1973,1890.5
19141,1973,1890.5
19142,1810,1883.4
19143,1973,1894.4
19144,1973,1907.8
19145,1973,1924.1
19146,1810,1907.8
19147,1973,1924.1
19148,1973,1924.1
19149,1973,1940.4
19150,1973,1940.4
19151,1973,1940.4
19152,1973,1956.7
19153,1828,1942.2
19154,1900,1934.9
19155,1808,1918.4
19156,1973,1934.7
19157,1892,1926.6
19158,1884,1917.7
19159,1900,1910.4
19160,1888,1901.9
19161,1881,1892.7
19162,1874,1882.8
19163,1888,1888.8
19164,1904,1889.2
19165,1894,1897.8
19166,1888,1889.3
19167,1902,1890.3
19168,1892,1891.1
19169,1885,1889.6
19170,1877,1888.5
19171,1882,1888.6
19172,1873,1888.5
19173,1866,1886.3
19174,1859,1881.8
19175,1874,1879.8
19176,1865,1877.5
19177,1881,1875.4
19178,1891,1875.3
19179,1905,1877.3
19180,1897,1879.3
19181,1890,1880.1
19182,1903,1883.1
19183,1917,1888.2
19184,1931,1895.4
19185,1926,1900.6
19186,1918,1905.9
19187,1910,1908.8
19188,1903,1910.0
19189,1895,1909.0
19190,1888,1908.1
19191,1903,1909.4
19192,1897,1908.8
19193,1890,1906.1
19194,1905,1903.5
19195,1895,1900.4
19196,1906,1899.2
19197,1917,1899.9
19198,1908,1900.4
19199,1898,1900.7
19200,1909,1902.8
19201,1922,1904.7
19202,1931,1908.1
19203,1922,1911.3
19204,1914,1912.2
19205,1375,1860.2
19206,1384,1808.0
19207,1384,1754.7
19208,1384,1702.3
19209,1377,1650.2
19210,1375,1596.8
19211,1378,1542.4
19212,1261,1475.4
19213,1380,1421.2
19214,1369,1366.7
19215,1290,1358.2
19216,1372,1357.0
19217,1361,1354.7
19218,1217,1338.0
19219,1387,1339.0
19220,1474,1348.9
19221,1377,1348.8
19222,1389,1361.6
19223,1389,1362.5
19224,1849,1410.5
19225,1395,1421.0
19226,1370,1420.8
19227,1360,1420.7
19228,1311,1430.1
19229,1714,1462.8
19230,1354,1450.8
19231,1245,1437.6
19232,1346,1433.3
19233,1336,1428.0
19234,1698,1412.9
19235,1254,1398.8
19236,2454,1507.2
19237,1500,1521.2
19238,1233,1513.4
19239,1902,1532.2
19240,1158,1512.6
19241,1158,1503.9
19242,1158,1485.1
19243,1158,1467.3
19244,1324,1429.9
19245,1158,1420.3
19246,1101,1285.0
19247,1159,1250.9
19248,1166,1244.2
19249,1227,1176.7
19250,1500,1210.9
19251,1157,1210.8
19252,1156,1210.6
19253,984,1193.2
19254,1141,1174.9
19255,1150,1174.1
19256,1127,1176.7
19257,1177,1178.5
19258,1155,1177.4
19259,1087,1163.4
19260,1054,1118.8
19261,1105,1113.6
19262,1056,1103.6
19263,1463,1151.5
19264,1124,1149.8
19265,1572,1192.0
19266,1135,1192.8
19267,1143,1189.4
19268,1398,1213.7
19269,1158,1220.8
19270,1393,1254.7
19271,1172,1261.4
19272,1068,1262.6
19273,1207,1237.0
19274,1208,1245.4
19275,1265,1214.7
19276,1189,1220.1
19277,1174,1223.2
19278,1339,1217.3
19279,1191,1220.6
19280,1351,1216.4
19281,1175,1216.7
19282,1539,1263.8
19283,1171,1260.2
19284,1340,1273.4
19285,1180,1264.9
19286,1563,1302.3
19287,1657,1350.6
19288,1162,1332.9
19289,1163,1330.1
19290,1336,1328.6
19291,1136,1324.7
19292,1383,1309.1
19293,1140,1306.0
19294,1147,1286.7
19295,1137,1282.4
19296,1147,1240.8
19297,1129,1188.0
19298,1443,1216.1
19299,1142,1214.0
19300,1483,1228.7
19301,1281,1243.2
19302,1156,1220.5
19303,1652,1271.7
19304,1761,1333.1
19305,2200,1439.4
19306,1748,1499.5
19307,1677,1554.3
19308,1577,1567.7
19309,1753,1628.8
19310,1726,1653.1
19311,1693,1694.3
19312,1696,1748.3
19313,1732,1756.3
19314,1718,1752.0
19315,1718,1703.8
19316,1742,1703.2
19317,1712,1706.7
19318,1733,1722.3
19319,1731,1720.1
19320,1722,1719.7
19321,1746,1725.0
19322,1794,1734.8
19323,1729,1734.5
19324,1749,1737.6
19325,2119,1777.7
19326,1349,1738.4
19327,846,1651.8
19328,2147,1693.2
19329,2044,1724.5
19330,2192,1771.5
19331,2178,1814.7
19332,1928,1828.1
19333,2203,1875.5
19334,1833,1883.9
19335,1980,1870.0
19336,2147,1949.8
19337,2104,2075.6
19338,2029,2063.8
19339,2120,2071.4
19340,1706,2022.8
19341,1906,1995.6
19342,1833,1986.1
19343,1728,1938.6
19344,1500,1905.3
19345,1757,1883.0
19346,2022,1870.5
19347,1708,1830.9
19348,1608,1788.8
19349,1806,1757.4
19350,1934,1780.2
19351,1787,1768.3
19352,1728,1757.8
19353,2322,1817.2
19354,2045,1871.7
19355,1851,1881.1
19356,1936,1872.5
19357,1957,1897.4
19358,1858,1922.4
19359,2027,1944.5
19360,2094,1960.5
19361,1949,1976.7
19362,2095,2013.4
19363,1964,1977.6
19364,1955,1968.6
19365,2215,2005.0
19366,2203,2031.7
19367,1986,2034.6
19368,2047,2053.5
19369,1702,2021.0
19370,1625,1974.1
19371,1644,1943.6
19372,1725,1906.6
19373,1143,1824.5
19374,1983,1827.3
19375,1840,1789.8
19376,2091,1778.6
19377,1891,1769.1
19378,1827,1747.1
19379,2003,1777.2
19380,2002,1814.9
19381,1986,1849.1
19382,1769,1853.5
19383,2050,1944.2
19384,1904,1936.3
19385,1659,1918.2
19386,1965,1905.6
19387,1962,1912.7
19388,1839,1913.9
19389,1702,1883.8
19390,1974,1881.0
19391,1919,1874.3
19392,1880,1885.4
19393,1481,1828.5
19394,1650,1803.1
19395,1634,1800.6
19396,1477,1751.8
19397,1550,1710.6
19398,1653,1692.0
19399,1128,1634.6
19400,1347,1571.9
19401,1322,1512.2
19402,1814,1505.6
19403,1904,1547.9
19404,1872,1570.1
19405,1817,1588.4
19406,1873,1628.0
19407,1951,1668.1
19408,2062,1709.0
19409,1875,1783.7
19410,2109,1859.9
19411,1893,1917.0
19412,1902,1925.8
19413,1857,1921.1
19414,1905,1924.4
19415,2161,1958.8
19416,1905,1962.0
19417,1891,1956.0
19418,1900,1939.8
19419,1878,1940.1
19420,1738,1903.0
19421,1488,1862.5
19422,1738,1846.1
19423,1726,1833.0
19424,1500,1792.5
19425,1726,1749.0
19426,1646,1723.1
19427,1500,1684.0
19428,1500,1644.0
19429,1715,1627.7
19430,1715,1625.4
19431,1712,1647.8
19432,1712,1645.2
19433,1712,1643.8
19434,1500,1643.8
19435,1430,1614.2
19436,1650,1614.6
19437,1500,1614.6
19438,1410,1605.6
19439,1709,1605.0
19440,1692,1602.7
19441,1692,1600.7
19442,1361,1565.6
19443,1683,1562.7
19444,1667,1579.4
19445,1663,1602.7
19446,1663,1604.0
19447,1487,1602.7
19448,926,1554.3
19449,1852,1568.6
19450,1663,1565.7
19451,1500,1546.5
19452,1653,1575.7
19453,1653,1572.7
19454,1653,1571.3
19455,1653,1570.3
19456,1403,1544.3
19457,1500,1545.6
19458,1645,1617.5
19459,1370,1569.3
19460,1659,1568.9
19461,1211,1540.0
19462,1665,1541.2
19463,1822,1558.1
19464,1754,1568.2
19465,1732,1576.1
19466,1875,1623.3
19467,1731,1646.4
19468,1721,1654.0
19469,1696,1686.6
19470,1722,1692.9
19471,1779,1749.7
19472,1766,1759.8
19473,1751,1752.7
19474,1793,1756.6
19475,1737,1757.1
19476,1762,1745.8
19477,1664,1739.1
19478,1748,1741.8
19479,1651,1737.3
19480,1748,1739.9
19481,1737,1735.7
19482,1802,1739.3
19483,1684,1732.6
19484,1709,1724.2
19485,1731,1723.6
19486,1721,1719.5
19487,1611,1714.2
19488,1724,1711.8
19489,1671,1713.8
19490,1727,1711.7
19491,1705,1708.5
19492,1708,1699.1
19493,1740,1704.7
19494,1719,1705.7
19495,1833,1715.9
19496,1751,1718.9
19497,1698,1727.6
19498,1709,1726.1
19499,1600,1719.0
19500,1739,1720.2
19501,1705,1720.2
19502,1744,1723.8
19503,1715,1721.3
19504,1637,1713.1
19505,1701,1699.9
19506,1643,1689.1
19507,1706,1689.9
19508,1707,1689.7
19509,1705,1700.2
19510,1694,1695.7
19511,2040,1729.2
19512,2017,1756.5
19513,1846,1769.6
19514,2014,1807.3
19515,1879,1825.1
19516,2012,1862.0
19517,2208,1912.2
19518,2024,1943.9
19519,2019,1975.3
19520,2055,2011.4
19521,1997,2007.1
19522,1840,1989.4
19523,2008,2005.6
19524,2018,2006.0
19525,1971,2015.2
19526,2006,2014.6
19527,1999,1993.7
19528,1967,1988.0
19529,1773,1963.4
19530,1979,1955.8
19531,1972,1953.3
19532,1840,1953.3
19533,1792,1931.7
19534,1990,1928.9
19535,2001,1931.9
19536,2019,1933.2
19537,1981,1931.4
19538,1878,1922.5
19539,1987,1943.9
19540,1977,1943.7
19541,1617,1908.2
19542,1471,1871.3
19543,1599,1852.0
19544,1588,1811.8
19545,1520,1763.7
19546,1610,1722.8
19547,1548,1679.5
19548,1527,1644.4
19549,1623,1608.0
19550,1524,1562.7
19551,1626,1563.6
19552,1618,1578.3
19553,1703,1588.7
19554,1494,1579.3
19555,1630,1590.3
19556,1594,1588.7
19557,1460,1579.9
19558,1627,1589.9
19559,1615,1589.1
19560,1636,1600.3
19561,1610,1598.7
19562,1602,1597.1
19563,1624,1589.2
19564,1591,1598.9
19565,1572,1593.1
19566,1561,1589.8
19567,1751,1618.9
19568,1530,1609.2
19569,1922,1639.9
19570,1468,1623.1
19571,1524,1614.5
19572,1511,1605.4
19573,1511,1594.1
19574,1499,1584.9
19575,1474,1575.1
19576,1500,1569.0
19577,1482,1542.1
19578,1310,1520.1
19579,1466,1474.5
19580,1506,1478.3
19581,1514,1477.3
19582,1495,1475.7
19583,1306,1455.2
19584,1479,1453.2
19585,1490,1454.8
19586,1453,1450.1
19587,1516,1453.5
19588,2131,1535.6
19589,2144,1603.4
19590,2046,1657.4
19591,2136,1719.6
19592,2136,1783.7
19593,1931,1846.2
19594,2136,1911.9
19595,1931,1956.0
19596,2136,2024.3
19597,2123,2085.0
19598,2004,2072.3
19599,2108,2068.7
19600,1935,2057.6
19601,2109,2054.9
19602,1902,2031.5
19603,1980,2036.4
19604,2204,2043.2
19605,2097,2059.8
19606,2085,2054.7
19607,2178,2060.2
19608,2104,2070.2
19609,2119,2071.3
19610,1595,2037.3
19611,1334,1959.8
19612,1334,1903.0
19613,2108,1915.8
19614,1738,1869.2
19615,2549,1914.4
19616,1337,1839.6
19617,1337,1755.5
19618,1337,1678.8
19619,1601,1627.0
19620,1347,1602.2
19621,1330,1601.8
19622,1776,1646.0
19623,1721,1607.3
19624,1793,1612.8
19625,1784,1536.3
19626,1812,1583.8
19627,1624,1612.5
19628,1812,1660.0
19629,1791,1679.0
19630,1812,1725.5
19631,1812,1773.7
19632,1816,1777.7
19633,1812,1786.8
19634,1156,1723.1
19635,1757,1720.4
19636,1812,1720.4
19637,1285,1686.5
19638,1812,1686.5
19639,1812,1688.6
19640,1711,1678.5
19641,1625,1659.8
19642,1711,1649.3
19643,1812,1649.3
19644,1812,1714.9
19645,1742,1713.4
19646,1760,1708.2
19647,1812,1760.9
19648,1800,1759.7
19649,1812,1759.7
19650,1812,1769.8
19651,1500,1757.3
19652,1921,1778.3
19653,1812,1778.3
19654,1812,1778.3
19655,1755,1779.6
19656,1500,1753.6
19657,1812,1753.6
19658,1812,1754.8
19659,1695,1743.1
19660,1812,1743.1
19661,1446,1737.7
19662,1862,1731.8
19663,1812,1731.8
19664,1787,1729.3
19665,983,1652.1
19666,994,1601.5
19667,1511,1571.4
19668,1616,1551.8
19669,999,1482.2
19670,999,1400.9
19671,1810,1437.3
19672,999,1351.0
19673,1810,1350.8
19674,999,1272.0
19675,1810,1354.7
19676,999,1355.2
19677,1300,1334.1
19678,1812,1353.7
19679,1424,1396.2
19680,1006,1396.9
19681,1015,1317.4
19682,1349,1352.4
19683,1601,1331.5
19684,1024,1334.0
19685,965,1249.5
19686,1366,1286.2
19687,1164,1272.6
19688,1003,1191.7
19689,1003,1149.6
19690,1003,1149.3
19691,2207,1268.5
19692,2017,1335.3
19693,2088,1384.0
19694,1890,1470.6
19695,2078,1581.9
19696,2077,1653.0
19697,1842,1720.8
19698,2064,1826.9
19699,1818,1908.4
19700,2052,2013.3
19701,1949,1987.5
19702,2060,1991.8
19703,2035,1986.5
19704,2043,2001.8
19705,2050,1999.0
19706,2044,1995.7
19707,1877,1999.2
19708,2044,1997.2
19709,2044,2019.8
19710,2044,2019.0
19711,2037,2027.8
19712,1866,2008.4
19713,2041,2009.0
19714,1979,2002.6
19715,2047,2002.3
19716,2041,2002.0
19717,2035,2017.8
19718,2043,2017.7
19719,2016,2014.9
19720,1967,2007.2
19721,1599,1963.4
19722,1599,1936.7
19723,1612,1893.8
19724,1382,1834.1
19725,1592,1788.6
19726,1586,1743.1
19727,1572,1696.8
19728,1667,1659.2
19729,1500,1607.6
19730,1665,1577.4
19731,1619,1579.4
19732,1814,1600.9
19733,1626,1602.3
19734,1639,1628.0
19735,1733,1642.1
19736,1986,1682.1
19737,1681,1693.0
19738,1521,1678.4
19739,1686,1697.0
19740,1809,1711.4
19741,1713,1720.8
19742,1773,1716.7
19743,1706,1724.7
19744,2076,1768.4
19745,1735,1768.6
19746,1053,1675.3
19747,1010,1608.2
19748,1381,1594.2
19749,966,1522.2
19750,860,1427.3
19751,1314,1387.4
19752,1871,1397.2
19753,2250,1451.6
19754,1820,1426.0
19755,1826,1435.1
19756,1531,1482.9
19757,1826,1564.5
19758,1626,1589.0
19759,1812,1673.6
19760,1716,1759.2
19761,1879,1815.7
19762,1825,1811.1
19763,1832,1769.3
19764,1844,1771.7
19765,1837,1772.8
19766,1861,1805.8
19767,1808,1804.0
19768,1821,1823.5
19769,1818,1824.1
19770,1540,1806.5
19771,1797,1798.3
19772,1879,1803.7
19773,1931,1813.6
19774,1800,1809.2
19775,1802,1805.7
19776,1744,1794.0
19777,1828,1796.0
19778,1293,1743.2
19779,1823,1743.7
19780,1861,1775.8
19781,1802,1776.3
19782,1822,1770.6
19783,2114,1788.9
19784,1771,1786.0
19785,1877,1793.5
19786,1827,1801.8
19787,1803,1799.3
19788,1802,1850.2
19789,1804,1848.3
19790,1810,1843.2
19791,1795,1842.5
19792,1804,1840.7
19793,2020,1831.3
19794,1510,1805.2
19795,1618,1779.3
19796,1572,1753.8
19797,1589,1732.4
19798,1521,1704.3
19799,1710,1694.9
19800,1587,1672.6
19801,1586,1651.7
19802,1638,1635.1
19803,1575,1590.6
19804,1533,1592.9
19805,1627,1593.8
19806,1462,1582.8
19807,1572,1581.1
19808,1612,1590.2
19809,1620,1581.2
19810,1351,1557.6
19811,1671,1566.1
19812,1626,1564.9
19813,1614,1568.8
19814,1610,1576.5
19815,1596,1573.4
19816,1591,1586.3
19817,1618,1590.9
19818,1641,1593.8
19819,1636,1595.4
19820,1636,1623.9
19821,1725,1629.3
19822,1500,1616.7
19823,1500,1605.3
19824,1316,1575.9
19825,1306,1546.9
19826,1500,1537.8
19827,1095,1485.5
19828,1500,1471.4
19829,1500,1457.8
19830,1500,1444.2
19831,1500,1421.7
19832,1500,1421.7
19833,1244,1396.1
19834,1500,1414.5
19835,1500,1433.9
19836,1500,1433.9
19837,1306,1455.0
19838,1017,1406.7
19839,1316,1388.3
19840,1500,1388.3
19841,1039,1342.2
19842,1500,1342.2
19843,1500,1367.8
19844,1500,1367.8
19845,1500,1367.8
19846,1500,1367.8
19847,1500,1387.2
19848,1294,1414.9
19849,1491,1432.4
19850,1500,1432.4
19851,1500,1478.5
19852,1500,1478.5
19853,1249,1453.4
19854,1500,1453.4
19855,1500,1453.4
19856,1500,1453.4
19857,1500,1453.4
19858,1500,1474.0
19859,1500,1474.9
19860,929,1417.8
19861,1500,1417.8
19862,1567,1424.5
19863,1500,1449.6
19864,1500,1449.6
19865,1500,1449.6
19866,1500,1449.6
19867,1612,1460.8
19868,1562,1467.0
19869,1615,1478.5
19870,1605,1546.1
19871,1571,1553.2
19872,2087,1605.2
19873,1564,1611.6
19874,1573,1618.9
19875,2141,1683.0
19876,1718,1704.8
19877,1589,1702.5
19878,1572,1703.5
19879,1377,1679.7
19880,1553,1674.5
19881,1539,1671.3
19882,1789,1641.5
19883,1557,1640.8
19884,1697,1653.2
19885,1554,1594.5
19886,1559,1578.6
19887,1462,1565.9
19888,1561,1564.8
19889,1567,1583.8
19890,1586,1587.1
19891,1439,1577.1
19892,1577,1555.9
19893,1508,1551.0
19894,1568,1538.1
19895,1099,1492.6
19896,1579,1494.6
19897,1569,1505.3
19898,1388,1488.0
19899,1715,1502.8
19900,1561,1500.3
19901,1569,1513.3
19902,1562,1511.8
19903,1456,1506.6
19904,1559,1505.7
19905,1563,1552.1
19906,1480,1542.2
19907,1842,1569.5
19908,1570,1587.7
19909,1563,1572.5
19910,1652,1581.6
19911,1555,1580.2
19912,1558,1579.8
19913,1651,1599.3
19914,1653,1608.7
19915,1729,1625.3
19916,1630,1640.3
19917,1653,1621.4
19918,1645,1628.9
19919,1860,1658.6
19920,1583,1651.7
19921,1651,1661.3
19922,880,1593.5
19923,1619,1590.3
19924,1669,1591.9
19925,1588,1577.8
19926,1670,1581.8
19927,1606,1577.1
19928,1639,1576.5
19929,1626,1553.1
19930,1641,1558.9
19931,1622,1556.0
19932,1653,1633.3
19933,1611,1632.5
19934,1653,1630.9
19935,1644,1636.5
19936,1652,1634.7
19937,1662,1640.3
19938,1667,1643.1
19939,1655,1646.0
19940,1653,1647.2
19941,1547,1639.7
19942,1659,1640.3
19943,1728,1652.0
19944,1804,1667.1
19945,1621,1664.8
19946,1659,1665.5
19947,1543,1653.6
19948,1665,1653.4
19949,1555,1643.4
19950,1646,1642.7
19951,1711,1659.1
19952,1606,1653.8
19953,1656,1646.6
19954,1558,1622.0
19955,1660,1625.9
19956,1664,1626.4
19957,1638,1635.9
19958,1629,1632.3
19959,1623,1639.1
19960,1565,1631.0
19961,2115,1671.4
19962,1891,1699.9
19963,1902,1724.5
19964,1882,1756.9
19965,2006,1791.5
19966,2047,1829.8
19967,1860,1852.0
19968,1916,1880.7
19969,1868,1905.2
19970,1584,1907.1
19971,1928,1888.4
19972,1882,1887.5
19973,1870,1884.3
19974,1958,1891.9
19975,1865,1877.8
19976,1879,1861.0
19977,1834,1858.4
19978,2100,1876.8
19979,1817,1871.7
19980,1978,1911.1
19981,2057,1924.0
19982,1770,1912.8
19983,2048,1930.6
19984,1883,1923.1
19985,1866,1923.2
19986,1999,1935.2
19987,2070,1958.8
19988,1816,1930.4
19989,2058,1954.5
19990,2050,1961.7
19991,2076,1963.6
19992,2056,1992.2
19993,1996,1987.0
19994,2049,2003.6
19995,1798,1996.8
19996,2001,1997.0
19997,1980,1988.0
19998,2010,2007.4
19999,1998,2001.4
20000,1684,1964.8
20001,1989,1956.1
20002,1838,1934.3
20003,1972,1931.9
20004,2283,1955.3
20005,2214,1996.9
20006,2232,2020.0
20007,2264,2048.4
20008,1826,2030.0
20009,2255,2055.7
20010,2007,2088.0
20011,1801,2069.2
20012,2239,2109.3
20013,1471,2059.2
20014,2094,2040.3
20015,2229,2041.8
20016,2162,2034.8
20017,2236,2032.0
20018,2268,2076.2
20019,1787,2029.4
20020,1722,2000.9
20021,1871,2007.9
20022,1876,1971.6
20023,2049,2029.4
20024,1893,2009.3
20025,1713,1957.7
20026,1882,1929.7
20027,1822,1888.3
20028,1842,1845.7
20029,1878,1854.8
20030,1890,1871.6
20031,1876,1872.1
20032,1267,1811.2
20033,1253,1731.6
20034,1267,1669.0
20035,1258,1623.5
20036,1427,1578.0
20037,1247,1520.5
20038,1156,1451.9
20039,1247,1388.8
20040,1550,1354.8
20041,1261,1293.3
20042,1263,1292.9
20043,1759,1343.5
20044,1252,1342.0
20045,1523,1368.5
20046,1246,1350.4
20047,1250,1350.7
20048,1222,1357.3
20049,1252,1357.8
20050,1328,1335.6
20051,1243,1333.8
20052,1237,1331.2
20053,1219,1277.2
20054,1691,1321.1
20055,1233,1292.1
20056,1219,1289.4
20057,1360,1300.4
20058,1235,1301.7
